variable_names,tazinc,tazinc,tazinc
variable_categories,1,2,3
geo,,,
1,0,5,0
2,7,221,40
3,2,41,19
4,3,107,24
5,3,16,6
6,46,483,368
7,3,75,67
8,9,149,148
9,28,525,495
10,22,195,63
11,81,568,379
12,66,522,372
13,60,367,133
14,0,7,3
15,25,316,132
16,11,97,67
17,10,88,62
18,15,217,83
19,9,80,41
20,12,64,45
21,10,85,64
22,6,163,136
23,2,64,100
24,0,58,70
25,0,17,8
26,2,103,119
27,5,164,197
28,3,22,18
29,14,79,96
30,4,9,11
31,63,283,331
32,2,110,127
33,0,3,1
34,1,4,3
35,1,127,203
36,1,16,24
37,1,1,1
38,0,2,3
39,0,1,0
40,2,64,189
41,2,155,159
42,1,8,4
43,14,226,446
44,2,44,27
45,3,44,43
46,2,29,20
47,22,363,232
48,23,270,282
49,20,220,186
50,16,92,12
51,0,0,0
52,0,3,1
53,0,59,99
54,2,23,20
55,5,127,188
56,1,29,41
57,227,1026,148
58,31,143,21
59,14,313,144
60,8,174,227
61,4,32,14
62,1,3,3
63,0,17,12
64,1,5,3
65,3,33,27
66,0,16,19
67,0,298,380
68,4,84,68
69,17,204,168
70,1,14,13
71,0,9,10
72,2,17,6
73,3,11,4
74,4,21,12
75,1,22,6
76,0,0,0
77,22,265,307
78,8,123,129
79,20,341,148
80,2,8,1
81,2,15,6
82,16,138,41
83,3,9,7
84,0,13,13
85,2,17,35
86,1,6,4
87,0,13,9
88,1,1,2
89,9,142,187
90,13,226,282
91,2,8,8
92,14,204,271
93,2,53,69
94,0,23,37
95,0,139,257
96,2,41,44
97,2,44,51
98,0,6,1
99,0,0,1
100,0,0,0
101,0,8,5
102,2,26,19
103,7,58,55
104,4,35,37
105,1,24,27
106,0,7,5
107,16,139,128
108,7,81,80
109,74,333,32
110,15,296,139
111,32,341,133
112,3,32,15
113,3,19,4
114,39,378,153
115,26,540,258
116,118,455,33
117,17,56,5
118,137,462,46
119,79,333,35
120,26,364,218
121,33,627,393
122,26,418,101
123,30,232,57
124,79,407,66
125,39,175,30
126,43,153,19
127,154,681,48
128,103,504,68
129,91,461,190
130,11,161,111
131,12,171,119
132,20,112,73
133,10,86,46
134,4,17,2
135,1,3,1
136,3,14,2
137,7,31,4
138,1,5,4
139,2,12,3
140,2,15,12
141,0,24,19
142,0,6,3
143,0,2,0
144,32,476,40
145,20,271,313
146,2,10,9
147,7,116,135
148,3,19,18
149,3,36,19
150,4,19,10
151,0,27,15
152,1,43,24
153,1,2,1
154,3,52,31
155,0,2,2
156,2,35,17
157,114,765,468
158,31,243,110
159,26,928,252
160,59,454,117
161,60,435,115
162,13,65,17
163,200,641,144
164,121,586,68
165,121,533,90
166,4,8,3
167,78,357,129
168,50,475,219
169,3,24,6
170,140,564,318
171,164,633,40
172,123,646,43
173,4,38,12
174,102,559,187
175,61,403,183
176,23,106,85
177,0,17,15
178,1,12,10
179,2,1,1
180,6,42,36
181,19,113,16
182,0,0,0
183,49,355,112
184,13,92,47
185,1,18,4
186,6,63,11
187,9,64,3
188,57,450,15
189,36,387,143
190,40,306,36
191,0,3,0
192,0,3,1
193,33,330,155
194,38,402,208
195,119,967,316
196,45,287,334
197,36,287,460
198,9,57,103
199,3,24,27
200,0,5,5
201,9,59,57
202,29,163,164
203,10,33,32
204,19,119,105
205,2,58,55
206,2,7,3
207,8,75,116
208,12,87,175
209,16,97,65
210,3,30,62
211,22,245,431
212,2,32,55
213,12,342,125
214,55,424,232
215,4,22,10
216,1,19,8
217,1,19,3
218,4,12,1
219,41,521,56
220,172,1029,76
221,132,434,110
222,55,223,36
223,34,508,212
224,45,245,152
225,73,339,217
226,12,52,27
227,93,587,249
228,7,43,60
229,12,57,106
230,0,36,50
231,1,21,22
232,0,8,17
233,2,9,10
234,0,104,118
235,2,40,59
236,8,305,348
237,54,676,344
238,29,239,223
239,33,437,308
240,57,410,106
241,22,257,218
242,29,362,249
243,0,4,1
244,79,628,156
245,30,295,143
246,0,6,0
247,35,346,44
248,1,2,1
249,0,3,1
250,2,24,28
251,0,0,0
252,1,1,0
253,0,0,0
254,0,0,0
255,19,228,214
256,0,4,7
257,0,5,1
258,2,20,13
259,59,694,461
260,1,2,1
261,0,0,0
262,0,1,1
263,1,4,4
264,3,29,7
265,3,17,12
266,1,2,1
267,1,12,15
268,8,94,79
269,1,15,25
270,0,3,2
271,1,1,1
272,0,5,8
273,0,0,0
274,0,0,0
275,0,23,8
276,9,108,24
277,23,186,42
278,12,215,163
279,14,113,301
280,1,87,405
281,177,1034,222
282,0,0,0
283,20,395,659
284,2,72,110
285,0,4,3
286,0,0,0
287,413,607,33
288,180,526,33
289,8,4,3
290,137,542,1
291,0,1,0
292,0,4,0
293,101,722,455
294,35,184,190
295,46,230,53
296,46,261,62
297,83,420,106
298,0,0,0
299,311,651,12
300,819,935,7
301,347,697,220
302,76,280,259
303,0,1,3
304,0,2,0
305,6,18,19
306,20,97,31
307,92,339,107
308,0,4,3
309,21,30,1
310,131,543,231
311,296,674,133
312,129,436,112
313,54,288,132
314,1,5,1
315,0,4,0
316,40,176,27
317,99,370,150
318,74,285,120
319,120,440,394
320,14,64,81
321,16,227,352
322,4,53,24
323,25,165,79
324,55,482,468
325,1,8,2
326,9,171,94
327,56,265,114
328,58,304,89
329,8,146,85
330,8,188,109
331,2,14,9
332,23,512,385
333,3,6,7
334,7,39,19
335,36,401,379
336,92,425,112
337,44,170,31
338,14,130,81
339,13,70,14
340,13,98,60
341,29,233,230
342,10,132,114
343,14,162,153
344,44,240,220
345,2,30,24
346,23,155,254
347,70,241,129
348,76,294,321
349,43,160,162
350,106,525,201
351,26,331,190
352,179,383,45
353,85,232,3
354,112,269,33
355,380,1161,50
356,0,1,1
357,8,23,16
358,142,574,282
359,45,170,88
360,2,1,1
361,0,1,0
362,3,5,1
363,105,277,30
364,3,6,4
365,93,224,32
366,53,218,177
367,71,250,92
368,19,45,5
369,159,353,38
370,35,221,250
371,36,188,123
372,96,239,30
373,39,49,15
374,17,19,5
375,81,99,25
376,17,15,4
377,22,22,7
378,177,436,197
379,303,650,117
380,38,87,5
381,76,151,5
382,0,2,0
383,8,19,4
384,0,0,0
385,0,0,0
386,0,0,0
387,0,0,0
388,0,3,1
389,0,6,2
390,1,0,0
391,1,4,0
392,2,4,1
393,9,17,2
394,0,2,0
395,346,556,34
396,38,43,16
397,1,3,1
398,40,110,27
399,96,298,90
400,0,6,5
401,108,397,282
402,259,344,6
403,19,21,2
404,0,0,0
405,99,176,8
406,76,237,133
407,103,623,367
408,0,5,4
409,12,186,174
410,9,91,77
411,13,88,105
412,26,153,150
413,102,343,60
414,45,205,52
415,0,5,3
416,0,0,0
417,14,103,19
418,0,0,0
419,2,9,4
420,33,852,737
421,36,599,401
422,7,71,22
423,7,169,40
424,0,3,0
425,1,3,0
426,0,7,7
427,1,62,32
428,42,864,304
429,30,296,122
430,60,712,372
431,24,420,269
432,6,58,18
433,0,49,27
434,0,0,0
435,30,160,86
436,0,0,1
437,1,18,1
438,19,364,353
439,31,405,106
440,4,112,98
441,0,7,2
442,22,391,233
443,74,588,273
444,51,643,176
445,0,13,13
446,4,120,76
447,0,0,0
448,1,55,33
449,5,100,86
450,104,726,167
451,1,13,1
452,175,959,12
453,102,1214,449
454,0,5,0
455,26,161,7
456,10,62,10
457,1,1,0
458,11,249,75
459,9,411,106
460,172,934,132
461,227,1281,180
462,21,430,298
463,53,387,279
464,17,182,81
465,10,51,13
466,14,111,26
467,7,204,53
468,31,435,138
469,70,579,306
470,40,438,146
471,11,260,60
472,159,1124,112
473,13,484,180
474,10,215,77
475,17,378,120
476,10,109,53
477,41,370,157
478,58,288,85
479,79,816,269
480,91,683,154
481,51,514,141
482,144,714,146
483,79,449,158
484,71,649,177
485,40,340,102
486,39,366,58
487,2,38,54
488,0,17,13
489,2,11,14
490,16,340,416
491,7,193,211
492,66,510,360
493,52,486,321
494,6,137,47
495,24,212,250
496,2,67,68
497,33,369,286
498,12,132,245
499,3,39,54
500,1,4,4
501,1,8,6
502,7,70,111
503,9,171,410
504,29,359,447
505,22,466,348
506,90,936,415
507,19,318,137
508,13,246,95
509,20,326,114
510,79,576,89
511,36,496,168
512,23,395,351
513,14,102,252
514,3,101,144
515,55,558,481
516,10,111,123
517,21,263,255
518,11,111,55
519,43,300,327
520,20,160,66
521,17,194,108
522,1,121,54
523,0,4,1
524,6,102,45
525,60,815,343
526,5,21,8
527,15,120,114
528,46,449,210
529,35,262,192
530,74,316,88
531,0,0,0
532,7,65,29
533,40,113,39
534,36,128,42
535,17,60,20
536,75,371,72
537,1,3,3
538,65,213,41
539,106,507,133
540,24,179,59
541,6,79,40
542,6,21,26
543,0,7,9
544,24,184,110
545,0,6,5
546,0,0,0
547,6,38,11
548,21,145,26
549,60,331,52
550,73,471,79
551,61,560,123
552,23,216,76
553,98,767,228
554,34,323,58
555,58,422,91
556,81,580,124
557,107,629,97
558,24,77,13
559,29,168,29
560,28,267,66
561,172,664,108
562,1,8,4
563,6,92,54
564,28,258,146
565,4,34,21
566,10,73,48
567,61,646,145
568,189,608,41
569,2,14,5
570,71,376,97
571,31,155,18
572,42,178,18
573,2,25,8
574,8,36,7
575,40,114,8
576,181,805,46
577,51,304,60
578,87,754,88
579,8,46,8
580,10,44,5
581,165,771,50
582,122,569,92
583,43,316,66
584,78,334,74
585,68,378,103
586,1,4,2
587,78,435,69
588,98,519,84
589,45,255,40
590,69,355,98
591,27,156,29
592,47,203,94
593,99,417,12
594,61,460,137
595,4,34,25
596,53,463,240
597,69,391,129
598,68,312,114
599,51,383,116
600,208,984,162
601,147,704,108
602,186,1137,130
603,96,480,108
604,2,10,1
605,23,255,174
606,22,449,279
607,28,306,77
608,36,231,115
609,92,390,226
610,99,588,160
611,47,287,70
612,47,347,62
613,100,507,90
614,135,613,68
615,165,613,50
616,227,752,54
617,98,506,22
618,80,337,37
619,66,300,88
620,35,249,28
621,171,1029,143
622,43,278,156
623,33,186,91
624,0,2,0
625,0,16,3
626,5,18,11
627,101,411,138
628,74,369,110
629,2,22,6
630,10,31,4
631,17,143,23
632,20,100,28
633,253,514,73
634,138,574,70
635,65,348,11
636,57,359,28
637,46,523,61
638,113,607,74
639,170,404,67
640,55,430,93
641,47,297,52
642,31,224,63
643,182,732,77
644,12,39,2
645,68,346,200
646,29,233,55
647,29,200,72
648,33,307,106
649,13,156,62
650,54,316,93
651,51,271,58
652,118,427,38
653,46,321,50
654,65,432,69
655,103,504,89
656,29,266,120
657,74,470,99
658,32,410,116
659,122,738,152
660,0,22,5
661,12,59,16
662,175,1497,145
663,128,627,85
664,199,524,174
665,123,925,223
666,46,389,53
667,114,453,72
668,45,288,105
669,59,255,118
670,59,490,119
671,10,347,209
672,144,1013,187
673,51,392,129
674,38,487,85
675,48,484,109
676,50,574,214
677,167,821,351
678,5,34,17
679,55,377,140
680,22,257,196
681,8,362,152
682,14,338,113
683,31,341,228
684,16,277,35
685,26,247,129
686,156,1079,45
687,116,1188,169
688,24,170,18
689,69,305,86
690,53,307,58
691,8,54,10
692,73,470,330
693,69,730,395
694,5,23,10
695,276,2023,170
696,20,85,2
697,45,248,100
698,42,224,50
699,17,41,8
700,125,494,79
701,44,588,173
702,53,594,185
703,96,845,180
704,9,63,6
705,171,1224,133
706,34,304,211
707,39,390,207
708,0,5,5
709,0,2,0
710,27,477,200
711,78,494,178
712,64,523,242
713,12,367,141
714,72,725,461
715,16,338,174
716,28,355,525
717,33,398,275
718,3,524,786
719,1,63,130
720,1,7,12
721,1,3,2
722,1,39,68
723,18,187,246
724,10,119,229
725,52,208,130
726,82,1315,231
727,1,3,0
728,0,2,0
729,7,75,78
730,15,171,157
731,44,308,229
732,105,261,167
733,30,281,408
734,167,934,70
735,4,10,2
736,0,1,1
737,0,3,1
738,6,26,19
739,47,408,730
740,24,227,268
741,9,105,146
742,8,104,158
743,45,110,64
744,17,354,273
745,51,456,228
746,56,419,446
747,12,76,72
748,29,328,249
749,5,20,22
750,26,186,86
751,25,237,165
752,74,422,244
753,53,346,283
754,32,193,302
755,31,268,237
756,60,613,378
757,51,397,342
758,38,424,387
759,33,359,340
760,4,44,51
761,23,536,895
762,9,152,107
763,40,227,217
764,13,197,140
765,9,61,100
766,24,267,643
767,23,345,790
768,0,2,0
769,27,372,300
770,12,190,113
771,12,105,82
772,47,610,511
773,38,340,254
774,75,759,542
775,15,151,140
776,9,54,45
777,25,207,272
778,51,614,69
779,0,0,0
780,3,34,20
781,6,49,30
782,59,339,134
783,0,6,0
784,3,41,17
785,89,602,119
786,14,191,103
787,44,357,77
788,64,659,238
789,26,360,115
790,55,860,308
791,31,853,269
792,0,1,1
793,5,12,8
794,0,0,0
795,15,672,509
796,8,345,295
797,11,322,321
798,45,450,123
799,67,859,674
800,16,317,200
801,3,158,171
802,92,613,187
803,0,0,0
804,30,492,200
805,85,552,729
806,19,256,277
807,14,234,373
808,9,101,110
809,0,0,0
810,13,130,139
811,0,3,3
812,3,444,579
813,25,409,145
814,31,512,185
815,2,32,45
816,41,464,214
817,0,0,0
818,0,3,0
819,8,120,102
820,19,356,237
821,35,142,28
822,33,510,459
823,6,79,99
824,71,308,75
825,30,234,132
826,28,229,93
827,13,328,166
828,31,533,139
829,36,702,397
830,61,812,446
831,52,469,175
832,12,230,216
833,48,413,356
834,58,842,518
835,18,281,418
836,24,319,448
837,28,406,308
838,81,672,221
839,84,677,96
840,38,310,190
841,46,266,142
842,2,144,93
843,0,5,5
844,0,2,1
845,0,13,10
846,16,222,231
847,6,65,69
848,11,180,171
849,5,68,80
850,4,64,62
851,1,34,38
852,0,0,0
853,0,58,101
854,0,112,225
855,0,12,10
856,4,50,36
857,2,6,4
858,1,9,9
859,1,12,14
860,4,112,111
861,5,260,279
862,2,62,65
863,2,92,95
864,0,0,0
865,1,6,1
866,16,108,116
867,36,335,291
868,85,838,291
869,0,2,0
870,0,2,0
871,102,1028,122
872,0,106,190
873,0,3,0
874,1,1,6
875,0,34,48
876,5,57,71
877,2,18,25
878,3,38,41
879,2,30,30
880,5,83,70
881,1,95,108
882,5,59,75
883,3,53,64
884,5,41,49
885,0,0,0
886,2,42,48
887,2,55,61
888,10,164,193
889,1,22,18
890,0,62,39
891,0,30,21
892,2,38,43
893,2,81,77
894,4,191,193
895,9,321,347
896,3,195,183
897,1,66,74
898,1,4,3
899,0,4,4
900,1,185,209
901,31,459,619
902,100,560,105
903,3,106,210
904,33,342,552
905,14,502,276
906,27,665,434
907,16,484,380
908,7,268,221
909,0,54,41
910,13,62,4
911,22,110,6
912,21,134,52
913,25,181,65
914,109,421,27
915,61,496,60
916,1,201,170
917,2,144,65
918,3,254,104
919,15,443,181
920,5,94,46
921,7,119,76
922,171,757,148
923,64,665,81
924,32,542,133
925,10,82,15
926,53,401,69
927,48,333,53
928,6,396,84
929,23,455,255
930,21,321,132
931,5,103,51
932,0,0,1
933,8,75,62
934,24,214,196
935,10,88,85
936,5,63,53
937,6,62,49
938,0,91,50
939,0,65,36
940,0,0,0
941,0,37,21
942,0,39,23
943,1,32,7
944,2,127,71
945,1,85,40
946,0,8,7
947,0,23,12
948,1,80,50
949,10,289,163
950,0,22,8
951,0,220,134
952,1,81,40
953,1,9,2
954,3,57,63
955,2,40,43
956,2,22,32
957,3,28,26
958,6,102,114
959,5,82,100
960,0,8,8
961,1,3,1
962,2,12,17
963,8,62,60
964,5,39,39
965,3,20,16
966,0,3,2
967,1,5,9
968,8,104,85
969,21,229,227
970,0,0,0
971,3,3,0
972,12,309,215
973,14,390,285
974,2,312,262
975,35,704,302
976,12,211,98
977,5,98,42
978,49,896,398
979,6,139,64
980,52,1302,502
981,4,109,48
982,6,66,35
983,1,47,24
984,3,62,26
985,0,22,12
986,30,603,255
987,28,574,248
988,11,262,123
989,5,149,93
990,17,136,120
991,1,23,26
992,3,44,37
993,6,125,72
994,47,297,240
995,4,67,31
996,20,305,126
997,60,462,135
998,7,52,25
999,93,934,176
1000,11,66,55
1001,0,4,4
1002,2,23,18
1003,9,53,50
1004,0,0,0
1005,0,1,1
1006,15,66,50
1007,0,4,2
1008,0,10,0
1009,1,2,1
1010,77,881,175
1011,14,398,208
1012,55,792,267
1013,58,808,337
1014,66,906,374
1015,23,1130,465
1016,1,82,25
1017,1,10,2
1018,1,43,11
1019,4,167,138
1020,41,645,532
1021,24,794,217
1022,22,434,137
1023,56,896,312
1024,129,657,167
1025,82,847,279
1026,452,1298,91
1027,71,221,11
1028,34,116,4
1029,120,905,69
1030,164,1100,100
1031,42,242,32
1032,54,334,35
1033,130,1025,224
1034,25,270,63
1035,40,721,187
1036,17,346,108
1037,13,207,170
1038,14,201,163
1039,0,3,3
1040,16,314,256
1041,44,545,234
1042,42,488,190
1043,0,9,1
1044,23,139,31
1045,75,500,34
1046,161,406,75
1047,15,192,105
1048,147,536,238
1049,51,695,412
1050,10,368,296
1051,13,316,266
1052,3,157,120
1053,10,335,261
1054,26,325,263
1055,102,236,10
1056,89,496,74
1057,87,397,21
1058,70,736,134
1059,68,480,41
1060,89,645,145
1061,104,685,25
1062,147,926,46
1063,149,722,41
1064,99,475,42
1065,102,494,2
1066,67,943,297
1067,84,489,98
1068,34,538,697
1069,94,725,168
1070,0,2,0
1071,0,5,0
1072,41,713,210
1073,108,589,57
1074,244,982,54
1075,33,100,11
1076,219,797,27
1077,13,158,30
1078,174,844,88
1079,116,368,44
1080,154,479,2
1081,15,45,5
1082,21,205,25
1083,49,527,87
1084,35,354,32
1085,38,152,14
1086,197,590,76
1087,98,642,83
1088,26,482,152
1089,54,459,20
1090,179,776,88
1091,43,503,96
1092,90,529,80
1093,201,855,48
1094,63,395,79
1095,49,213,18
1096,0,4,0
1097,20,253,69
1098,67,879,116
1099,63,538,155
1100,26,379,41
1101,79,562,38
1102,0,0,1
1103,19,452,50
1104,27,329,34
1105,76,1072,152
1106,9,172,150
1107,12,347,163
1108,1,88,18
1109,130,417,1
1110,162,590,45
1111,59,625,47
1112,62,590,53
1113,88,690,28
1114,52,475,33
1115,70,845,47
1116,76,634,51
1117,86,603,64
1118,109,494,32
1119,0,5,0
1120,0,0,0
1121,53,248,118
1122,183,1203,28
1123,101,683,75
1124,8,44,3
1125,78,237,16
1126,0,8,1
1127,6,10,1
1128,245,1064,115
1129,49,700,133
1130,134,473,33
1131,172,531,29
1132,121,340,13
1133,156,879,46
1134,75,556,72
1135,0,1,0
1136,0,3,1
1137,5,11,1
1138,19,47,3
1139,0,5,5
1140,16,42,3
1141,8,28,3
1142,5,14,1
1143,6,9,1
1144,23,40,4
1145,4,19,2
1146,2,16,1
1147,3,7,2
1148,45,326,68
1149,88,667,170
1150,23,89,9
1151,52,182,16
1152,105,287,5
1153,148,423,25
1154,340,1207,133
1155,46,696,197
1156,73,305,67
1157,44,166,39
1158,72,266,21
1159,44,167,13
1160,1,28,2
1161,103,838,54
1162,30,99,18
1163,126,317,52
1164,4,15,4
1165,107,560,118
1166,2,23,1
1167,3,16,3
1168,0,3,1
1169,61,229,4
1170,72,448,83
1171,0,7,1
1172,0,23,3
1173,30,87,10
1174,44,279,51
1175,0,8,1
1176,216,927,56
1177,73,430,17
1178,124,918,146
1179,121,704,113
1180,34,183,12
1181,54,271,3
1182,39,248,9
1183,55,353,25
1184,5,40,3
1185,1,2,0
1186,24,103,7
1187,314,1059,50
1188,143,301,0
1189,0,0,0
1190,76,110,2
1191,47,82,3
1192,43,71,1
1193,2,2,1
1194,0,7,1
1195,2,5,0
1196,1,3,0
1197,0,6,1
1198,41,267,81
1199,0,0,0
1200,0,0,0
1201,4,13,1
1202,2,11,2
1203,1,0,0
1204,9,39,1
1205,0,3,1
1206,26,86,1
1207,1,10,0
1208,1,15,0
1209,1,8,1
1210,0,0,0
1211,2,3,0
1212,2,5,1
1213,21,171,36
1214,72,446,62
1215,112,672,164
1216,186,663,44
1217,146,838,49
1218,0,0,0
1219,0,0,0
1220,2,5,0
1221,5,26,3
1222,259,855,17
1223,166,783,36
1224,272,780,80
1225,686,985,18
1226,0,0,0
1227,71,263,1
1228,18,55,3
1229,238,699,2
1230,90,736,62
1231,119,338,7
1232,137,526,13
1233,0,0,0
1234,0,0,0
1235,0,0,0
1236,0,0,0
1237,0,0,0
1238,0,0,0
1239,0,0,0
1240,0,0,0
1241,0,0,0
1242,0,0,0
1243,0,0,0
1244,205,1717,393
1245,0,0,0
1246,0,0,0
1247,0,0,0
1248,0,0,0
1249,0,0,0
1250,0,0,0
1251,1,8,1
1252,1,27,1
1253,0,0,0
1254,0,0,0
1255,0,191,1
1256,6,242,14
1257,8,133,7
1258,0,58,1
1259,1,34,0
1260,2,31,1
1261,0,0,0
1262,0,15,0
1263,0,0,0
1264,2,85,0
1265,5,344,3
1266,1,2,1
1267,0,0,0
1268,1,77,1
1269,0,0,0
1270,2,21,0
1271,0,0,0
1272,0,16,1
1273,69,804,63
1274,46,834,179
1275,0,1,0
1276,0,0,0
1277,0,0,0
1278,1,2,1
1279,73,324,98
1280,2,14,6
1281,112,507,124
1282,0,0,0
1283,57,240,34
1284,131,462,118
1285,99,503,91
1286,7,53,7
1287,122,172,5
1288,78,360,72
1289,80,484,136
1290,57,249,112
1291,104,422,115
1292,62,261,111
1293,129,604,146
1294,110,499,158
1295,79,480,165
1296,243,880,248
1297,64,287,56
1298,128,402,83
1299,221,886,227
1300,270,947,307
1301,220,931,369
1302,147,815,375
1303,51,355,141
1304,83,377,178
1305,0,0,0
1306,216,638,295
1307,15,27,6
1308,54,224,74
1309,56,252,74
1310,243,578,166
1311,55,317,143
1312,46,233,129
1313,111,352,113
1314,0,1,0
1315,60,128,33
1316,221,909,414
1317,1,2,0
1318,1,2,1
1319,123,406,62
1320,9,24,6
1321,7,21,1
1322,82,203,26
1323,3,7,3
1324,148,556,92
1325,0,1,1
1326,22,143,32
1327,96,309,42
1328,25,60,5
1329,14,40,1
1330,5,3,1
1331,69,199,36
1332,50,97,23
1333,0,2,0
1334,2,1,1
1335,17,35,14
1336,56,307,72
1337,98,382,72
1338,10,43,8
1339,48,178,34
1340,106,321,69
1341,188,449,95
1342,268,729,156
1343,45,184,43
1344,32,150,35
1345,14,75,44
1346,43,256,124
1347,43,133,33
1348,86,246,30
1349,108,207,49
1350,61,150,27
1351,252,815,189
1352,138,475,125
1353,134,410,123
1354,0,0,0
1355,118,553,172
1356,31,79,13
1357,179,481,135
1358,182,233,45
1359,69,101,24
1360,49,119,22
1361,33,79,23
1362,107,244,50
1363,53,171,42
1364,29,80,10
1365,129,463,158
1366,3,5,3
1367,102,447,176
1368,102,372,58
1369,159,232,38
1370,66,111,20
1371,286,556,70
1372,182,678,177
1373,1,2,5
1374,0,2,2
1375,0,0,0
1376,0,0,0
1377,1,3,0
1378,0,4,0
1379,0,0,0
1380,50,170,32
1381,4,16,4
1382,2,7,1
1383,1,11,5
1384,113,457,66
1385,215,554,54
1386,271,540,41
1387,52,204,33
1388,234,788,289
1389,147,551,192
1390,159,588,151
1391,42,235,154
1392,79,320,225
1393,86,413,242
1394,79,336,215
1395,57,286,199
1396,98,420,231
1397,22,159,108
1398,23,147,101
1399,0,0,0
1400,0,0,0
1401,28,205,219
1402,1,8,6
1403,0,5,10
1404,0,0,1
1405,0,3,0
1406,133,726,81
1407,91,776,76
1408,136,1105,189
1409,79,821,60
1410,27,256,27
1411,0,0,0
1412,3,18,2
1413,7,266,64
1414,44,400,257
1415,51,877,214
1416,29,727,96
1417,31,507,141
1418,122,520,32
1419,48,611,101
1420,0,2,0
1421,0,0,0
1422,1,6,1
1423,75,642,46
1424,114,936,124
1425,148,679,58
1426,267,919,85
1427,223,1326,182
1428,0,0,1
1429,4,15,15
1430,1,15,35
1431,0,0,0
1432,1,2,2
1433,0,1,2
1434,19,126,116
1435,22,133,84
1436,0,0,0
1437,0,1,4
1438,0,4,0
1439,0,4,0
1440,1,4,6
1441,7,43,43
1442,20,125,116
1443,136,803,707
1444,13,112,66
1445,7,63,51
1446,12,52,45
1447,103,270,55
1448,64,160,12
1449,149,648,109
1450,0,0,0
1451,21,27,1
1452,34,49,4
1453,143,256,30
1454,368,508,86
1455,77,216,24
1456,159,318,31
1457,11,10,0
1458,0,0,0
1459,3,5,2
1460,1,7,0
1461,272,270,2
1462,2,5,0
1463,385,747,116
1464,246,855,104
1465,200,715,117
1466,358,1146,92
1467,160,665,93
1468,155,601,72
1469,20,90,5
1470,0,0,0
1471,6,24,3
1472,46,165,51
1473,253,1023,135
1474,180,574,143
1475,34,91,4
1476,89,185,10
1477,191,455,69
1478,177,736,87
1479,138,601,71
1480,270,1062,88
1481,234,868,84
1482,143,592,89
1483,93,480,72
1484,19,85,10
1485,20,31,3
1486,53,134,8
1487,146,393,29
1488,87,506,64
1489,118,541,92
1490,250,677,71
1491,131,634,45
1492,250,605,68
1493,426,876,79
1494,233,429,23
1495,355,929,137
1496,176,575,86
1497,174,555,132
1498,266,843,243
1499,138,750,230
1500,468,1638,236
1501,849,1873,108
1502,454,1077,117
1503,438,1524,153
1504,68,331,220
1505,97,422,225
1506,112,514,517
1507,103,360,256
1508,9,18,12
1509,1,2,2
1510,58,263,200
1511,92,429,259
1512,35,220,54
1513,95,492,181
1514,48,212,61
1515,50,185,60
1516,5,15,4
1517,174,553,150
1518,375,1319,137
1519,629,2204,229
1520,0,3,2
1521,1,2,1
1522,364,861,330
1523,191,755,195
1524,155,461,132
1525,555,1643,254
1526,41,281,136
1527,98,527,197
1528,85,470,265
1529,150,623,278
1530,536,1115,38
1531,76,281,210
1532,40,289,128
1533,96,475,279
1534,53,313,177
1535,48,199,180
1536,0,0,0
1537,59,174,159
1538,46,396,252
1539,63,425,303
1540,48,250,207
1541,41,241,194
1542,35,148,127
1543,19,152,139
1544,109,567,303
1545,25,192,230
1546,132,690,27
1547,49,261,24
1548,469,1154,212
1549,754,2009,56
1550,336,1268,114
1551,308,566,21
1552,1,6,0
1553,298,754,277
1554,39,218,74
1555,14,72,41
1556,150,523,89
1557,104,561,112
1558,87,279,30
1559,153,741,157
1560,585,2759,441
1561,1,1,1
1562,236,998,32
1563,137,704,50
1564,241,880,40
1565,174,598,52
1566,234,872,37
1567,4,9,1
1568,16,61,7
1569,88,407,28
1570,153,567,24
1571,164,815,105
1572,109,764,75
1573,144,518,31
1574,68,728,129
1575,159,908,123
1576,87,413,31
1577,5,53,10
1578,1,7,0
1579,41,186,45
1580,78,547,98
1581,57,416,112
1582,103,613,179
1583,145,786,257
1584,96,595,134
1585,28,243,134
1586,267,997,122
1587,212,749,91
1588,15,260,154
1589,11,174,39
1590,0,15,3
1591,323,1565,544
1592,11,178,36
1593,23,345,94
1594,177,1007,365
1595,36,202,44
1596,89,932,396
1597,0,0,0
1598,270,2260,355
1599,42,292,77
1600,60,352,69
1601,132,561,233
1602,76,464,254
1603,38,191,122
1604,48,280,251
1605,4,17,24
1606,16,103,72
1607,17,109,107
1608,0,0,0
1609,88,587,320
1610,114,645,385
1611,107,410,103
1612,7,12,0
1613,18,66,10
1614,59,339,128
1615,82,484,103
1616,140,646,277
1617,83,462,160
1618,39,265,124
1619,129,787,641
1620,78,304,232
1621,44,203,129
1622,46,303,110
1623,69,376,244
1624,27,225,121
1625,26,157,66
1626,155,516,92
1627,236,510,120
1628,249,270,1
1629,79,420,266
1630,202,671,395
1631,280,611,61
1632,139,652,222
1633,51,289,106
1634,64,311,138
1635,12,53,9
1636,12,81,23
1637,24,78,14
1638,109,366,55
1639,80,374,91
1640,23,186,72
1641,53,380,135
1642,89,577,327
1643,25,197,127
1644,182,469,45
1645,251,763,80
1646,82,433,133
1647,26,206,62
1648,38,238,120
1649,81,479,147
1650,102,676,169
1651,179,689,50
1652,268,463,38
1653,16,50,4
1654,39,135,16
1655,91,349,47
1656,541,1438,155
1657,339,681,91
1658,2,12,4
1659,97,518,212
1660,65,355,55
1661,65,446,133
1662,32,236,54
1663,21,120,39
1664,119,616,166
1665,60,487,268
1666,290,1110,66
1667,29,294,163
1668,139,442,9
1669,77,285,59
1670,295,1220,507
1671,209,473,13
1672,287,1072,205
1673,1,2,1
1674,591,1592,38
1675,22,108,53
1676,75,430,233
1677,48,387,286
1678,32,193,104
1679,20,128,60
1680,131,787,120
1681,104,796,87
1682,84,475,192
1683,41,198,251
1684,281,1111,63
1685,51,464,19
1686,78,846,134
1687,0,0,0
1688,0,3,0
1689,24,238,123
1690,20,161,71
1691,45,415,110
1692,1,4,0
1693,24,263,38
1694,78,433,206
1695,2,9,4
1696,0,2,1
1697,1,14,3
1698,2,16,3
1699,0,6,1
1700,1,14,3
1701,1,14,3
1702,1,5,2
1703,0,0,0
1704,0,4,2
1705,0,13,3
1706,1,7,1
1707,0,4,4
1708,2,15,7
1709,2,10,8
1710,3,16,5
1711,0,3,1
1712,4,22,12
1713,0,1,0
1714,0,7,5
1715,1,6,3
1716,4,9,5
1717,0,1,0
1718,9,25,11
1719,19,49,26
1720,7,7,4
1721,24,40,24
1722,5,16,9
1723,9,18,8
1724,22,44,21
1725,26,39,23
1726,18,13,6
1727,8,29,6
1728,21,23,6
1729,15,26,3
1730,11,21,3
1731,14,24,3
1732,10,9,1
1733,8,18,14
1734,3,20,8
1735,1,2,0
1736,6,24,15
1737,8,11,5
1738,40,184,136
1739,51,159,139
1740,66,340,245
1741,28,40,7
1742,6,18,6
1743,7,15,8
1744,12,20,7
1745,6,16,9
1746,0,0,0
1747,0,0,0
1748,4,7,4
1749,27,19,4
1750,4,9,2
1751,0,0,1
1752,32,42,23
1753,8,11,9
1754,11,20,14
1755,16,22,13
1756,17,20,11
1757,6,8,5
1758,5,17,5
1759,0,0,0
1760,8,22,7
1761,6,7,7
1762,1,0,1
1763,4,0,0
1764,6,10,4
1765,2,4,2
1766,3,3,1
1767,1,1,0
1768,14,38,11
1769,11,45,10
1770,3,24,6
1771,8,20,6
1772,16,39,10
1773,70,133,59
1774,300,616,75
1775,8,14,3
1776,15,30,6
1777,5,27,7
1778,26,37,5
1779,5,15,2
1780,10,28,2
1781,0,3,1
1782,3,7,0
1783,17,36,3
1784,0,2,1
1785,1,0,0
1786,0,2,0
1787,5,7,3
1788,0,0,0
1789,0,0,0
1790,1,3,0
1791,10,20,5
1792,2,3,2
1793,28,51,16
1794,16,39,11
1795,9,23,11
1796,18,61,19
1797,1,7,3
1798,0,2,0
1799,6,11,2
1800,4,19,3
1801,17,34,8
1802,16,48,15
1803,15,52,12
1804,2,14,8
1805,1,16,22
1806,1,14,20
1807,3,21,23
1808,1,9,16
1809,2,14,22
1810,20,54,24
1811,0,0,0
1812,4,21,16
1813,2,26,42
1814,2,23,41
1815,7,35,24
1816,2,25,42
1817,2,30,43
1818,1,8,7
1819,1,56,67
1820,2,11,20
1821,1,8,2
1822,0,0,0
1823,6,13,9
1824,4,8,1
1825,0,1,0
1826,1,5,0
1827,0,13,3
1828,0,0,2
1829,6,13,5
1830,10,22,17
1831,131,364,14
1832,27,57,3
1833,71,163,78
1834,75,123,81
1835,445,1327,158
1836,251,745,91
1837,105,173,113
1838,0,0,0
1839,0,0,0
1840,24,24,4
1841,43,49,6
1842,1,4,0
1843,1,4,0
1844,38,52,6
1845,0,0,0
1846,0,0,0
1847,0,8,11
1848,0,0,0
1849,0,0,0
1850,0,0,0
1851,0,4,1
1852,0,0,0
1853,4,2,0
1854,0,0,0
1855,0,0,0
1856,0,0,0
1857,0,0,0
1858,0,0,0
1859,0,0,0
1860,0,9,0
1861,0,0,0
1862,3,17,0
1863,18,68,1
1864,7,20,2
1865,78,315,12
1866,0,0,0
1867,0,0,0
1868,205,521,95
1869,456,1720,92
1870,6,74,29
1871,36,611,322
1872,275,1154,347
1873,381,988,57
1874,11,382,27
1875,235,960,51
1876,225,904,56
1877,213,540,2
1878,165,796,52
1879,64,604,33
1880,500,1847,123
1881,8,108,97
1882,0,0,0
1883,84,257,1
1884,118,183,1
1885,397,711,1
1886,465,1356,130
1887,66,198,16
1888,216,808,56
1889,110,671,57
1890,30,429,17
1891,74,484,21
1892,90,391,57
1893,151,595,2
1894,109,495,16
1895,53,329,82
1896,0,0,0
1897,188,628,30
1898,103,423,120
1899,225,623,34
1900,88,331,14
1901,268,1165,53
1902,97,1006,133
1903,61,234,16
1904,9,21,0
1905,124,702,1
1906,78,354,79
1907,87,440,94
1908,65,354,3
1909,470,881,76
1910,47,365,16
1911,51,457,64
1912,4,15,1
1913,70,289,34
1914,52,344,18
1915,95,456,69
1916,0,4,0
1917,165,772,2
1918,21,109,1
1919,88,379,34
1920,0,3,1
1921,0,0,0
1922,77,364,45
1923,234,994,56
1924,16,286,73
1925,45,583,21
1926,152,729,156
1927,113,643,93
1928,233,954,4
1929,0,2,0
1930,7,42,12
1931,0,0,0
1932,26,247,76
1933,270,1107,48
1934,2,19,5
1935,208,1017,1
1936,3,11,0
1937,0,64,20
1938,3,61,23
1939,2,13,2
1940,0,0,0
1941,23,175,19
1942,43,324,41
1943,0,0,0
1944,0,0,0
1945,2,35,21
1946,5,106,60
1947,0,0,0
1948,115,898,127
1949,0,0,0
1950,0,2,0
1951,20,155,38
1952,2,32,15
1953,25,361,251
1954,66,766,337
1955,27,294,141
1956,84,738,184
1957,48,331,93
1958,6,138,82
1959,23,264,108
1960,0,0,0
1961,0,0,0
1962,2,28,18
1963,3,92,50
1964,6,117,62
1965,2,27,15
1966,2,32,11
1967,4,41,16
1968,1,5,0
1969,0,1,0
1970,6,70,8
1971,0,0,0
1972,12,109,18
1973,20,239,81
1974,23,231,31
1975,0,0,0
1976,0,0,0
1977,35,242,53
1978,36,299,25
1979,16,164,155
1980,11,306,331
1981,13,158,74
1982,7,77,60
1983,0,0,0
1984,1,7,11
1985,0,0,0
1986,1,4,4
1987,0,0,0
1988,8,80,100
1989,18,178,164
1990,0,0,0
1991,56,554,106
1992,3,56,33
1993,10,125,81
1994,0,7,2
1995,0,0,0
1996,0,0,0
1997,0,0,0
1998,2,21,24
1999,2,8,10
2000,0,8,17
2001,0,0,0
2002,0,0,0
2003,2,33,27
2004,0,0,0
2005,24,145,132
2006,1,2,7
2007,8,74,86
2008,4,25,21
2009,11,54,33
2010,21,80,65
2011,4,20,19
2012,6,33,25
2013,1,14,33
2014,0,0,0
2015,3,53,84
2016,2,34,62
2017,0,0,0
2018,41,749,247
2019,69,1028,292
2020,77,1239,181
2021,17,239,63
2022,12,364,298
2023,11,339,201
2024,44,287,209
2025,114,481,135
2026,48,496,85
2027,83,543,81
2028,83,708,203
2029,67,496,129
2030,49,972,421
2031,34,573,254
2032,6,147,89
2033,3,33,24
2034,0,0,0
2035,0,0,0
2036,0,0,0
2037,0,0,0
2038,17,104,67
2039,37,213,195
2040,6,112,112
2041,14,514,414
2042,47,812,167
2043,82,772,406
2044,85,1084,464
2045,154,964,161
2046,27,274,198
2047,52,804,107
2048,0,0,0
2049,140,553,101
2050,40,78,8
2051,393,839,34
2052,143,836,121
2053,130,627,24
2054,119,923,402
2055,16,223,60
2056,41,461,103
2057,149,925,83
2058,73,346,107
2059,7,69,40
2060,0,0,0
2061,21,110,21
2062,33,492,192
2063,97,657,215
2064,35,539,212
2065,107,867,103
2066,69,502,99
2067,468,1617,128
2068,0,3,0
2069,14,45,6
2070,153,600,148
2071,54,1276,397
2072,25,545,228
2073,47,576,98
2074,126,852,84
2075,215,613,51
2076,42,413,54
2077,30,347,78
2078,58,749,103
2079,5,196,41
2080,159,601,65
2081,102,677,59
2082,274,615,34
2083,0,0,0
2084,60,239,71
2085,27,279,122
2086,153,655,66
2087,50,145,15
2088,1,3,1
2089,89,763,111
2090,7,307,120
2091,115,498,74
2092,92,301,87
2093,135,737,163
2094,214,824,57
2095,62,527,60
2096,234,1134,241
2097,71,492,126
2098,7,135,75
2099,2,21,9
2100,90,419,251
2101,158,622,219
2102,74,379,52
2103,53,122,7
2104,109,283,17
2105,75,337,22
2106,24,66,4
2107,61,196,21
2108,13,63,8
2109,133,622,45
2110,122,822,261
2111,3,180,159
2112,116,953,228
2113,280,824,80
2114,203,535,14
2115,115,211,9
2116,98,266,20
2117,6,21,1
2118,125,335,31
2119,165,532,41
2120,154,435,32
2121,177,401,10
2122,86,642,56
2123,31,105,4
2124,10,16,0
2125,49,298,4
2126,158,616,13
2127,74,421,58
2128,36,165,15
2129,4,26,5
2130,29,341,39
2131,143,601,80
2132,32,431,109
2133,48,484,72
2134,166,731,77
2135,45,191,66
2136,1,5,3
2137,55,551,109
2138,23,450,255
2139,16,186,177
2140,29,541,150
2141,279,1364,55
2142,19,18,2
2143,167,204,23
2144,94,300,43
2145,190,767,7
2146,97,574,24
2147,73,394,17
2148,104,270,1
2149,85,468,133
2150,357,777,91
2151,84,727,175
2152,123,132,15
2153,1,2,1
2154,26,37,4
2155,21,142,249
2156,18,341,416
2157,7,109,114
2158,8,68,54
2159,19,202,142
2160,78,509,520
2161,24,413,169
2162,97,525,125
2163,14,232,241
2164,7,155,158
2165,70,713,462
2166,0,3,1
2167,12,58,3
2168,41,198,22
2169,107,664,244
2170,5,8,0
2171,46,230,28
2172,41,240,146
2173,2,51,141
2174,4,54,300
2175,11,137,422
2176,4,50,141
2177,2,120,299
2178,7,95,343
2179,64,452,72
2180,34,254,42
2181,13,170,347
2182,0,42,155
2183,0,75,379
2184,40,552,395
2185,32,478,227
2186,69,785,408
2187,32,231,184
2188,62,544,188
2189,48,510,152
2190,57,804,322
2191,72,539,232
2192,1,2,1
2193,77,414,96
2194,27,309,314
2195,68,639,477
2196,52,964,178
2197,87,663,298
2198,5,168,439
2199,8,55,115
2200,58,441,423
2201,70,878,421
2202,32,324,206
2203,20,400,257
2204,7,403,394
2205,2,63,97
2206,0,68,106
2207,8,78,131
2208,5,48,77
2209,3,38,20
2210,1,7,26
2211,0,3,5
2212,0,5,5
2213,0,0,0
2214,1,2,0
2215,9,202,147
2216,31,200,132
2217,3,87,229
2218,14,244,251
2219,37,377,49
2220,0,1,0
2221,0,2,1
2222,11,38,11
2223,0,0,0
2224,0,0,0
2225,19,254,29
2226,35,636,374
2227,15,215,172
2228,0,2,0
2229,0,1,0
2230,0,1,0
2231,43,569,302
2232,24,385,289
2233,31,543,273
2234,0,219,123
2235,19,189,328
2236,10,220,244
2237,9,485,678
2238,0,0,0
2239,0,0,1
2240,0,0,0
2241,0,0,3
2242,0,0,0
2243,0,0,0
2244,12,335,450
2245,20,315,201
2246,12,235,213
2247,0,4,3
2248,3,25,0
2249,79,437,89
2250,20,127,71
2251,1,90,255
2252,36,226,125
2253,3,12,9
2254,36,240,40
2255,3,14,1
2256,0,0,0
2257,0,0,1
2258,50,154,46
2259,0,215,260
2260,81,762,635
2261,27,163,20
2262,55,189,51
2263,55,186,50
2264,3,18,3
2265,1,0,1
2266,0,0,0
2267,2,5,0
2268,6,16,4
2269,0,0,0
2270,0,0,0
2271,28,159,57
2272,113,360,106
2273,20,62,39
2274,57,202,110
2275,23,242,424
2276,25,300,754
2277,0,0,0
2278,2,40,32
2279,2,78,72
2280,0,5,1
2281,7,300,385
2282,4,178,180
2283,0,0,2
2284,0,5,1
2285,0,8,1
2286,1,3,0
2287,53,338,20
2288,61,556,27
2289,3,29,1
2290,6,39,25
2291,2,14,9
2292,0,2,3
2293,0,0,0
2294,0,3,0
2295,2,10,7
2296,22,338,150
2297,78,283,70
2298,95,1829,744
2299,15,113,275
2300,29,337,304
2301,16,58,68
2302,16,278,707
2303,36,1111,953
2304,11,422,777
2305,4,80,129
2306,8,102,369
2307,7,102,283
2308,8,87,110
2309,17,236,173
2310,17,396,52
2311,4,116,132
2312,0,41,235
2313,12,138,193
2314,2,204,333
2315,2,45,44
2316,31,320,217
2317,3,93,130
2318,4,72,165
2319,5,118,191
2320,2,22,19
2321,4,86,13
2322,33,387,560
2323,13,99,249
2324,16,112,137
2325,1,32,14
2326,15,94,55
2327,14,72,37
2328,11,52,41
2329,39,214,102
2330,2,12,20
2331,41,403,298
2332,14,219,67
2333,127,934,130
2334,13,398,66
2335,66,1455,280
2336,0,0,0
2337,41,381,207
2338,10,238,173
2339,40,449,292
2340,25,362,77
2341,6,230,202
2342,3,125,102
2343,0,3,0
2344,89,1419,778
2345,8,584,430
2346,51,987,682
2347,18,585,549
2348,3,193,122
2349,20,167,201
2350,17,591,604
2351,10,40,60
2352,0,6,4
2353,9,65,79
2354,1,6,7
2355,1,21,24
2356,0,6,8
2357,12,653,706
2358,5,70,97
2359,10,174,301
2360,1,1,0
2361,2,29,28
2362,23,132,172
2363,8,93,120
2364,9,36,48
2365,4,31,46
2366,27,221,174
2367,5,71,29
2368,0,0,0
2369,23,255,35
2370,0,3,6
2371,35,582,754
2372,28,254,433
2373,22,783,971
2374,4,9,3
2375,1,5,3
2376,23,483,587
2377,13,160,72
2378,6,36,20
2379,6,225,241
2380,0,409,651
2381,5,184,455
2382,8,370,560
2383,4,198,192
2384,53,1367,1336
2385,36,407,104
2386,55,753,1093
2387,21,478,1133
2388,73,645,743
2389,4,102,209
2390,6,67,115
2391,0,3,6
2392,6,23,15
2393,0,13,14
2394,0,2,1
2395,7,55,48
2396,0,4,4
2397,0,17,18
2398,10,51,72
2399,1,15,17
2400,91,1004,86
2401,3,12,4
2402,75,900,315
2403,26,657,562
2404,14,344,614
2405,22,748,757
2406,19,406,412
2407,24,360,597
2408,91,1858,1466
2409,1,20,47
2410,4,63,117
2411,2,4,1
2412,2,15,1
2413,34,270,36
2414,0,3,0
2415,64,577,327
2416,66,891,980
2417,29,544,692
2418,25,323,98
2419,2,111,129
2420,15,397,683
2421,5,210,357
2422,3,17,23
2423,4,70,116
2424,14,268,398
2425,27,339,718
2426,5,416,922
2427,9,479,650
2428,44,385,110
2429,0,5,4
2430,0,3,0
2431,1,11,5
2432,4,50,21
2433,2,4,0
2434,1,3,0
2435,0,1,2
2436,0,6,1
2437,43,592,295
2438,0,5,3
2439,10,217,123
2440,24,414,153
2441,18,329,117
2442,1,6,4
2443,69,690,426
2444,43,588,629
2445,10,168,128
2446,87,448,43
2447,1,0,0
2448,6,25,4
2449,0,15,3
2450,1,8,5
2451,4,40,5
2452,0,0,1
2453,57,562,346
2454,29,226,144
2455,4,92,198
2456,19,544,1040
2457,7,312,437
2458,47,702,906
2459,16,158,101
2460,6,21,17
2461,0,0,0
2462,18,135,177
2463,38,292,366
2464,16,263,65
2465,14,178,233
2466,2,19,4
2467,1,236,143
2468,4,103,189
2469,3,37,79
2470,0,0,0
2471,0,0,0
2472,0,0,0
2473,0,0,0
2474,2,21,41
2475,3,16,37
2476,6,81,179
2477,4,87,173
2478,8,116,229
2479,0,25,16
2480,8,118,110
2481,5,154,174
2482,7,127,178
2483,1,37,34
2484,2,9,8
2485,4,25,10
2486,30,177,32
2487,0,1,4
2488,8,76,41
2489,33,300,219
2490,13,171,183
2491,40,338,246
2492,73,411,105
2493,4,23,8
2494,11,365,221
2495,30,585,66
2496,44,303,27
2497,48,361,30
2498,30,468,385
2499,4,41,33
2500,22,328,500
2501,23,391,507
2502,26,499,449
2503,76,429,18
2504,5,28,3
2505,0,5,5
2506,18,113,76
2507,17,128,106
2508,16,488,497
2509,1,41,51
2510,11,180,400
2511,16,197,178
2512,4,30,33
2513,5,82,105
2514,0,29,35
2515,13,65,50
2516,50,857,502
2517,3,18,23
2518,35,567,447
2519,25,407,487
2520,3,71,57
2521,2,95,259
2522,10,245,224
2523,9,84,89
2524,1,29,29
2525,2,16,14
2526,29,292,281
2527,2,45,75
2528,14,154,128
2529,13,118,186
2530,19,175,380
2531,2,173,375
2532,92,433,36
2533,0,7,6
2534,0,1,1
2535,1,12,26
2536,23,285,278
2537,15,141,182
2538,5,251,291
2539,5,191,66
2540,3,22,7
2541,5,123,30
2542,0,0,0
2543,3,67,75
2544,7,146,147
2545,5,23,23
2546,15,81,9
2547,2,76,58
2548,1,139,112
2549,12,328,243
2550,7,45,37
2551,17,221,247
2552,2,35,37
2553,12,212,157
2554,40,533,135
2555,16,76,13
2556,6,39,19
2557,42,105,32
2558,7,50,47
2559,13,91,118
2560,8,86,127
2561,6,20,12
2562,1,10,7
2563,10,29,34
2564,2,21,33
2565,2,8,6
2566,18,132,18
2567,21,89,14
2568,21,115,28
2569,58,285,131
2570,54,242,94
2571,3,106,97
2572,43,533,307
2573,2,58,62
2574,31,334,318
2575,2,30,25
2576,12,109,102
2577,21,582,396
2578,6,269,281
2579,21,156,68
2580,91,405,116
2581,36,139,29
2582,17,210,122
2583,24,198,153
2584,12,96,36
2585,9,107,56
2586,1,9,4
2587,1,9,13
2588,1,26,17
2589,2,14,18
2590,4,67,56
2591,1,18,20
2592,9,46,53
2593,2,42,49
2594,4,52,66
2595,10,182,355
2596,13,158,275
2597,8,58,97
2598,6,53,76
2599,7,58,83
2600,6,45,37
2601,0,6,10
2602,35,207,264
2603,1,20,10
2604,3,47,58
2605,0,7,11
2606,0,9,12
2607,0,7,9
2608,2,4,6
2609,1,14,9
2610,2,55,71
2611,4,50,48
2612,4,27,22
2613,14,134,104
2614,4,73,88
2615,0,23,36
2616,0,10,19
2617,6,90,187
2618,7,92,129
2619,9,45,88
2620,6,42,85
2621,13,79,114
2622,148,1031,336
2623,53,285,96
2624,2,45,15
2625,2,15,6
2626,39,308,10
2627,64,308,40
2628,49,285,37
2629,42,386,260
2630,50,504,333
2631,52,197,47
2632,32,356,52
2633,35,270,24
2634,39,402,57
2635,39,255,28
2636,32,172,17
2637,3,31,4
2638,18,293,25
2639,0,0,0
2640,36,214,64
2641,8,54,14
2642,6,34,9
2643,0,0,0
2644,5,42,11
2645,1,2,3
2646,5,75,15
2647,5,21,6
2648,0,6,1
2649,1,36,18
2650,0,1,1
2651,1,3,0
2652,0,17,6
2653,8,137,72
2654,48,446,179
2655,0,0,0
2656,32,303,53
2657,0,1,1
2658,12,72,188
2659,30,477,232
2660,29,389,101
2661,51,359,95
2662,40,281,85
2663,93,536,133
2664,43,429,144
2665,2,89,14
2666,2,38,7
2667,10,185,362
2668,3,122,179
2669,22,240,253
2670,56,536,214
2671,2,19,2
2672,87,487,80
2673,40,233,138
2674,5,8,8
2675,41,193,135
2676,24,440,84
2677,0,3,1
2678,3,28,30
2679,1,6,2
2680,0,0,0
2681,2,55,33
2682,3,65,42
2683,0,278,685
2684,53,422,230
2685,28,237,199
2686,1,23,26
2687,7,67,91
2688,13,532,230
2689,16,314,102
2690,49,707,223
2691,22,363,333
2692,43,637,272
2693,4,214,80
2694,39,517,253
2695,15,264,108
2696,0,21,8
2697,1,91,256
2698,0,0,0
2699,0,0,0
2700,0,0,1
2701,0,0,0
2702,0,0,0
2703,0,21,10
2704,0,0,0
2705,0,67,33
2706,1,15,9
2707,0,0,0
2708,0,84,46
2709,0,0,0
2710,1,5,1
2711,1,62,22
2712,0,0,0
2713,0,0,0
2714,0,1,0
2715,0,1,0
2716,0,0,0
2717,0,1,0
2718,1,43,20
2719,0,0,1
2720,0,0,0
2721,0,1,3
2722,0,0,0
2723,16,80,101
2724,5,594,0
2725,32,372,199
2726,23,261,166
2727,2,11,3
2728,2,7,4
2729,8,44,19
2730,10,66,38
2731,10,73,31
2732,3,19,12
2733,9,114,49
2734,25,219,86
2735,28,147,110
2736,10,108,121
2737,28,229,145
2738,2,83,43
2739,0,0,0
2740,36,725,348
2741,0,47,32
2742,34,479,305
2743,8,135,131
2744,0,0,0
2745,0,0,0
2746,3,103,71
2747,1,31,32
2748,0,50,49
2749,0,0,0
2750,3,25,6
2751,0,11,6
2752,1,110,57
2753,6,89,31
2754,10,282,241
2755,6,189,165
2756,1,50,42
2757,0,15,11
2758,4,155,91
2759,0,17,21
2760,4,55,48
2761,4,91,75
2762,5,136,119
2763,2,41,22
2764,2,94,35
2765,84,1051,220
2766,47,934,563
2767,23,110,38
2768,65,389,130
2769,20,218,132
2770,19,323,127
2771,18,243,117
2772,69,457,155
2773,172,1485,295
2774,50,347,124
2775,73,468,156
2776,2,36,21
2777,34,528,259
2778,61,399,188
2779,35,707,447
2780,31,935,519
2781,18,346,214
2782,28,482,587
2783,1,102,154
2784,25,282,128
2785,6,32,40
2786,79,395,498
2787,5,27,34
2788,5,26,33
2789,8,42,52
2790,1,22,9
2791,2,53,27
2792,6,36,36
2793,17,131,150
2794,0,0,0
2795,41,478,162
2796,55,857,244
2797,3,50,16
2798,2,10,10
2799,5,32,18
2800,50,542,167
2801,22,128,34
2802,8,124,39
2803,57,516,184
2804,14,96,33
2805,6,25,23
2806,8,32,30
2807,34,110,73
2808,5,19,12
2809,8,26,17
2810,1,11,20
2811,5,38,67
2812,4,32,56
2813,35,245,428
2814,10,71,121
2815,2,17,30
2816,0,4,7
2817,15,97,163
2818,7,55,102
2819,0,1,2
2820,0,1,2
2821,14,98,171
2822,0,1,2
2823,0,4,7
2824,0,0,0
2825,3,23,41
2826,0,0,0
2827,0,1,3
2828,0,0,0
2829,0,1,1
2830,0,1,2
2831,0,1,2
2832,11,53,58
2833,0,0,0
2834,0,0,0
2835,0,2,4
2836,0,1,1
2837,0,0,0
2838,0,0,0
2839,0,0,0
2840,0,0,0
2841,0,0,0
2842,0,0,0
2843,2,9,10
2844,1,4,4
2845,2,12,13
2846,0,1,1
2847,0,3,2
2848,10,29,16
2849,108,487,533
2850,24,111,121
2851,31,141,154
2852,8,25,14
2853,1,7,8
2854,7,30,31
2855,16,47,26
2856,32,249,533
2857,34,244,473
2858,39,186,228
2859,4,38,81
2860,28,145,189
2861,1,9,12
2862,45,228,296
2863,9,47,62
2864,176,470,229
2865,10,36,30
2866,9,47,60
2867,6,33,44
2868,92,239,116
2869,10,27,13
2870,2,17,31
2871,2,15,28
2872,0,1,1
2873,0,3,6
2874,0,6,14
2875,0,3,6
2876,0,5,10
2877,2,15,28
2878,8,42,53
2879,1,8,15
2880,0,4,5
2881,0,2,4
2882,1,10,18
2883,0,2,3
2884,0,3,6
2885,0,4,7
2886,3,19,24
2887,11,91,195
2888,22,96,105
2889,2,9,10
2890,19,75,69
2891,12,51,53
2892,45,176,165
2893,6,24,22
2894,24,117,143
2895,16,62,56
2896,26,126,156
2897,26,71,39
2898,9,27,14
2899,28,100,82
2900,24,85,70
2901,68,244,200
2902,27,75,41
2903,74,265,217
2904,42,118,64
2905,67,238,195
2906,9,44,52
2907,17,61,50
2908,23,81,66
2909,10,23,9
2910,0,1,0
2911,1,3,1
2912,12,56,64
2913,22,100,116
2914,62,223,183
2915,2,10,8
2916,34,96,52
2917,18,52,29
2918,85,233,127
2919,21,92,102
2920,17,48,26
2921,2,7,4
2922,11,31,17
2923,10,28,15
2924,4,37,79
2925,0,2,5
2926,2,15,33
2927,0,1,3
2928,2,20,44
2929,4,34,73
2930,0,3,6
2931,4,31,68
2932,0,4,10
2933,0,2,2
2934,0,1,1
2935,0,1,1
2936,0,0,0
2937,0,0,0
2938,0,4,6
2939,0,0,0
2940,2,14,17
2941,0,0,0
2942,10,54,68
2943,3,17,22
2944,4,21,27
2945,3,17,21
2946,0,2,5
2947,0,0,0
2948,61,289,354
2949,22,109,133
2950,0,1,3
2951,0,1,2
2952,7,34,42
2953,21,103,126
2954,3,24,50
2955,2,21,45
2956,1,11,23
2957,0,0,1
2958,8,63,136
2959,4,32,67
2960,0,2,4
2961,0,4,10
2962,0,3,6
2963,25,119,146
2964,0,0,0
2965,7,37,45
2966,34,163,199
2967,1,11,24
2968,3,16,20
2969,0,0,1
2970,56,276,348
2971,32,160,203
2972,9,47,60
2973,7,36,46
2974,0,1,1
2975,0,1,1
2976,0,0,0
2977,0,0,0
2978,0,4,5
2979,10,49,62
2980,0,0,0
2981,1,6,8
2982,0,2,3
2983,0,0,1
2984,0,2,3
2985,46,232,294
2986,0,2,3
2987,1,8,10
2988,0,2,3
2989,0,1,1
2990,0,2,4
2991,0,0,0
2992,0,0,0
2993,63,320,404
2994,13,67,84
2995,44,219,276
2996,0,3,4
2997,0,2,2
2998,0,2,3
2999,0,2,3
3000,0,2,2
3001,0,2,2
3002,4,18,20
3003,0,0,0
3004,17,73,76
3005,9,30,20
3006,70,226,156
3007,1,8,8
3008,24,103,107
3009,14,52,42
3010,0,1,1
3011,41,131,89
3012,13,43,29
3013,55,262,320
3014,8,28,19
3015,40,129,87
3016,16,51,34
3017,2,18,34
3018,6,30,34
3019,32,133,137
3020,40,129,87
3021,17,73,76
3022,15,104,190
3023,23,34,8
3024,3,24,45
3025,3,23,42
3026,17,118,217
3027,3,22,40
3028,8,59,108
3029,0,3,5
3030,0,4,7
3031,0,1,3
3032,34,164,201
3033,59,120,44
3034,61,256,265
3035,213,735,557
3036,136,259,85
3037,122,426,323
3038,125,400,266
3039,139,448,298
3040,44,291,495
3041,23,162,287
3042,0,6,10
3043,0,2,4
3044,0,0,0
3045,0,2,3
3046,0,0,0
3047,2,14,24
3048,8,56,99
3049,9,66,118
3050,9,64,114
3051,18,128,226
3052,18,65,51
3053,79,217,114
3054,0,0,0
3055,53,144,73
3056,1,11,18
3057,14,68,79
3058,7,20,10
3059,0,0,0
3060,23,141,231
3061,38,197,256
3062,102,312,196
3063,9,50,65
3064,7,56,110
3065,114,235,85
3066,317,309,50
3067,324,316,51
3068,60,167,87
3069,161,447,234
3070,11,81,141
3071,0,2,4
3072,1,10,17
3073,0,1,1
3074,6,45,80
3075,7,45,73
3076,9,76,172
3077,6,53,121
3078,33,208,341
3079,2,14,28
3080,0,5,10
3081,0,0,0
3082,0,0,0
3083,3,23,43
3084,0,1,3
3085,10,75,142
3086,1,13,26
3087,1,11,21
3088,14,100,190
3089,9,69,131
3090,0,5,10
3091,3,21,40
3092,1,9,17
3093,1,9,18
3094,1,8,16
3095,0,0,0
3096,1,13,24
3097,1,7,14
3098,0,1,2
3099,0,5,9
3100,0,0,0
3101,0,0,2
3102,0,3,6
3103,0,2,7
3104,6,76,236
3105,0,7,24
3106,9,117,364
3107,21,150,265
3108,24,134,196
3109,46,322,568
3110,3,21,30
3111,10,55,81
3112,11,61,90
3113,20,153,324
3114,11,62,92
3115,37,199,292
3116,25,140,205
3117,15,89,143
3118,1,8,13
3119,20,163,383
3120,1,6,9
3121,1,10,25
3122,0,3,8
3123,23,189,445
3124,0,0,0
3125,38,179,213
3126,0,1,4
3127,0,0,0
3128,0,0,0
3129,0,0,0
3130,0,2,4
3131,0,0,0
3132,0,0,1
3133,0,0,0
3134,0,0,1
3135,9,67,128
3136,0,0,1
3137,4,29,54
3138,14,71,87
3139,0,0,0
3140,0,1,2
3141,15,106,200
3142,0,0,0
3143,4,32,60
3144,4,31,58
3145,15,113,214
3146,14,104,197
3147,13,111,260
3148,0,0,0
3149,0,0,0
3150,4,29,54
3151,0,0,0
3152,0,0,0
3153,0,0,0
3154,0,0,0
3155,0,0,0
3156,0,0,0
3157,0,0,0
3158,0,0,0
3159,0,0,0
3160,0,0,0
3161,0,0,0
3162,0,3,6
3163,0,0,0
3164,0,1,1
3165,3,26,47
3166,16,111,203
3167,0,1,1
3168,0,6,11
3169,0,2,3
3170,1,8,15
3171,3,27,51
3172,6,44,78
3173,25,126,155
3174,2,13,16
3175,24,117,143
3176,5,40,74
3177,20,115,169
3178,6,35,52
3179,3,23,43
3180,0,1,1
3181,0,2,4
3182,5,37,68
3183,0,3,6
3184,1,7,13
3185,6,46,85
3186,8,58,106
3187,5,37,68
3188,56,170,105
3189,113,338,207
3190,8,57,105
3191,59,179,110
3192,78,314,307
3193,35,144,141
3194,38,178,208
3195,34,137,134
3196,26,123,144
3197,27,126,148
3198,77,240,157
3199,16,73,85
3200,20,94,110
3201,0,0,0
3202,96,277,159
3203,75,228,140
3204,57,198,150
3205,0,0,0
3206,44,155,117
3207,55,192,145
3208,7,54,98
3209,0,0,0
3210,0,0,0
3211,0,0,0
3212,3,25,46
3213,0,0,0
3214,28,98,74
3215,32,111,84
3216,48,170,128
3217,55,125,52
3218,32,74,31
3219,0,0,0
3220,26,62,26
3221,37,90,38
3222,128,307,130
3223,46,108,46
3224,108,259,110
3225,0,4,8
3226,76,228,134
3227,0,0,1
3228,0,1,3
3229,0,5,9
3230,46,253,371
3231,22,65,37
3232,10,27,13
3233,92,248,126
3234,107,291,148
3235,58,157,80
3236,64,149,63
3237,24,66,34
3238,135,312,132
3239,9,21,9
3240,18,52,26
3241,33,74,31
3242,10,24,10
3243,1,3,1
3244,15,42,23
3245,54,124,52
3246,61,139,59
3247,72,223,140
3248,98,300,188
3249,62,190,119
3250,57,220,203
3251,90,234,111
3252,38,95,45
3253,106,271,129
3254,63,163,77
3255,22,51,21
3256,1,2,1
3257,0,1,0
3258,28,68,29
3259,0,0,0
3260,0,2,1
3261,94,219,92
3262,71,162,68
3263,31,74,32
3264,27,63,27
3265,47,136,78
3266,27,92,70
3267,38,118,72
3268,34,117,88
3269,38,132,100
3270,14,43,24
3271,0,0,0
3272,0,1,1
3273,0,0,0
3274,0,0,0
3275,0,0,0
3276,0,0,0
3277,13,96,177
3278,3,19,29
3279,0,0,1
3280,13,85,150
3281,15,69,78
3282,83,333,326
3283,0,0,0
3284,29,130,145
3285,9,45,53
3286,32,149,174
3287,10,71,130
3288,30,209,381
3289,0,0,0
3290,0,1,0
3291,57,136,57
3292,0,0,0
3293,15,55,42
3294,0,0,0
3295,6,15,6
3296,0,0,0
3297,0,0,0
3298,0,0,1
3299,3,26,49
3300,0,2,4
3301,1,7,13
3302,0,0,0
3303,0,0,0
3304,0,0,0
3305,0,0,1
3306,0,0,1
3307,0,1,1
3308,0,0,0
3309,0,0,0
3310,15,102,185
3311,0,0,0
3312,0,0,0
3313,0,0,0
3314,20,136,248
3315,0,0,0
3316,0,0,0
3317,0,2,4
3318,0,1,1
3319,0,0,0
3320,6,49,89
3321,1,11,20
3322,0,1,3
3323,0,0,0
3324,0,0,0
3325,4,30,55
3326,2,18,34
3327,12,88,162
3328,1,9,17
3329,4,20,26
3330,14,71,91
3331,5,26,33
3332,7,36,46
3333,35,143,137
3334,9,44,56
3335,13,65,83
3336,0,0,0
3337,0,0,0
3338,18,73,70
3339,0,0,0
3340,0,0,0
3341,33,50,12
3342,5,8,2
3343,29,41,10
3344,0,0,0
3345,0,0,0
3346,0,0,0
3347,50,73,17
3348,0,0,0
3349,0,0,0
3350,0,0,0
3351,0,0,0
3352,25,39,9
3353,1,5,3
3354,2,8,5
3355,0,0,0
3356,42,131,85
3357,117,277,120
3358,98,237,105
3359,71,171,76
3360,12,38,25
3361,58,180,117
3362,0,0,1
3363,0,0,0
3364,0,2,2
3365,0,2,1
3366,7,53,100
3367,295,541,177
3368,159,288,94
3369,66,126,41
3370,247,498,182
3371,23,45,16
3372,0,0,0
3373,0,0,0
3374,0,1,0
3375,198,150,19
3376,1,3,1
3377,114,302,150
3378,97,257,128
3379,101,267,130
3380,294,827,464
3381,130,347,172
3382,0,0,0
3383,0,0,0
3384,31,145,171
3385,0,0,0
3386,126,578,674
3387,21,106,139
3388,4,15,10
3389,27,82,51
3390,31,94,59
3391,148,433,270
3392,46,142,89
3393,129,414,286
3394,17,133,281
3395,6,46,98
3396,37,195,285
3397,74,272,228
3398,128,302,131
3399,0,0,0
3400,19,72,60
3401,119,430,360
3402,11,44,37
3403,227,544,236
3404,94,400,421
3405,42,289,505
3406,0,0,0
3407,50,214,225
3408,33,144,152
3409,23,98,104
3410,0,0,0
3411,0,0,0
3412,0,9,29
3413,0,0,0
3414,16,47,29
3415,11,78,136
3416,151,366,159
3417,8,42,62
3418,17,92,136
3419,8,46,67
3420,0,0,0
3421,121,325,162
3422,181,399,157
3423,0,0,0
3424,7,28,23
3425,0,0,0
3426,0,0,0
3427,94,214,84
3428,185,396,154
3429,0,0,0
3430,0,0,0
3431,173,377,148
3432,51,186,156
3433,14,67,82
3434,236,447,151
3435,43,66,15
3436,210,337,93
3437,172,240,57
3438,97,154,43
3439,96,169,52
3440,6,26,25
3441,1,1,0
3442,30,123,118
3443,134,297,117
3444,82,197,87
3445,52,127,56
3446,194,146,19
3447,536,587,108
3448,1047,942,144
3449,73,129,40
3450,142,289,105
3451,2,3,0
3452,15,22,6
3453,61,92,24
3454,97,145,39
3455,96,193,70
3456,73,112,30
3457,52,79,21
3458,36,54,14
3459,125,325,158
3460,10,15,4
3461,140,211,50
3462,15,73,94
3463,1,7,12
3464,82,425,561
3465,0,0,0
3466,56,246,263
3467,48,216,232
3468,44,217,285
3469,13,58,62
3470,12,59,70
3471,29,131,140
3472,22,121,178
3473,11,62,91
3474,48,259,380
3475,23,126,186
3476,0,0,0
3477,27,119,127
3478,13,55,59
3479,3,25,53
3480,31,183,292
3481,22,132,211
3482,1,7,8
3483,33,159,189
3484,0,0,0
3485,0,0,0
3486,0,0,0
3487,0,0,0
3488,0,0,0
3489,0,0,0
3490,0,0,0
3491,0,0,0
3492,0,0,0
3493,0,0,0
3494,0,0,0
3495,0,1,2
3496,13,69,88
3497,0,0,0
3498,0,0,0
3499,5,26,34
3500,44,223,286
3501,0,0,0
3502,0,0,0
3503,0,0,0
3504,2,3,0
3505,97,141,33
3506,0,0,0
3507,0,1,0
3508,6,33,43
3509,17,120,220
3510,3,21,38
3511,0,0,0
3512,0,0,0
3513,0,0,0
3514,0,0,0
3515,0,1,1
3516,0,0,0
3517,0,0,0
3518,0,4,8
3519,9,64,118
3520,0,0,0
3521,0,1,1
3522,114,523,601
3523,9,42,49
3524,4,38,102
3525,1,15,42
3526,0,2,5
3527,0,2,7
3528,1,9,26
3529,0,0,1
3530,0,0,0
3531,0,0,0
3532,0,0,0
3533,0,1,1
3534,0,0,0
3535,0,1,1
3536,0,2,3
3537,0,2,4
3538,0,0,0
3539,0,0,1
3540,0,0,0
3541,1,7,13
3542,0,0,0
3543,0,1,1
3544,8,42,53
3545,0,3,4
3546,0,1,2
3547,0,4,5
3548,0,1,2
3549,0,0,0
3550,0,0,1
3551,16,111,203
3552,8,60,110
3553,16,110,202
3554,0,0,0
3555,0,0,0
3556,0,0,0
3557,6,41,75
3558,299,921,590
3559,36,263,521
3560,2,14,25
3561,0,4,9
3562,0,5,9
3563,1,13,25
3564,9,28,19
3565,0,5,9
3566,0,2,4
3567,0,4,8
3568,0,0,1
3569,0,1,2
3570,0,4,8
3571,20,86,89
3572,10,47,53
3573,1,5,6
3574,2,12,13
3575,6,30,34
3576,5,24,27
3577,21,97,110
3578,47,216,245
3579,31,132,137
3580,19,89,101
3581,6,30,34
3582,28,128,145
3583,35,163,184
3584,7,34,38
3585,39,182,206
3586,0,3,3
3587,33,154,175
3588,1,4,3
3589,4,18,17
3590,3,12,11
3591,5,20,18
3592,0,3,1
3593,34,109,71
3594,6,19,12
3595,9,29,19
3596,104,329,215
3597,106,320,184
3598,0,2,1
3599,7,21,12
3600,94,285,164
3601,51,149,83
3602,44,131,73
3603,1,3,1
3604,94,276,155
3605,299,368,74
3606,226,281,57
3607,23,94,91
3608,8,23,12
3609,3,9,5
3610,10,21,7
3611,4,14,7
3612,49,143,80
3613,9,20,7
3614,2,4,1
3615,8,17,6
3616,12,25,9
3617,56,165,94
3618,2,10,9
3619,0,3,2
3620,1,5,5
3621,24,96,89
3622,0,3,2
3623,10,40,37
3624,2,8,7
3625,4,16,15
3626,13,58,63
3627,2,12,13
3628,53,232,245
3629,47,200,203
3630,1,8,8
3631,2,11,13
3632,23,90,83
3633,7,33,35
3634,3,16,15
3635,10,29,14
3636,6,29,31
3637,18,54,30
3638,37,110,62
3639,27,81,45
3640,1,4,2
3641,2,6,3
3642,16,69,70
3643,2,11,11
3644,97,411,417
3645,58,173,97
3646,37,118,79
3647,5,17,11
3648,18,72,67
3649,43,139,92
3650,7,16,6
3651,4,9,3
3652,8,27,18
3653,23,89,76
3654,21,69,46
3655,17,66,58
3656,6,27,24
3657,6,26,27
3658,5,18,14
3659,3,15,16
3660,37,120,80
3661,60,189,126
3662,12,43,34
3663,115,408,322
3664,73,267,211
3665,18,66,52
3666,21,76,60
3667,2,9,7
3668,1,6,5
3669,0,1,1
3670,0,3,2
3671,4,16,13
3672,15,54,42
3673,6,23,18
3674,1,4,3
3675,1,4,3
3676,6,23,18
3677,2,7,5
3678,0,1,1
3679,1,7,10
3680,5,20,16
3681,9,25,11
3682,0,0,0
3683,2,7,3
3684,13,21,6
3685,0,1,2
3686,30,76,34
3687,205,522,233
3688,376,492,102
3689,31,112,83
3690,139,342,152
3691,129,318,141
3692,172,547,364
3693,100,197,66
3694,101,193,65
3695,121,229,77
3696,91,298,206
3697,81,264,182
3698,105,225,84
3699,19,41,15
3700,211,542,258
3701,248,514,192
3702,0,2,1
3703,104,223,83
3704,49,107,40
3705,88,271,170
3706,180,530,304
3707,145,506,377
3708,0,6,12
3709,3,21,37
3710,1,6,4
3711,1,6,5
3712,1,6,5
3713,1,5,4
3714,0,3,6
3715,0,5,9
3716,0,3,8
3717,7,60,141
3718,1,9,22
3719,0,1,3
3720,5,38,90
3721,4,32,76
3722,0,0,0
3723,0,0,0
3724,54,398,772
3725,6,48,114
3726,5,40,95
3727,82,291,221
3728,0,0,0
3729,0,0,0
3730,0,0,0
3731,8,55,92
3732,13,83,141
3733,19,124,209
3734,36,138,123
3735,13,104,216
3736,13,79,124
3737,35,204,320
3738,1,8,16
3739,18,67,54
3740,0,0,1
3741,175,619,498
3742,46,162,121
3743,21,76,61
3744,0,0,0
3745,0,0,1
3746,0,3,4
3747,35,158,173
3748,0,0,0
3749,0,0,0
3750,1,13,27
3751,0,0,0
3752,9,70,145
3753,6,44,74
3754,58,305,422
3755,105,394,349
3756,86,380,423
3757,51,227,252
3758,114,390,290
3759,104,349,259
3760,72,265,214
3761,1,4,3
3762,1,4,3
3763,0,2,2
3764,0,2,6
3765,1,3,3
3766,0,1,1
3767,1,4,2
3768,1,6,4
3769,0,1,0
3770,50,86,24
3771,0,1,1
3772,6,13,4
3773,0,3,2
3774,1,2,0
3775,0,0,0
3776,6,13,4
3777,2,2,0
3778,45,86,27
3779,0,1,0
3780,4,9,3
3781,0,1,0
3782,1,2,0
3783,2,5,1
3784,2,4,1
3785,2,5,1
3786,5,12,4
3787,73,135,43
3788,100,139,29
3789,442,610,130
3790,88,121,26
3791,66,52,6
3792,181,127,15
3793,60,42,5
3794,322,348,64
3795,116,86,10
3796,358,293,40
3797,16,13,1
3798,85,174,63
3799,192,344,106
3800,595,374,41
3801,100,305,191
3802,84,120,27
3803,24,44,14
3804,128,160,32
3805,97,185,59
3806,331,215,24
3807,384,477,99
3808,297,411,89
3809,86,253,142
3810,281,281,45
3811,216,215,35
3812,151,289,97
3813,143,301,110
3814,66,136,49
3815,94,97,15
3816,20,14,1
3817,0,3,2
3818,1,3,3
3819,0,1,1
3820,2,9,7
3821,0,1,1
3822,0,2,2
3823,0,0,0
3824,0,0,0
3825,0,1,1
3826,15,58,54
3827,16,71,73
3828,1,5,5
3829,4,36,130
3830,6,36,12
3831,0,0,0
3832,35,113,94
3833,33,134,129
3834,7,84,141
3835,14,91,100
3836,1,3,4
3837,15,45,49
3838,49,234,235
3839,16,100,99
3840,135,547,47
3841,46,60,29
3842,72,219,65
3843,194,276,78
3844,239,642,59
3845,31,75,16
3846,45,174,80
3847,43,167,77
3848,21,307,223
3849,94,350,68
3850,0,0,0
3851,1,3,2
3852,23,90,83
3853,4,48,68
3854,0,0,0
3855,19,209,47
3856,9,88,99
3857,31,284,178
3858,62,485,339
3859,4,62,39
3860,12,115,50
3861,9,79,175
3862,7,76,78
3863,17,157,348
3864,48,442,191
3865,48,428,354
3866,0,0,0
3867,23,188,118
3868,7,58,36
3869,0,0,0
3870,64,211,56
3871,21,230,43
3872,0,0,0
3873,0,0,0
3874,72,381,457
3875,58,303,140
3876,69,321,473
3877,350,589,102
3878,45,275,128
3879,76,264,81
3880,76,261,81
3881,76,257,28
3882,29,138,5
3883,102,261,63
3884,145,560,227
3885,63,437,317
3886,101,325,68
3887,30,599,535
3888,3,77,178
3889,8,610,73
3890,93,432,340
3891,7,172,392
3892,0,6,8
3893,10,85,109
3894,17,135,85
3895,1,12,23
3896,25,143,191
3897,16,242,319
3898,50,278,94
3899,25,67,10
3900,39,106,16
3901,22,60,9
3902,6,15,2
3903,0,1,1
3904,3,8,1
3905,6,17,2
3906,15,40,5
3907,3,14,11
3908,23,106,67
3909,47,177,7
3910,31,381,54
3911,4,16,1
3912,6,17,2
3913,2,9,3
3914,14,71,23
3915,30,226,181
3916,6,16,4
3917,1,25,19
3918,3,19,18
3919,122,394,35
3920,56,149,16
3921,1,15,9
3922,3,40,6
3923,31,379,54
3924,6,100,49
3925,14,257,57
3926,1,18,11
3927,1,16,10
3928,1,11,7
3929,8,119,75
3930,2,33,21
3931,8,40,13
3932,35,232,92
3933,10,102,30
3934,21,137,55
3935,41,218,231
3936,6,48,31
3937,0,0,0
3938,1,51,10
3939,3,132,25
3940,2,96,18
3941,15,269,59
3942,5,219,42
3943,23,415,91
3944,11,55,18
3945,113,286,62
3946,15,77,25
3947,14,34,16
3948,53,125,58
3949,3,55,42
3950,61,163,136
3951,20,151,231
3952,36,231,147
3953,41,218,231
3954,15,158,41
3955,9,116,12
3956,26,276,71
3957,31,165,174
3958,76,203,170
3959,47,262,55
3960,10,24,11
3961,79,186,46
3962,78,397,78
3963,30,152,30
3964,84,197,49
3965,4,94,71
3966,99,150,68
3967,3,7,1
3968,91,126,54
3969,78,213,40
3970,61,160,23
3971,52,96,76
3972,48,294,202
3973,40,93,23
3974,34,135,117
3975,276,578,28
3976,27,47,8
3977,17,220,330
3978,11,97,70
3979,38,212,72
3980,8,68,42
3981,10,82,52
3982,10,82,52
3983,9,78,152
3984,31,137,248
3985,124,782,126
3986,23,145,186
3987,422,793,124
3988,596,1018,59
3989,0,0,0
3990,1,2,0
3991,0,0,0
3992,0,0,0
3993,0,0,0
3994,131,396,14
3995,37,165,0
3996,6,17,0
3997,128,298,5
3998,0,0,0
3999,272,716,28
4000,160,425,39
4001,151,400,36
4002,59,217,18
4003,83,409,27
4004,69,284,22
4005,0,0,0
4006,0,0,0
4007,0,0,0
4008,0,0,0
4009,1,6,2
4010,0,0,0
4011,43,569,59
4012,19,42,8
4013,34,76,14
4014,0,0,0
4015,26,38,9
4016,53,78,18
4017,37,65,13
4018,22,179,30
4019,9,71,12
4020,12,168,111
4021,20,52,60
4022,29,145,109
4023,0,0,0
4024,39,151,12
4025,197,668,103
4026,122,271,20
4027,78,210,41
4028,76,338,20
4029,93,333,52
4030,0,0,0
4031,146,338,6
4032,72,505,10
4033,1,15,2
4034,0,0,0
4035,7,43,12
4036,79,481,139
4037,10,82,23
4038,24,202,66
4039,72,157,30
4040,0,0,0
4041,102,149,34
4042,21,31,7
4043,10,77,13
4044,1,4,1
4045,19,73,9
4046,2,9,1
4047,2,17,8
4048,0,0,0
4049,0,1,0
4050,19,71,8
4051,4,16,2
4052,0,0,0
4053,0,1,0
4054,0,0,0
4055,0,0,0
4056,7,43,12
4057,1,8,2
4058,7,26,3
4059,2,7,1
4060,0,1,0
4061,0,0,0
4062,192,315,10
4063,28,39,2
4064,1,1,0
4065,29,274,50
4066,4,288,62
4067,10,240,66
4068,6,494,106
4069,18,46,3
4070,87,519,126
4071,103,300,10
4072,69,852,155
4073,15,341,94
4074,26,507,62
4075,102,690,204
4076,31,316,77
4077,21,69,18
4078,1,16,8
4079,2,6,1
4080,251,346,19
4081,156,214,0
4082,0,3,1
4083,98,344,199
4084,12,407,64
4085,15,50,13
4086,21,727,114
4087,5,64,34
4088,1,13,4
4089,44,266,75
4090,0,0,0
4091,732,2259,68
4092,47,459,100
4093,214,390,26
4094,0,0,0
4095,59,151,9
4096,169,457,8
4097,51,455,509
4098,20,221,223
4099,23,141,164
4100,375,2243,299
4101,0,1,0
4102,0,0,0
4103,55,328,56
4104,0,0,0
4105,174,744,15
4106,25,68,1
4107,66,260,44
4108,63,323,10
4109,49,406,26
4110,0,0,0
4111,39,319,55
4112,24,228,9
4113,104,442,92
4114,56,227,55
4115,97,406,53
4116,14,148,62
4117,65,447,98
4118,2,16,6
4119,9,93,20
4120,24,750,149
4121,49,525,114
4122,7,75,16
4123,25,223,80
4124,3,18,5
4125,31,101,27
4126,60,306,147
4127,86,148,19
4128,85,884,370
4129,16,554,107
4130,18,193,73
4131,21,208,78
4132,5,68,36
4133,0,1,0
4134,24,108,34
4135,38,169,53
4136,12,61,21
4137,39,203,70
4138,39,202,70
4139,19,299,143
4140,16,125,21
4141,12,52,16
4142,10,123,264
4143,11,144,308
4144,1,47,48
4145,14,117,33
4146,22,184,51
4147,12,98,28
4148,24,153,275
4149,9,89,78
4150,17,228,239
4151,15,212,164
4152,20,308,125
4153,14,213,87
4154,6,65,48
4155,11,146,152
4156,23,297,147
4157,1,9,10
4158,5,64,67
4159,15,201,209
4160,0,1,1
4161,18,198,146
4162,7,43,116
4163,11,102,90
4164,2,11,29
4165,10,181,193
4166,17,176,349
4167,11,119,238
4168,8,170,367
4169,5,131,161
4170,0,0,1
4171,39,324,421
4172,3,178,182
4173,13,140,279
4174,2,95,96
4175,8,73,65
4176,19,161,53
4177,20,165,46
4178,35,290,95
4179,1,19,19
4180,4,36,12
4181,9,57,158
4182,10,138,145
4183,6,86,41
4184,5,82,89
4185,12,452,107
4186,25,521,202
4187,34,303,135
4188,0,0,0
4189,2,37,84
4190,0,0,0
4191,0,0,0
4192,10,114,23
4193,72,354,157
4194,16,190,38
4195,3,32,6
4196,0,0,0
4197,131,480,144
4198,11,311,32
4199,92,527,40
4200,16,366,87
4201,106,276,11
4202,0,0,0
4203,40,504,9
4204,65,621,122
4205,129,369,27
4206,61,348,113
4207,17,170,51
4208,24,238,72
4209,90,319,109
4210,38,274,66
4211,74,565,187
4212,26,119,118
4213,94,180,36
4214,0,0,0
4215,44,173,71
4216,51,236,110
4217,55,480,70
4218,5,317,96
4219,6,139,23
4220,63,284,38
4221,23,400,100
4222,17,444,150
4223,22,647,282
4224,49,511,174
4225,83,641,209
4226,79,514,38
4227,10,306,351
4228,1,28,13
4229,78,617,55
4230,19,380,110
4231,11,297,100
4232,16,418,141
4233,38,312,266
4234,35,293,249
4235,26,92,29
4236,30,249,211
4237,64,881,775
4238,27,329,556
4239,4,143,436
4240,12,272,325
4241,7,282,862
4242,0,11,30
4243,127,200,10
4244,389,689,46
4245,0,0,0
4246,0,0,0
4247,0,0,0
4248,0,0,0
4249,6,72,53
4250,6,52,15
4251,6,47,13
4252,0,0,0
4253,15,336,401
4254,0,0,0
4255,52,332,87
4256,3,39,29
4257,19,62,48
4258,12,89,130
4259,7,52,76
4260,3,37,79
4261,12,40,30
4262,0,0,0
4263,3,30,22
4264,7,98,40
4265,3,50,20
4266,7,23,17
4267,2,23,49
4268,3,61,21
4269,1,1,0
4270,41,93,96
4271,5,12,12
4272,0,0,0
4273,45,101,7
4274,25,209,104
4275,59,168,50
4276,99,335,42
4277,153,308,107
4278,50,236,44
4279,18,120,21
4280,86,322,63
4281,151,183,30
4282,58,269,144
4283,57,163,48
4284,49,249,29
4285,47,285,50
4286,55,438,8
4287,69,501,67
4288,150,397,36
4289,30,367,176
4290,3,34,16
4291,129,309,0
4292,120,526,193
4293,32,260,122
4294,147,501,72
4295,0,0,0
4296,174,260,20
4297,133,296,22
4298,267,378,4
4299,8,37,2
4300,117,533,25
4301,58,189,6
4302,59,201,7
4303,516,584,0
4304,323,207,3
4305,278,268,8
4306,143,309,0
4307,33,136,11
4308,48,204,41
4309,185,619,71
4310,0,0,0
4311,141,479,44
4312,42,203,5
4313,70,208,96
4314,81,179,42
4315,18,218,124
4316,30,227,132
4317,48,536,154
4318,125,398,29
4319,88,245,33
4320,24,45,14
4321,32,368,163
4322,14,133,21
4323,0,0,0
4324,0,63,127
4325,17,160,26
4326,0,0,0
4327,12,155,184
4328,25,306,138
4329,181,493,100
4330,126,259,54
4331,67,549,17
4332,123,260,97
4333,17,36,7
4334,148,112,15
4335,23,90,7
4336,0,0,0
4337,79,261,50
4338,148,112,15
4339,119,91,12
4340,45,240,41
4341,91,205,45
4342,0,0,0
4343,0,0,0
4344,0,0,0
4345,0,0,0
4346,91,205,45
4347,49,111,12
4348,31,91,13
4349,0,0,0
4350,0,0,0
4351,0,0,0
4352,0,0,0
4353,0,0,0
4354,0,0,0
4355,1,3,0
4356,193,267,24
4357,104,229,62
4358,90,262,6
4359,0,0,0
4360,0,0,0
4361,0,0,0
4362,0,0,0
4363,10,4,0
4364,7,3,0
4365,0,0,0
4366,3,1,0
4367,0,0,0
4368,1,0,0
4369,4,2,0
4370,50,22,2
4371,1,1,0
4372,6,18,3
4373,2,6,1
4374,88,89,7
4375,0,0,0
4376,0,0,0
4377,0,0,0
4378,81,196,42
4379,112,399,47
4380,126,189,63
4381,135,203,68
4382,0,0,0
4383,425,437,42
4384,1,1,0
4385,6,3,0
4386,0,0,0
4387,1,1,0
4388,1,3,0
4389,3,9,1
4390,55,183,20
4391,17,56,6
4392,8,14,0
4393,9,14,0
4394,12,20,0
4395,14,23,0
4396,13,22,0
4397,17,28,0
4398,91,186,37
4399,11,18,0
4400,15,26,0
4401,118,428,91
4402,62,191,116
4403,70,98,35
4404,59,262,81
4405,8,25,15
4406,33,141,47
4407,61,250,48
4408,195,379,46
4409,73,32,3
4410,0,0,0
4411,0,0,0
4412,17,7,1
4413,0,0,0
4414,11,18,2
4415,99,162,16
4416,110,155,55
4417,8,22,3
4418,9,26,4
4419,0,0,0
4420,11,5,0
4421,0,0,0
4422,0,0,0
4423,0,0,0
4424,16,7,1
4425,0,0,0
4426,23,10,1
4427,0,0,0
4428,8,24,3
4429,5,15,2
4430,7,20,3
4431,3,9,1
4432,0,0,0
4433,14,41,6
4434,8,23,3
4435,9,26,4
4436,4,13,2
4437,5,15,2
4438,14,42,6
4439,16,26,3
4440,94,402,51
4441,105,564,62
4442,124,164,56
4443,122,455,85
4444,95,228,0
4445,0,0,0
4446,4,9,0
4447,48,116,0
4448,374,339,10
4449,28,386,183
4450,8,97,48
4451,52,183,0
4452,52,47,1
4453,71,131,5
4454,136,330,7
4455,118,580,74
4456,20,94,4
4457,130,392,23
4458,278,712,71
4459,92,240,31
4460,89,432,36
4461,285,367,18
4462,103,592,45
4463,0,0,0
4464,0,0,0
4465,0,0,0
4466,436,396,0
4467,58,61,3
4468,0,0,0
4469,76,460,66
4470,206,432,84
4471,94,367,97
4472,126,337,25
4473,55,146,11
4474,259,432,33
4475,294,494,22
4476,182,495,15
4477,182,162,7
4478,289,528,18
4479,123,360,14
4480,73,327,26
4481,135,332,35
4482,35,89,13
4483,48,309,21
4484,341,434,6
4485,0,0,0
4486,103,358,48
4487,0,0,0
4488,80,155,31
4489,25,31,0
4490,56,319,130
4491,471,1121,150
4492,195,338,29
4493,127,483,40
4494,52,338,118
4495,108,480,71
4496,94,303,51
4497,0,231,30
4498,69,327,97
4499,10,382,120
4500,13,681,141
4501,428,566,181
4502,0,0,0
4503,51,523,41
4504,189,704,61
4505,10,129,114
4506,68,151,166
4507,16,342,352
4508,21,361,91
4509,76,365,162
4510,3,14,3
4511,21,87,16
4512,89,362,69
4513,2,15,4
4514,53,517,259
4515,0,128,68
4516,9,102,25
4517,288,570,19
4518,52,225,28
4519,18,211,53
4520,25,292,72
4521,0,0,0
4522,59,213,66
4523,0,0,0
4524,0,0,0
4525,11,38,14
4526,0,0,0
4527,0,0,0
4528,1,16,10
4529,18,230,146
4530,55,249,426
4531,11,46,86
4532,5,22,40
4533,26,336,214
4534,4,51,33
4535,0,0,0
4536,0,222,165
4537,26,107,198
4538,2,10,19
4539,0,1,2
4540,61,380,76
4541,160,715,195
4542,0,0,0
4543,0,0,0
4544,43,147,54
4545,0,0,0
4546,1,145,507
4547,15,170,178
4548,2,22,46
4549,7,89,190
4550,0,0,0
4551,0,0,0
4552,1,51,52
4553,0,54,40
4554,12,286,352
4555,0,220,165
4556,8,196,242
4557,5,121,246
4558,85,741,165
4559,95,501,128
4560,0,402,86
4561,16,183,187
4562,13,143,156
4563,39,631,374
4564,40,525,325
4565,7,25,8
4566,6,50,50
4567,30,621,217
4568,17,438,274
4569,26,901,492
4570,100,769,59
4571,45,702,138
4572,66,609,312
4573,116,434,43
4574,0,0,0
4575,0,0,0
4576,22,596,142
4577,0,0,0
4578,18,494,118
4579,0,2,1
4580,99,1030,143
4581,101,532,185
4582,14,378,215
4583,10,262,149
4584,71,947,462
4585,47,515,317
4586,17,871,312
4587,212,2134,706
4588,0,5,2
4589,17,834,298
4590,4,27,39
4591,0,0,1
4592,4,47,35
4593,9,97,72
4594,6,72,53
4595,4,27,38
4596,7,48,71
4597,3,58,69
4598,23,77,58
4599,10,227,78
4600,9,96,71
4601,10,106,78
4602,9,121,258
4603,15,222,291
4604,9,81,292
4605,41,234,313
4606,4,40,144
4607,10,232,33
4608,8,190,27
4609,9,145,69
4610,32,141,44
4611,1,8,7
4612,15,67,21
4613,3,13,4
4614,8,37,12
4615,1,2,1
4616,3,6,4
4617,63,143,85
4618,2,4,2
4619,8,18,11
4620,8,19,11
4621,2,6,3
4622,0,0,0
4623,0,0,0
4624,20,45,27
4625,5,13,8
4626,0,0,0
4627,8,18,10
4628,5,12,7
4629,7,17,10
4630,1,3,2
4631,4,9,5
4632,34,79,47
4633,2,5,3
4634,6,14,8
4635,87,198,118
4636,0,0,0
4637,1,3,2
4638,5,13,12
4639,0,1,1
4640,0,0,0
4641,1,3,3
4642,3,8,8
4643,3,8,8
4644,3,7,4
4645,0,1,1
4646,0,0,0
4647,5,11,10
4648,0,0,0
4649,1,3,2
4650,4,10,6
4651,4,10,6
4652,1,2,1
4653,3,8,4
4654,0,0,0
4655,0,0,0
4656,60,138,82
4657,0,0,0
4658,10,24,23
4659,59,112,47
4660,86,200,120
4661,4,7,3
4662,28,54,22
4663,2,3,6
4664,100,189,327
4665,78,145,61
4666,54,127,76
4667,9,20,11
4668,0,0,0
4669,66,125,53
4670,0,0,0
4671,75,174,113
4672,20,38,16
4673,71,135,57
4674,62,139,75
4675,6,14,7
4676,53,117,63
4677,27,39,12
4678,28,41,14
4679,0,0,0
4680,79,128,47
4681,38,61,22
4682,136,201,68
4683,89,132,45
4684,174,259,89
4685,71,117,44
4686,38,64,24
4687,79,133,50
4688,83,142,54
4689,1,3,1
4690,0,1,1
4691,0,0,0
4692,44,99,95
4693,36,81,78
4694,22,51,42
4695,5,10,4
4696,42,96,79
4697,147,272,463
4698,77,146,251
4699,5,13,7
4700,5,13,12
4701,10,23,22
4702,8,18,18
4703,0,0,0
4704,2,6,2
4705,3,7,3
4706,4,8,15
4707,19,35,61
4708,4,9,4
4709,0,0,0
4710,0,0,0
4711,0,0,0
4712,4,10,5
4713,0,0,0
4714,37,77,37
4715,0,0,0
4716,0,0,0
4717,0,0,0
4718,0,0,0
4719,12,29,28
4720,3,8,8
4721,18,42,41
4722,23,51,49
4723,0,0,0
4724,2,5,5
4725,4,9,9
4726,2,6,6
4727,2,6,6
4728,6,14,14
4729,22,49,48
4730,0,0,0
4731,0,0,0
4732,12,23,9
4733,56,105,44
4734,46,86,36
4735,47,89,38
4736,94,174,73
4737,66,122,51
4738,35,65,27
4739,0,0,0
4740,77,145,61
4741,0,0,0
4742,57,108,45
4743,61,116,49
4744,48,90,38
4745,48,109,105
4746,4,9,8
4747,4,9,9
4748,0,1,1
4749,24,46,79
4750,4,9,9
4751,5,12,12
4752,2,6,6
4753,5,11,11
4754,115,271,186
4755,12,28,27
4756,4,10,10
4757,1,3,3
4758,1,4,4
4759,3,8,7
4760,3,8,8
4761,9,21,21
4762,7,16,15
4763,7,13,20
4764,62,114,193
4765,3,5,9
4766,44,87,130
4767,8,15,24
4768,100,201,304
4769,11,23,35
4770,10,20,31
4771,6,14,13
4772,7,17,16
4773,22,43,74
4774,44,87,132
4775,0,0,0
4776,1,4,4
4777,0,0,0
4778,1,2,2
4779,7,17,16
4780,10,24,23
4781,2,4,4
4782,11,25,24
4783,2,4,4
4784,1,3,3
4785,1,3,4
4786,0,1,2
4787,11,22,33
4788,8,18,13
4789,36,87,60
4790,75,176,121
4791,3,8,7
4792,31,72,50
4793,6,15,10
4794,9,21,15
4795,95,225,155
4796,77,180,123
4797,0,0,0
4798,92,217,149
4799,32,77,53
4800,29,67,44
4801,61,144,99
4802,38,91,63
4803,6,15,10
4804,17,41,28
4805,17,39,23
4806,0,0,0
4807,34,78,52
4808,2,5,3
4809,16,37,25
4810,1,2,1
4811,4,6,1
4812,9,21,14
4813,13,17,5
4814,14,28,43
4815,6,14,13
4816,7,17,11
4817,8,19,18
4818,12,26,26
4819,95,223,153
4820,51,122,84
4821,16,37,36
4822,16,37,31
4823,51,118,97
4824,4,8,14
4825,7,13,23
4826,6,12,21
4827,6,12,21
4828,0,1,0
4829,0,0,0
4830,0,0,0
4831,3,6,11
4832,3,7,12
4833,13,25,44
4834,1,2,4
4835,13,24,42
4836,1,3,5
4837,0,1,2
4838,0,1,1
4839,0,0,0
4840,1,2,1
4841,8,19,18
4842,10,24,23
4843,6,14,14
4844,1,2,2
4845,5,9,16
4846,4,8,14
4847,4,7,13
4848,6,11,19
4849,2,4,7
4850,88,178,85
4851,0,0,0
4852,0,0,0
4853,25,51,24
4854,0,2,2
4855,32,68,33
4856,3,6,3
4857,2,5,2
4858,0,0,0
4859,0,0,0
4860,105,243,202
4861,0,0,0
4862,0,0,0
4863,1,3,1
4864,133,261,390
4865,0,0,0
4866,1,3,6
4867,5,10,18
4868,18,38,18
4869,0,0,0
4870,0,0,0
4871,0,0,0
4872,0,0,0
4873,0,0,0
4874,0,0,0
4875,0,0,0
4876,1,2,0
4877,0,0,0
4878,38,80,39
4879,0,0,0
4880,7,17,17
4881,3,7,7
4882,15,29,50
4883,6,11,20
4884,51,117,75
4885,58,134,108
4886,33,78,63
4887,53,121,78
4888,70,163,106
4889,2,6,3
4890,0,1,0
4891,0,0,0
4892,53,96,39
4893,0,0,0
4894,25,57,45
4895,10,23,14
4896,14,33,27
4897,132,292,222
4898,27,62,40
4899,130,288,173
4900,2,3,0
4901,59,64,16
4902,47,53,14
4903,112,126,35
4904,1,2,0
4905,5,10,3
4906,102,117,33
4907,22,40,16
4908,134,151,42
4909,33,60,24
4910,64,145,116
4911,34,77,63
4912,41,74,30
4913,105,189,77
4914,47,107,86
4915,3,8,6
4916,88,78,18
4917,65,93,31
4918,3,6,2
4919,52,47,11
4920,58,53,12
4921,13,24,10
4922,4,4,1
4923,157,139,32
4924,136,198,67
4925,9,20,10
4926,0,1,0
4927,0,0,0
4928,0,0,0
4929,59,104,41
4930,144,260,106
4931,64,115,47
4932,30,54,22
4933,0,0,0
4934,3,6,2
4935,3,6,2
4936,2,5,2
4937,0,0,0
4938,0,1,0
4939,0,0,0
4940,0,0,0
4941,7,13,4
4942,0,0,0
4943,0,0,0
4944,7,12,4
4945,15,27,11
4946,21,38,15
4947,12,29,24
4948,24,56,46
4949,70,162,131
4950,20,46,37
4951,0,0,0
4952,0,0,0
4953,0,0,0
4954,87,144,54
4955,83,132,48
4956,53,82,29
4957,7,11,4
4958,32,49,17
4959,0,0,0
4960,92,155,59
4961,122,200,75
4962,0,0,0
4963,0,0,0
4964,103,161,58
4965,1,2,0
4966,3,3,1
4967,77,120,43
4968,55,88,32
4969,0,0,0
4970,0,0,0
4971,25,58,46
4972,3,6,10
4973,13,24,38
4974,0,0,0
4975,0,0,0
4976,0,0,0
4977,0,0,0
4978,0,0,0
4979,16,36,21
4980,19,44,26
4981,1,3,2
4982,10,24,14
4983,4,9,5
4984,6,13,8
4985,3,6,4
4986,8,19,11
4987,164,361,200
4988,19,44,26
4989,10,24,14
4990,164,361,200
4991,2,5,3
4992,29,67,40
4993,28,66,40
4994,26,59,35
4995,27,62,37
4996,83,180,97
4997,3,6,7
4998,6,15,9
4999,15,32,35
5000,23,53,31
5001,18,40,43
5002,3,7,4
5003,8,18,20
5004,3,6,2
5005,20,39,17
5006,0,0,0
5007,0,0,0
5008,4,10,10
5009,15,35,21
5010,20,47,35
5011,5,11,5
5012,8,20,12
5013,16,37,22
5014,12,28,16
5015,6,14,8
5016,6,15,9
5017,6,14,8
5018,0,0,0
5019,22,53,31
5020,11,27,16
5021,3,6,7
5022,6,14,15
5023,3,8,8
5024,1,3,3
5025,4,10,6
5026,5,11,12
5027,12,27,29
5028,28,65,39
5029,18,41,24
5030,0,1,1
5031,0,0,0
5032,13,30,18
5033,2,5,6
5034,4,9,9
5035,5,11,12
5036,4,9,10
5037,3,7,8
5038,31,71,42
5039,36,84,50
5040,43,101,60
5041,10,22,12
5042,2,5,3
5043,23,51,28
5044,11,25,13
5045,37,82,45
5046,17,37,20
5047,38,84,46
5048,15,34,19
5049,26,58,32
5050,13,30,17
5051,35,79,44
5052,18,40,22
5053,5,12,7
5054,68,152,85
5055,27,62,34
5056,97,213,117
5057,10,24,13
5058,57,131,96
5059,83,196,146
5060,107,213,96
5061,100,200,89
5062,0,0,0
5063,2,5,3
5064,11,20,8
5065,0,1,0
5066,5,12,6
5067,29,70,52
5068,43,102,76
5069,40,94,57
5070,54,109,50
5071,99,199,91
5072,108,218,100
5073,125,250,114
5074,83,191,117
5075,51,118,71
5076,46,109,71
5077,0,1,0
5078,35,69,32
5079,64,148,90
5080,36,81,45
5081,53,123,75
5082,86,198,120
5083,85,169,77
5084,70,156,84
5085,51,115,62
5086,5,13,7
5087,119,263,142
5088,28,63,34
5089,2,5,2
5090,6,15,9
5091,67,137,63
5092,50,110,60
5093,39,87,47
5094,25,40,14
5095,46,93,43
5096,0,0,0
5097,197,389,177
5098,12,24,11
5099,0,0,0
5100,72,122,46
5101,0,0,0
5102,88,208,155
5103,73,173,129
5104,14,32,24
5105,53,118,64
5106,54,120,65
5107,6,12,4
5108,2,4,1
5109,31,69,38
5110,16,35,19
5111,21,37,14
5112,7,12,5
5113,58,105,42
5114,2,4,1
5115,4,7,3
5116,16,30,11
5117,32,56,22
5118,10,19,7
5119,20,36,14
5120,15,27,10
5121,37,74,33
5122,81,160,71
5123,70,124,49
5124,11,19,7
5125,116,207,82
5126,103,205,91
5127,98,194,86
5128,21,37,15
5129,128,230,92
5130,32,58,23
5131,1,2,1
5132,1,3,2
5133,5,13,7
5134,2,5,3
5135,2,5,3
5136,0,0,0
5137,0,1,0
5138,39,89,53
5139,15,35,21
5140,5,12,7
5141,26,60,35
5142,5,12,7
5143,10,24,14
5144,34,256,117
5145,38,106,96
5146,175,95,24
5147,58,82,122
5148,57,194,52
5149,0,174,124
5150,80,152,0
5151,86,67,72
5152,32,180,47
5153,47,154,210
5154,33,107,192
5155,62,129,136
5156,11,141,95
5157,29,205,196
5158,49,131,197
5159,31,232,160
5160,0,157,99
5161,41,111,198
5162,29,145,122
5163,84,112,126
5164,64,141,147
5165,151,226,141
5166,140,117,38
5167,116,160,59
5168,146,8,0
5169,16,30,0
5170,0,0,0
5171,190,99,15
5172,158,96,26
5173,27,13,0
5174,0,0,0
5175,267,44,0
5176,14,0,0
5177,0,0,0
5178,102,156,9
5179,209,201,50
5180,76,37,29
5181,75,147,18
5182,147,142,38
5183,163,70,0
5184,153,101,25
5185,85,120,10
5186,298,165,21
5187,200,51,0
5188,6,0,0
5189,16,0,25
5190,0,0,0
5191,114,129,63
5192,70,201,206
5193,96,194,190
5194,93,135,29
5195,63,156,26
5196,92,160,236
5197,117,76,0
5198,132,119,20
5199,106,144,34
5200,108,135,108
5201,20,41,51
5202,87,126,38
5203,161,148,0
5204,170,95,0
5205,195,103,14
5206,78,123,30
5207,54,157,0
5208,62,117,54
5209,27,84,32
5210,14,118,232
5211,36,270,89
5212,75,178,103
5213,89,335,49
5214,371,145,27
5215,75,277,21
5216,76,138,69
5217,246,334,105
5218,109,149,55
5219,95,277,39
5220,340,145,14
5221,77,125,0
5222,64,192,137
5223,86,322,79
5224,43,193,144
5225,103,157,114
5226,38,134,105
5227,87,285,15
5228,219,244,94
5229,220,75,0
5230,69,148,241
5231,41,133,275
5232,0,77,252
5233,255,262,182
5234,94,183,85
5235,131,179,148
5236,251,0,0
5237,73,86,40
5238,60,150,0
5239,113,59,38
5240,204,182,13
5241,178,153,10
5242,69,156,34
5243,87,147,52
5244,218,93,30
5245,220,82,38
5246,154,247,87
5247,119,278,95
5248,84,209,23
5249,136,172,113
5250,275,222,33
5251,127,154,55
5252,181,146,36
5253,189,67,15
5254,128,87,108
5255,166,90,25
5256,236,164,9
5257,58,325,111
5258,90,150,0
5259,35,99,12
5260,68,224,21
5261,140,146,34
5262,100,192,82
5263,101,194,10
5264,153,146,34
5265,95,149,0
5266,27,27,0
5267,30,0,14
5268,55,246,77
5269,24,198,42
5270,69,112,223
5271,94,156,84
5272,384,195,115
5273,84,126,94
5274,136,203,60
5275,12,280,99
5276,39,167,237
5277,123,169,54
5278,20,49,0
5279,74,192,204
5280,120,90,9
5281,126,237,18
5282,349,224,34
5283,205,39,17
5284,115,77,13
5285,132,163,83
5286,179,104,50
5287,136,152,0
5288,188,187,0
5289,103,171,72
5290,20,311,162
5291,75,207,106
5292,57,175,118
5293,83,135,96
5294,23,101,125
5295,10,167,121
5296,47,100,67
5297,0,142,171
5298,19,86,241
5299,108,176,25
5300,12,107,154
5301,20,153,158
5302,30,120,100
5303,84,154,121
5304,0,137,127
5305,71,149,32
5306,25,212,0
5307,40,119,203
5308,65,179,94
5309,40,198,40
5310,47,157,57
5311,43,179,56
5312,0,67,155
5313,89,134,56
5314,0,0,0
5315,49,169,57
5316,122,207,26
5317,104,86,76
5318,165,236,36
5319,166,230,56
5320,142,144,98
5321,124,137,96
5322,24,204,140
5323,24,102,157
5324,20,136,108
5325,123,147,37
5326,20,234,127
5327,6,18,9
5328,61,45,0
5329,63,159,38
5330,57,130,18
5331,0,0,0
5332,198,116,4
5333,35,128,58
5334,31,157,113
5335,99,136,52
5336,49,40,0
5337,56,11,0
5338,26,0,0
5339,70,186,54
5340,192,85,9
5341,331,142,20
5342,130,143,49
5343,9,26,0
5344,47,94,77
5345,50,424,84
5346,83,164,24
5347,27,256,186
5348,128,230,13
5349,153,138,85
5350,79,171,19
5351,45,174,47
5352,26,160,59
5353,56,190,117
5354,20,148,154
5355,62,181,112
5356,75,169,59
5357,75,167,59
5358,28,169,68
5359,25,333,56
5360,80,187,52
5361,56,124,18
5362,117,126,117
5363,155,169,44
5364,66,126,34
5365,59,232,115
5366,40,191,72
5367,62,128,80
5368,99,157,114
5369,81,169,68
5370,78,181,77
5371,167,90,45
5372,41,210,50
5373,11,39,17
5374,30,183,66
5375,49,239,56
5376,26,158,178
5377,54,114,129
5378,58,127,121
5379,69,157,54
5380,90,177,23
5381,30,54,67
5382,62,95,35
5383,57,156,25
5384,48,147,105
5385,84,98,22
5386,47,143,101
5387,82,116,11
5388,85,138,2
5389,114,192,87
5390,43,176,49
5391,50,178,49
5392,49,166,53
5393,25,105,36
5394,42,122,56
5395,46,168,85
5396,77,117,23
5397,53,151,32
5398,70,143,64
5399,81,190,4
5400,6,16,0
5401,63,108,29
5402,56,175,45
5403,52,170,89
5404,22,105,40
5405,38,151,75
5406,61,107,28
5407,54,153,67
5408,120,119,30
5409,59,163,100
5410,3,18,16
5411,18,134,118
5412,28,137,101
5413,88,105,49
5414,36,141,89
5415,24,147,115
5416,39,111,91
5417,39,111,90
5418,21,147,101
5419,25,169,117
5420,89,160,65
5421,21,167,123
5422,42,151,87
5423,105,176,68
5424,21,145,101
5425,53,93,130
5426,28,107,96
5427,50,98,42
5428,131,116,30
5429,79,123,29
5430,42,116,65
5431,46,117,69
5432,71,136,75
5433,17,130,120
5434,48,147,119
5435,41,131,105
5436,36,126,101
5437,49,166,100
5438,52,140,72
5439,51,119,74
5440,76,142,79
5441,67,129,72
5442,48,174,71
5443,68,182,103
5444,75,164,47
5445,44,167,68
5446,75,110,84
5447,135,170,98
5448,31,165,78
5449,148,192,21
5450,34,145,95
5451,61,134,48
5452,51,122,75
5453,93,197,31
5454,68,156,62
5455,63,143,50
5456,48,150,82
5457,56,105,59
5458,24,147,118
5459,61,133,125
5460,26,155,90
5461,39,88,84
5462,25,164,97
5463,27,130,82
5464,27,148,105
5465,32,154,102
5466,23,125,94
5467,33,143,72
5468,43,82,35
5469,29,193,143
5470,14,126,143
5471,12,124,111
5472,25,153,85
5473,26,126,87
5474,12,112,101
5475,4,114,127
5476,34,108,108
5477,36,133,105
5478,29,156,162
5479,36,165,123
5480,22,117,87
5481,21,134,109
5482,19,114,86
5483,29,174,85
5484,44,146,64
5485,56,143,45
5486,61,139,34
5487,27,112,208
5488,21,121,124
5489,51,160,75
5490,47,158,142
5491,44,141,119
5492,25,241,104
5493,14,142,120
5494,0,1,0
5495,56,173,42
5496,16,30,13
5497,62,183,36
5498,0,1,0
5499,81,226,71
5500,9,27,19
5501,37,169,89
5502,39,178,98
5503,40,170,89
5504,27,177,73
5505,38,123,55
5506,36,94,68
5507,47,122,90
5508,0,0,0
5509,43,128,92
5510,13,108,163
5511,16,246,32
5512,26,166,108
5513,32,221,94
5514,69,217,109
5515,26,49,20
5516,16,117,68
5517,21,144,83
5518,26,173,98
5519,42,175,93
5520,17,133,209
5521,22,151,96
5522,64,191,137
5523,19,140,59
5524,15,250,34
5525,48,102,100
5526,29,161,119
5527,56,177,131
5528,29,136,84
5529,33,150,92
5530,13,197,162
5531,42,142,84
5532,43,144,84
5533,41,132,77
5534,26,187,72
5535,35,175,77
5536,21,193,107
5537,41,189,92
5538,32,225,88
5539,45,160,90
5540,105,180,31
5541,174,133,20
5542,72,119,45
5543,77,131,32
5544,58,119,38
5545,70,130,29
5546,61,100,36
5547,50,113,67
5548,35,113,79
5549,110,106,43
5550,22,151,59
5551,10,113,16
5552,40,158,48
5553,30,142,38
5554,1,9,18
5555,70,101,53
5556,7,90,189
5557,31,163,51
5558,86,147,25
5559,74,120,46
5560,29,174,58
5561,59,171,22
5562,52,163,47
5563,69,138,36
5564,72,129,26
5565,105,164,19
5566,70,145,50
5567,78,145,53
5568,61,111,40
5569,111,126,8
5570,68,184,49
5571,114,168,15
5572,127,99,27
5573,148,110,8
5574,105,172,63
5575,111,135,9
5576,82,123,34
5577,113,131,15
5578,50,109,46
5579,23,46,14
5580,16,178,24
5581,104,151,39
5582,176,81,16
5583,129,129,54
5584,79,134,16
5585,197,158,10
5586,79,111,110
5587,68,131,40
5588,87,128,19
5589,78,163,67
5590,45,197,93
5591,16,137,109
5592,38,169,77
5593,39,207,82
5594,47,130,72
5595,13,128,140
5596,26,149,107
5597,9,63,58
5598,4,145,90
5599,29,182,91
5600,50,146,93
5601,21,113,54
5602,13,63,53
5603,22,212,96
5604,17,252,110
5605,41,91,140
5606,16,85,162
5607,6,72,166
5608,24,207,158
5609,2,15,15
5610,12,86,102
5611,5,110,143
5612,0,110,77
5613,5,164,52
5614,4,159,48
5615,4,17,6
5616,13,104,173
5617,12,138,93
5618,27,71,154
5619,12,30,67
5620,16,114,98
5621,7,135,92
5622,13,77,119
5623,1,111,127
5624,3,116,70
5625,0,115,170
5626,37,50,101
5627,46,64,125
5628,23,81,88
5629,1,89,107
5630,12,69,86
5631,32,110,89
5632,36,176,48
5633,8,41,27
5634,54,93,95
5635,27,124,111
5636,29,96,101
5637,0,18,22
5638,0,4,8
5639,0,67,48
5640,18,216,62
5641,20,185,52
5642,17,159,45
5643,13,148,99
5644,39,182,108
5645,21,182,47
5646,110,139,55
5647,0,192,89
5648,8,130,137
5649,18,156,119
5650,17,141,106
5651,34,184,219
5652,15,179,131
5653,33,109,134
5654,55,113,48
5655,36,90,127
5656,48,172,158
5657,31,68,28
5658,64,196,224
5659,23,378,74
5660,29,49,63
5661,30,116,111
5662,62,110,28
5663,39,146,143
5664,38,93,133
5665,0,84,125
5666,33,152,88
5667,29,112,37
5668,19,169,40
5669,39,122,186
5670,44,129,72
5671,49,138,80
5672,13,146,111
5673,28,160,106
5674,78,95,116
5675,34,119,114
5676,16,49,73
5677,46,162,82
5678,42,132,46
5679,21,110,71
5680,28,114,38
5681,53,112,88
5682,62,112,98
5683,54,146,124
5684,33,192,72
5685,8,52,50
5686,55,175,81
5687,14,91,87
5688,19,111,139
5689,45,159,66
5690,16,62,13
5691,42,99,37
5692,9,141,109
5693,48,158,93
5694,40,110,73
5695,44,121,81
5696,45,117,66
5697,51,125,57
5698,48,76,35
5699,23,75,35
5700,20,178,20
5701,45,189,37
5702,49,188,39
5703,57,154,57
5704,101,145,67
5705,47,212,36
5706,66,130,68
5707,8,150,116
5708,0,92,125
5709,42,131,77
5710,43,140,80
5711,44,134,109
5712,67,94,55
5713,75,101,59
5714,25,211,34
5715,44,141,50
5716,14,141,34
5717,72,131,61
5718,36,147,54
5719,65,164,45
5720,24,191,52
5721,63,175,42
5722,84,155,47
5723,60,184,77
5724,47,175,68
5725,62,166,62
5726,85,209,40
5727,39,201,44
5728,2,9,2
5729,53,187,40
5730,23,194,52
5731,42,152,64
5732,39,185,78
5733,76,164,55
5734,25,106,124
5735,41,113,96
5736,81,198,111
5737,74,165,46
5738,75,197,60
5739,50,154,71
5740,90,135,62
5741,78,162,33
5742,72,172,28
5743,53,121,62
5744,68,165,27
5745,49,144,62
5746,20,184,45
5747,62,138,72
5748,30,171,52
5749,26,151,67
5750,27,123,142
5751,5,113,120
5752,9,122,69
5753,15,169,54
5754,17,184,57
5755,46,147,114
5756,49,170,48
5757,37,156,94
5758,69,167,43
5759,22,89,189
5760,30,181,182
5761,36,154,93
5762,44,178,58
5763,45,187,67
5764,54,108,124
5765,110,223,259
5766,32,99,211
5767,18,217,82
5768,27,150,124
5769,5,10,1
5770,29,159,130
5771,49,154,97
5772,26,183,68
5773,30,134,132
5774,62,201,129
5775,6,49,19
5776,36,148,103
5777,14,220,169
5778,0,181,108
5779,16,91,153
5780,17,87,125
5781,21,193,44
5782,19,135,71
5783,67,131,41
5784,101,150,106
5785,32,55,6
5786,118,197,24
5787,114,158,10
5788,128,189,11
5789,86,160,32
5790,85,171,27
5791,39,159,42
5792,105,168,16
5793,57,165,28
5794,70,138,43
5795,53,169,124
5796,179,269,38
5797,6,157,24
5798,0,137,87
5799,9,124,95
5800,73,136,35
5801,61,121,73
5802,92,168,83
5803,73,136,65
5804,27,130,137
5805,22,196,39
5806,0,170,105
5807,111,186,23
5808,76,218,37
5809,46,133,22
5810,54,161,27
5811,40,94,82
5812,61,168,59
5813,58,146,33
5814,52,132,29
5815,0,158,200
5816,15,142,137
5817,19,128,112
5818,8,85,143
5819,39,152,57
5820,34,192,40
5821,92,173,34
5822,49,185,47
5823,43,173,69
5824,108,160,30
5825,52,192,49
5826,45,172,74
5827,78,175,64
5828,0,119,60
5829,0,216,112
5830,13,128,110
5831,10,103,90
5832,11,116,100
5833,10,105,91
5834,6,97,115
5835,18,160,153
5836,5,130,169
5837,29,122,63
5838,44,183,94
5839,31,145,101
5840,29,105,103
5841,24,74,144
5842,17,91,104
5843,23,104,101
5844,18,93,103
5845,54,144,38
5846,17,95,106
5847,47,133,62
5848,30,139,98
5849,25,116,82
5850,32,143,101
5851,22,70,136
5852,0,132,69
5853,11,116,101
5854,10,109,94
5855,28,164,128
5856,32,101,119
5857,57,138,115
5858,23,150,181
5859,44,125,70
5860,27,119,62
5861,16,83,161
5862,16,141,66
5863,11,126,85
5864,8,108,74
5865,37,140,68
5866,13,123,38
5867,13,165,112
5868,0,90,117
5869,9,111,121
5870,41,133,69
5871,23,97,80
5872,4,5,5
5873,9,93,156
5874,54,87,118
5875,41,104,60
5876,8,103,71
5877,12,132,221
5878,45,97,126
5879,18,120,136
5880,20,123,139
5881,15,99,110
5882,28,95,105
5883,27,162,63
5884,3,20,8
5885,50,191,61
5886,50,176,50
5887,56,129,72
5888,97,151,99
5889,0,168,120
5890,0,189,139
5891,18,164,104
5892,14,79,124
5893,0,150,109
5894,12,66,104
5895,27,189,164
5896,38,96,138
5897,11,129,24
5898,50,132,93
5899,28,75,84
5900,44,115,127
5901,28,190,40
5902,37,214,29
5903,102,109,144
5904,62,77,102
5905,64,92,123
5906,25,142,98
5907,19,107,99
5908,68,169,39
5909,21,123,89
5910,20,146,91
5911,33,107,96
5912,69,133,65
5913,46,125,50
5914,88,139,35
5915,121,118,129
5916,16,119,97
5917,26,105,80
5918,25,104,82
5919,25,135,66
5920,79,112,153
5921,37,151,68
5922,19,201,114
5923,11,170,94
5924,13,184,74
5925,6,125,107
5926,49,225,48
5927,102,146,44
5928,80,153,87
5929,27,169,88
5930,41,86,137
5931,12,75,43
5932,75,182,48
5933,62,167,58
5934,30,162,113
5935,36,264,149
5936,50,99,45
5937,67,109,111
5938,82,153,68
5939,10,166,43
5940,35,50,33
5941,35,126,72
5942,62,170,67
5943,18,136,104
5944,0,138,156
5945,6,117,61
5946,38,105,40
5947,28,91,156
5948,13,187,116
5949,21,96,132
5950,22,58,37
5951,65,187,71
5952,19,187,138
5953,44,171,76
5954,30,103,51
5955,80,179,38
5956,55,163,101
5957,29,84,31
5958,68,181,72
5959,37,164,203
5960,43,121,82
5961,6,81,173
5962,53,169,52
5963,39,253,64
5964,60,84,20
5965,54,135,64
5966,102,187,31
5967,109,198,30
5968,103,129,53
5969,42,58,14
5970,61,176,76
5971,55,181,54
5972,23,76,23
5973,37,184,85
5974,18,186,71
5975,45,153,91
5976,62,234,72
5977,80,165,60
5978,59,203,60
5979,111,174,49
5980,73,197,28
5981,64,125,103
5982,83,154,51
5983,81,107,72
5984,45,111,267
5985,49,90,24
5986,37,33,247
5987,25,66,60
5988,31,34,116
5989,15,179,116
5990,21,148,80
5991,67,213,107
5992,0,162,172
5993,5,3,4
5994,107,122,108
5995,49,217,94
5996,18,133,424
5997,0,0,0
5998,131,42,100
5999,0,0,0
6000,3,11,8
6001,30,139,266
6002,54,194,184
6003,46,112,189
6004,68,236,169
6005,27,142,214
6006,32,161,240
6007,39,96,160
6008,29,125,133
6009,12,136,100
6010,48,81,100
6011,14,84,133
6012,62,106,130
6013,20,125,194
6014,61,101,128
6015,39,83,111
6016,5,57,84
6017,13,76,119
6018,45,76,94
6019,0,110,168
6020,2,76,144
6021,71,101,107
6022,42,54,55
6023,31,81,72
6024,0,266,133
6025,0,44,23
6026,35,68,390
6027,64,111,246
6028,7,33,15
6029,45,182,80
6030,50,87,204
6031,47,86,107
6032,22,81,87
6033,4,124,75
6034,30,103,111
6035,46,44,310
6036,41,37,268
6037,43,58,58
6038,66,178,160
6039,0,78,153
6040,0,133,262
6041,34,33,227
6042,41,58,136
6043,48,188,77
6044,42,167,62
6045,52,199,81
6046,43,65,148
6047,50,190,67
6048,39,151,53
6049,124,232,55
6050,111,211,48
6051,14,136,117
6052,57,182,90
6053,17,71,25
6054,99,175,62
6055,47,179,62
6056,52,255,18
6057,106,159,44
6058,76,165,41
6059,0,0,0
6060,122,158,28
6061,82,141,65
6062,64,118,54
6063,0,0,3
6064,28,104,198
6065,4,172,107
6066,24,109,89
6067,15,119,204
6068,10,138,125
6069,12,102,174
6070,29,169,298
6071,21,91,125
6072,19,95,94
6073,19,86,120
6074,0,296,141
6075,54,236,102
6076,62,153,145
6077,24,114,165
6078,42,196,51
6079,13,201,195
6080,11,189,101
6081,30,95,164
6082,44,190,21
6083,40,139,57
6084,10,168,82
6085,26,83,143
6086,60,211,86
6087,12,159,143
6088,22,90,135
6089,27,107,167
6090,29,133,108
6091,0,256,129
6092,6,89,192
6093,32,147,121
6094,6,82,170
6095,20,83,127
6096,25,105,146
6097,39,219,104
6098,113,152,55
6099,40,174,74
6100,95,247,95
6101,95,103,36
6102,46,176,77
6103,94,147,33
6104,31,116,60
6105,26,191,26
6106,25,189,25
6107,109,180,80
6108,22,157,21
6109,118,114,41
6110,83,217,35
6111,67,179,27
6112,139,104,31
6113,0,0,0
6114,23,95,82
6115,38,127,73
6116,55,117,75
6117,3,14,12
6118,68,120,48
6119,81,108,90
6120,40,136,78
6121,0,0,0
6122,177,213,56
6123,3,88,73
6124,37,271,36
6125,91,166,25
6126,69,123,53
6127,89,134,28
6128,63,188,42
6129,45,165,69
6130,101,116,53
6131,109,174,77
6132,29,118,95
6133,48,192,26
6134,92,126,44
6135,42,191,60
6136,38,152,95
6137,103,155,48
6138,55,174,27
6139,36,136,58
6140,39,137,102
6141,85,151,42
6142,78,159,37
6143,73,108,33
6144,68,142,51
6145,74,158,66
6146,87,137,80
6147,40,179,81
6148,128,137,76
6149,162,194,21
6150,61,208,32
6151,43,160,44
6152,91,277,14
6153,68,157,40
6154,124,143,30
6155,80,184,36
6156,0,0,0
6157,0,0,0
6158,0,0,0
6159,70,155,26
6160,64,110,75
6161,72,109,56
6162,74,118,68
6163,14,42,63
6164,7,126,141
6165,37,197,124
6166,24,113,142
6167,28,148,92
6168,28,151,95
6169,23,105,131
6170,20,102,124
6171,10,111,110
6172,19,93,114
6173,39,115,174
6174,36,101,154
6175,7,147,167
6176,0,192,44
6177,45,166,119
6178,0,238,54
6179,44,143,105
6180,37,157,77
6181,39,152,94
6182,25,80,61
6183,105,327,141
6184,7,51,54
6185,21,140,115
6186,34,169,92
6187,37,166,82
6188,33,115,21
6189,76,93,115
6190,27,138,121
6191,5,41,151
6192,76,167,117
6193,28,110,147
6194,17,79,165
6195,29,115,155
6196,27,102,138
6197,4,221,69
6198,14,116,48
6199,15,195,72
6200,42,150,138
6201,25,80,113
6202,19,139,116
6203,20,145,121
6204,26,163,144
6205,60,153,111
6206,12,208,61
6207,62,140,97
6208,51,91,81
6209,55,170,58
6210,21,177,87
6211,23,209,103
6212,79,179,33
6213,4,178,48
6214,8,135,109
6215,42,163,103
6216,30,182,67
6217,46,106,78
6218,87,133,35
6219,125,189,42
6220,103,159,44
6221,58,166,59
6222,47,145,55
6223,166,89,7
6224,39,164,82
6225,11,28,37
6226,40,200,79
6227,3,12,3
6228,136,67,85
6229,42,142,29
6230,64,161,41
6231,143,133,108
6232,27,114,100
6233,52,87,58
6234,66,204,79
6235,126,136,16
6236,111,137,21
6237,121,163,63
6238,75,104,62
6239,102,157,46
6240,174,118,16
6241,150,135,22
6242,128,133,28
6243,76,153,45
6244,25,143,81
6245,32,131,45
6246,24,102,39
6247,45,98,41
6248,106,112,69
6249,46,183,48
6250,32,124,58
6251,56,140,32
6252,36,115,51
6253,36,130,75
6254,59,167,75
6255,35,115,42
6256,44,188,90
6257,49,149,54
6258,51,184,66
6259,50,164,51
6260,81,179,80
6261,28,89,39
6262,49,133,37
6263,30,147,47
6264,20,75,38
6265,38,175,56
6266,58,201,36
6267,64,168,59
6268,59,115,76
6269,2,12,4
6270,15,163,56
6271,45,208,102
6272,62,154,66
6273,21,66,49
6274,107,236,57
6275,0,82,39
6276,72,127,81
6277,47,142,49
6278,37,143,75
6279,22,175,63
6280,15,154,58
6281,18,161,59
6282,0,128,39
6283,70,132,39
6284,7,11,4
6285,65,141,50
6286,57,143,41
6287,53,136,62
6288,65,167,81
6289,46,142,73
6290,97,114,71
6291,21,103,81
6292,31,178,74
6293,95,163,15
6294,36,189,51
6295,81,126,26
6296,44,100,37
6297,97,162,20
6298,59,133,51
6299,1,6,1
6300,8,119,105
6301,21,129,106
6302,25,104,85
6303,24,105,86
6304,39,139,71
6305,22,97,81
6306,30,96,48
6307,42,137,74
6308,20,44,20
6309,84,179,90
6310,125,194,39
6311,72,165,61
6312,26,175,57
6313,60,147,54
6314,0,160,39
6315,72,157,55
6316,79,130,45
6317,103,151,29
6318,119,113,24
6319,132,128,34
6320,30,29,7
6321,133,143,21
6322,23,115,160
6323,97,109,113
6324,102,147,30
6325,59,179,36
6326,131,169,8
6327,135,132,7
6328,131,137,0
6329,122,157,11
6330,11,108,0
6331,80,157,53
6332,66,118,55
6333,27,78,38
6334,82,152,68
6335,58,159,77
6336,3,21,11
6337,80,125,90
6338,64,149,74
6339,95,189,46
6340,3,6,1
6341,16,27,9
6342,60,94,37
6343,56,133,41
6344,37,131,69
6345,57,117,62
6346,45,162,17
6347,10,34,3
6348,33,209,12
6349,63,138,24
6350,87,178,61
6351,86,171,56
6352,56,130,18
6353,18,155,28
6354,29,185,10
6355,53,120,14
6356,0,111,102
6357,60,159,65
6358,39,163,52
6359,26,127,57
6360,44,114,95
6361,32,148,73
6362,22,185,35
6363,18,133,136
6364,115,145,58
6365,15,114,117
6366,9,36,7
6367,36,138,31
6368,81,173,45
6369,2,97,24
6370,64,141,38
6371,67,141,33
6372,7,188,33
6373,33,141,29
6374,57,120,28
6375,31,156,35
6376,64,159,26
6377,59,174,23
6378,6,156,27
6379,38,164,45
6380,10,107,33
6381,68,110,88
6382,68,145,57
6383,74,117,97
6384,91,164,17
6385,51,158,35
6386,88,179,25
6387,93,167,58
6388,66,169,75
6389,16,119,123
6390,15,121,122
6391,77,123,61
6392,16,163,47
6393,110,142,50
6394,120,152,53
6395,109,139,73
6396,196,224,15
6397,106,116,25
6398,0,0,0
6399,44,202,68
6400,25,196,54
6401,28,211,54
6402,92,119,62
6403,51,178,75
6404,51,180,78
6405,58,133,127
6406,27,141,74
6407,34,119,51
6408,2,3,0
6409,111,108,5
6410,43,150,69
6411,80,148,0
6412,69,83,57
6413,102,119,46
6414,70,188,17
6415,92,74,83
6416,81,184,40
6417,90,129,54
6418,57,199,19
6419,56,86,7
6420,66,94,72
6421,90,134,38
6422,0,15,6
6423,41,136,44
6424,55,168,57
6425,50,166,53
6426,54,160,56
6427,53,161,56
6428,93,140,42
6429,73,196,87
6430,28,173,60
6431,39,104,45
6432,40,153,49
6433,42,183,85
6434,63,236,46
6435,16,161,64
6436,65,180,46
6437,27,147,48
6438,71,155,65
6439,56,148,53
6440,63,175,23
