hid,sample_geo,gqtype,gqrtotals,gqtotals
683,903,1,1,1
1102,500,2,1,1
1327,1500,2,1,1
2122,300,1,1,1
2553,905,2,1,1
2843,902,1,1,1
3263,1500,2,1,1
3403,905,2,1,1
4254,1101,2,1,1
4384,905,1,1,1
4612,1300,2,1,1
4939,903,2,1,1
4943,1300,1,1,1
6108,104,2,1,1
6192,303,1,1,1
6996,906,1,1,1
7349,905,2,1,1
8114,904,2,1,1
8809,903,1,1,1
10208,100,2,1,1
10359,303,1,1,1
10604,500,1,1,1
11275,105,1,1,1
13459,305,1,1,1
13823,1101,2,1,1
13833,300,1,1,1
14487,1300,1,1,1
15768,300,2,1,1
16265,100,1,1,1
16791,302,2,1,1
16972,902,1,1,1
17185,1100,2,1,1
17475,1300,2,1,1
17644,900,1,1,1
21077,904,1,1,1
23662,1101,1,1,1
24554,302,2,1,1
24647,500,1,1,1
24865,1100,1,1,1
25468,105,1,1,1
25578,905,2,1,1
25638,105,2,1,1
26011,105,2,1,1
26668,902,1,1,1
26871,1300,2,1,1
27914,1101,2,1,1
27968,305,2,1,1
29108,303,1,1,1
29597,900,1,1,1
30924,900,1,1,1
32088,903,1,1,1
32411,304,2,1,1
33467,903,2,1,1
33734,1300,2,1,1
34150,905,2,1,1
34243,305,2,1,1
34602,105,1,1,1
35496,905,1,1,1
36476,100,2,1,1
37033,101,2,1,1
37074,100,1,1,1
38505,103,2,1,1
39028,905,2,1,1
39411,1101,1,1,1
39876,301,1,1,1
41204,300,1,1,1
42360,700,2,1,1
44644,1300,2,1,1
44680,1300,2,1,1
46580,300,1,1,1
47619,700,1,1,1
48456,500,1,1,1
48858,101,2,1,1
48933,1300,2,1,1
49568,1100,1,1,1
49812,1300,2,1,1
52165,104,1,1,1
53428,303,1,1,1
53868,303,1,1,1
54123,104,2,1,1
54232,904,1,1,1
54587,500,1,1,1
54657,300,1,1,1
55419,1300,2,1,1
55786,500,1,1,1
56637,105,1,1,1
57190,1300,2,1,1
57254,303,1,1,1
57284,303,2,1,1
57296,302,2,1,1
58394,700,1,1,1
58862,302,1,1,1
59936,1101,1,1,1
61236,700,2,1,1
61448,1300,2,1,1
62314,904,2,1,1
62889,1300,1,1,1
64007,1300,2,1,1
64747,901,1,1,1
64942,101,2,1,1
66206,103,1,1,1
66559,904,2,1,1
67028,904,1,1,1
67975,104,2,1,1
68705,100,1,1,1
68781,1100,2,1,1
69287,905,2,1,1
69326,1300,2,1,1
69825,300,1,1,1
70445,903,2,1,1
70746,902,1,1,1
72268,1300,2,1,1
73329,1300,2,1,1
73443,1100,2,1,1
73450,905,1,1,1
73553,1500,2,1,1
73593,904,2,1,1
75996,303,1,1,1
76470,300,1,1,1
77268,903,2,1,1
77327,500,1,1,1
77461,500,1,1,1
80092,302,2,1,1
80427,902,2,1,1
80952,700,2,1,1
81628,1300,1,1,1
81643,905,2,1,1
82610,306,2,1,1
83697,1100,2,1,1
83860,303,1,1,1
84025,100,2,1,1
85081,302,2,1,1
86496,1500,2,1,1
87086,905,1,1,1
87694,901,1,1,1
88224,1100,1,1,1
88454,305,2,1,1
88596,103,2,1,1
89182,103,2,1,1
89225,1300,2,1,1
89902,905,2,1,1
90032,300,1,1,1
91167,1300,1,1,1
91285,903,1,1,1
91944,902,2,1,1
92528,905,2,1,1
92865,105,1,1,1
94396,302,2,1,1
94544,500,1,1,1
94659,300,1,1,1
96151,102,2,1,1
96701,905,2,1,1
97457,903,1,1,1
98096,104,2,1,1
98133,101,2,1,1
100655,1101,2,1,1
101157,900,1,1,1
102167,900,2,1,1
102426,303,2,1,1
104799,1300,2,1,1
105567,302,2,1,1
106640,300,1,1,1
107040,1101,1,1,1
107180,500,1,1,1
108195,100,2,1,1
108917,500,1,1,1
109158,300,1,1,1
111181,905,2,1,1
111503,301,1,1,1
112118,903,1,1,1
112656,1500,1,1,1
112852,1300,1,1,1
113546,302,1,1,1
113590,1300,1,1,1
115789,1101,1,1,1
117406,905,2,1,1
118424,700,2,1,1
119909,1101,2,1,1
121367,902,1,1,1
121380,105,1,1,1
121684,101,2,1,1
122069,1500,2,1,1
122357,301,1,1,1
122959,900,1,1,1
124582,1101,2,1,1
124641,100,1,1,1
125439,303,2,1,1
126995,1101,2,1,1
127359,300,2,1,1
128337,903,2,1,1
129221,1101,2,1,1
129815,104,2,1,1
129827,104,1,1,1
130944,500,1,1,1
131645,500,2,1,1
131757,900,2,1,1
133078,104,2,1,1
133351,302,2,1,1
133747,905,2,1,1
134386,303,2,1,1
135094,1300,2,1,1
135372,1300,2,1,1
137159,905,2,1,1
139265,1101,2,1,1
140146,901,2,1,1
140288,700,1,1,1
140436,900,1,1,1
141223,1300,2,1,1
141509,306,2,1,1
141672,306,2,1,1
143550,104,2,1,1
143866,1101,1,1,1
144505,905,2,1,1
145317,1500,1,1,1
145463,1300,2,1,1
146644,905,2,1,1
146701,1100,1,1,1
147121,1101,2,1,1
147354,1300,2,1,1
147423,1300,2,1,1
147826,1300,2,1,1
148079,904,2,1,1
148290,302,2,1,1
151618,101,2,1,1
152177,100,1,1,1
152212,300,1,1,1
152946,500,1,1,1
153633,100,2,1,1
153719,103,2,1,1
153818,300,1,1,1
154839,1500,2,1,1
156353,102,2,1,1
156750,300,1,1,1
156764,906,2,1,1
156936,300,1,1,1
157793,303,2,1,1
157794,905,1,1,1
158650,906,2,1,1
158873,301,2,1,1
160407,500,1,1,1
160409,903,1,1,1
161400,301,1,1,1
161642,905,2,1,1
162341,900,1,1,1
164835,1500,2,1,1
166233,905,2,1,1
166583,104,2,1,1
166831,904,1,1,1
167487,300,1,1,1
169089,302,1,1,1
169858,1300,2,1,1
170252,905,2,1,1
170881,905,2,1,1
170900,300,1,1,1
171031,1101,2,1,1
171216,901,2,1,1
171780,902,2,1,1
172222,304,1,1,1
172476,904,2,1,1
172844,1100,1,1,1
173797,101,1,1,1
174235,903,2,1,1
175842,904,2,1,1
176065,900,1,1,1
176232,105,1,1,1
176990,1300,2,1,1
177144,1500,2,1,1
177488,1101,2,1,1
178043,100,2,1,1
178166,1300,2,1,1
179333,500,1,1,1
179536,100,2,1,1
180026,104,2,1,1
180619,700,1,1,1
181788,100,2,1,1
181847,500,1,1,1
182010,700,1,1,1
182612,100,2,1,1
182720,1101,1,1,1
183222,1300,1,1,1
184469,500,1,1,1
184591,1500,2,1,1
185135,302,2,1,1
186561,906,1,1,1
186695,1500,1,1,1
187500,302,2,1,1
187929,905,2,1,1
188110,902,1,1,1
188930,302,1,1,1
189125,303,1,1,1
189541,1101,2,1,1
191049,303,2,1,1
191469,905,2,1,1
192786,1101,2,1,1
192808,104,1,1,1
193918,905,2,1,1
194707,700,1,1,1
196228,1500,2,1,1
196411,1300,1,1,1
196637,300,1,1,1
198015,1300,2,1,1
199439,500,2,1,1
200937,101,2,1,1
201178,700,2,1,1
201435,1101,2,1,1
203751,1300,2,1,1
203845,305,2,1,1
204284,300,1,1,1
204467,302,2,1,1
205367,101,2,1,1
207137,700,2,1,1
207254,905,2,1,1
208270,305,2,1,1
208402,1101,1,1,1
208906,904,2,1,1
208933,903,2,1,1
209284,700,2,1,1
209474,104,2,1,1
210373,303,2,1,1
210932,302,2,1,1
210963,904,2,1,1
211354,104,2,1,1
211800,306,2,1,1
212033,1500,2,1,1
212790,903,1,1,1
213248,900,1,1,1
213426,303,1,1,1
213543,700,1,1,1
214517,1500,2,1,1
215443,902,1,1,1
215701,1300,2,1,1
216123,905,2,1,1
217382,300,2,1,1
217486,905,2,1,1
217946,1101,1,1,1
218007,101,1,1,1
218482,103,1,1,1
219965,903,2,1,1
220474,700,1,1,1
220939,1101,2,1,1
221026,1300,1,1,1
221770,1500,2,1,1
221834,100,1,1,1
223152,305,2,1,1
223250,300,2,1,1
224042,1300,2,1,1
224849,904,2,1,1
226310,902,1,1,1
226323,306,2,1,1
227276,905,1,1,1
228237,1101,2,1,1
228830,905,2,1,1
228954,1500,2,1,1
230127,905,2,1,1
230345,301,1,1,1
230435,1101,2,1,1
231239,102,1,1,1
231699,305,2,1,1
234119,303,2,1,1
234431,902,1,1,1
235841,105,1,1,1
237488,101,2,1,1
237901,302,2,1,1
238655,1300,2,1,1
238659,905,2,1,1
239362,905,1,1,1
239560,903,1,1,1
240352,1300,2,1,1
241283,1300,1,1,1
242034,304,1,1,1
244103,100,1,1,1
244623,1101,1,1,1
244880,101,2,1,1
245120,300,2,1,1
245478,101,1,1,1
246335,300,1,1,1
246462,1100,1,1,1
246625,100,1,1,1
247007,906,1,1,1
247167,900,1,1,1
250669,302,2,1,1
250735,100,2,1,1
251104,900,1,1,1
251379,101,1,1,1
251559,700,2,1,1
251615,305,2,1,1
251934,903,2,1,1
252706,306,1,1,1
253224,902,2,1,1
253508,900,1,1,1
254061,904,1,1,1
254070,300,1,1,1
254281,1500,2,1,1
254810,300,1,1,1
255097,1100,1,1,1
255778,1300,2,1,1
256261,304,2,1,1
256614,300,1,1,1
256717,905,2,1,1
257625,101,1,1,1
258055,700,2,1,1
258166,302,2,1,1
260618,301,2,1,1
261624,1300,2,1,1
261886,902,2,1,1
262430,101,1,1,1
263109,101,2,1,1
263715,303,2,1,1
266762,1101,2,1,1
268293,103,2,1,1
269985,904,2,1,1
270207,1500,1,1,1
270293,904,1,1,1
270625,302,2,1,1
271904,100,1,1,1
272463,1100,1,1,1
272656,1300,2,1,1
274847,302,2,1,1
274848,105,1,1,1
275009,700,2,1,1
276334,1300,2,1,1
276585,302,2,1,1
277278,103,1,1,1
277394,1101,1,1,1
277987,1101,1,1,1
278313,1300,2,1,1
278926,700,2,1,1
280484,1300,1,1,1
280731,102,1,1,1
282105,700,2,1,1
282475,1300,2,1,1
283484,902,1,1,1
285425,101,2,1,1
286246,904,1,1,1
286351,1100,2,1,1
286373,302,2,1,1
286801,302,2,1,1
289802,904,2,1,1
291497,500,1,1,1
292249,1300,2,1,1
294048,300,1,1,1
294112,105,2,1,1
294124,304,1,1,1
294961,301,1,1,1
295733,906,1,1,1
296442,1300,2,1,1
296482,500,1,1,1
296729,1100,1,1,1
298291,100,1,1,1
299102,100,1,1,1
299789,306,1,1,1
301033,102,2,1,1
301883,700,2,1,1
304379,903,2,1,1
304545,303,1,1,1
304579,903,1,1,1
310453,903,1,1,1
310851,300,1,1,1
310946,1500,2,1,1
314374,700,2,1,1
315112,1500,1,1,1
315805,300,1,1,1
317240,302,1,1,1
317456,105,2,1,1
318031,1300,1,1,1
318618,104,2,1,1
318836,304,2,1,1
320293,302,2,1,1
320369,105,1,1,1
322132,300,1,1,1
323173,1300,2,1,1
323539,302,2,1,1
324665,305,2,1,1
324880,901,1,1,1
325708,900,2,1,1
326303,906,1,1,1
327278,906,1,1,1
327391,901,2,1,1
327588,1500,2,1,1
329428,1101,2,1,1
331411,302,2,1,1
332548,100,2,1,1
332934,1101,2,1,1
332943,103,2,1,1
333122,300,1,1,1
333412,101,1,1,1
333765,302,2,1,1
335015,1101,2,1,1
335113,101,1,1,1
335324,105,1,1,1
336322,300,1,1,1
337272,301,2,1,1
337457,1300,2,1,1
338330,102,1,1,1
338584,1300,1,1,1
339351,306,1,1,1
339406,1300,2,1,1
339915,104,2,1,1
340336,903,1,1,1
340800,100,2,1,1
340848,1500,2,1,1
342830,300,1,1,1
343140,102,1,1,1
343826,1300,2,1,1
344939,301,1,1,1
344963,305,1,1,1
345417,906,1,1,1
347203,300,1,1,1
348011,1300,2,1,1
349401,1300,2,1,1
350353,302,2,1,1
350485,304,1,1,1
351113,105,1,1,1
352554,1500,2,1,1
353028,300,1,1,1
353108,905,1,1,1
353201,101,1,1,1
353413,1101,2,1,1
353711,105,1,1,1
353876,500,1,1,1
354312,500,2,1,1
354442,903,2,1,1
354567,101,1,1,1
354659,303,2,1,1
355984,301,1,1,1
356013,903,1,1,1
356052,1500,1,1,1
358272,901,2,1,1
358683,1300,2,1,1
359158,101,2,1,1
360813,302,1,1,1
361288,901,2,1,1
361357,902,1,1,1
361909,700,1,1,1
362654,305,2,1,1
363001,102,2,1,1
363503,306,2,1,1
364806,1101,2,1,1
365465,1101,2,1,1
366351,105,1,1,1
366797,1101,1,1,1
367139,304,1,1,1
367888,1300,2,1,1
368497,1300,1,1,1
368528,302,2,1,1
370740,1300,2,1,1
371075,306,2,1,1
371522,302,2,1,1
372730,905,2,1,1
372731,303,1,1,1
373084,101,2,1,1
375405,1500,2,1,1
375466,1100,1,1,1
376398,901,1,1,1
376569,1300,2,1,1
377565,1101,1,1,1
378100,700,2,1,1
378337,905,2,1,1
378505,101,1,1,1
379523,904,2,1,1
379745,903,2,1,1
379800,101,2,1,1
380284,1300,2,1,1
381242,902,1,1,1
381714,302,2,1,1
383062,300,1,1,1
383126,303,1,1,1
383176,100,2,1,1
383193,101,2,1,1
383824,1101,2,1,1
384065,301,1,1,1
384451,104,1,1,1
384602,901,2,1,1
384967,304,2,1,1
385180,1300,2,1,1
387592,300,1,1,1
387928,1101,1,1,1
389746,300,1,1,1
390635,305,2,1,1
391473,901,1,1,1
391952,302,1,1,1
391965,905,2,1,1
392017,1101,2,1,1
392028,1300,2,1,1
392148,1100,1,1,1
394685,1101,2,1,1
395284,903,2,1,1
395644,500,2,1,1
397335,900,1,1,1
397352,302,2,1,1
398474,302,2,1,1
400727,302,1,1,1
401061,100,1,1,1
403440,302,1,1,1
404326,102,2,1,1
404380,905,2,1,1
404481,1101,2,1,1
407549,905,2,1,1
407808,104,1,1,1
407827,902,1,1,1
407904,104,1,1,1
408179,905,2,1,1
408888,1500,2,1,1
410128,500,1,1,1
411784,905,2,1,1
412439,104,2,1,1
412841,305,2,1,1
413524,105,1,1,1
413737,302,2,1,1
413746,1100,2,1,1
414362,105,1,1,1
415365,900,1,1,1
415799,1300,2,1,1
416506,1101,1,1,1
418469,905,1,1,1
419216,303,1,1,1
419606,1300,2,1,1
419927,302,1,1,1
420147,1500,2,1,1
420434,904,1,1,1
420502,1300,2,1,1
421412,101,2,1,1
421831,1101,2,1,1
422650,1300,1,1,1
423065,1300,1,1,1
423340,700,2,1,1
423438,905,2,1,1
423465,105,2,1,1
425730,305,2,1,1
427736,1500,2,1,1
429078,1300,2,1,1
429118,1101,1,1,1
430549,302,1,1,1
430710,904,1,1,1
431207,302,1,1,1
431593,1100,1,1,1
433002,901,1,1,1
433454,301,1,1,1
433495,305,1,1,1
434335,301,1,1,1
434800,902,1,1,1
435764,302,1,1,1
435793,1500,2,1,1
435824,905,2,1,1
436624,1101,2,1,1
437671,901,2,1,1
438065,305,1,1,1
438540,700,2,1,1
438767,104,2,1,1
439715,1300,1,1,1
442357,903,1,1,1
442394,101,1,1,1
442922,905,2,1,1
443341,1300,1,1,1
443414,903,1,1,1
444169,1500,2,1,1
444577,1300,2,1,1
444924,303,2,1,1
444958,104,1,1,1
445245,1101,1,1,1
445688,102,1,1,1
446959,901,1,1,1
447136,1500,2,1,1
447253,104,2,1,1
447495,305,2,1,1
447759,302,1,1,1
448493,904,2,1,1
450010,1300,1,1,1
452875,100,2,1,1
453508,304,1,1,1
453640,1300,1,1,1
454069,1300,2,1,1
456028,101,1,1,1
458137,300,1,1,1
458306,1300,1,1,1
459490,305,1,1,1
460743,1300,2,1,1
461322,1100,2,1,1
462982,902,1,1,1
463114,101,2,1,1
464668,104,2,1,1
465276,1500,2,1,1
466558,900,1,1,1
466737,1101,2,1,1
467006,1500,1,1,1
467078,104,2,1,1
469903,901,1,1,1
470203,905,2,1,1
470684,700,2,1,1
470854,1300,2,1,1
472421,901,2,1,1
472632,904,1,1,1
473561,101,2,1,1
475926,1300,2,1,1
476262,306,1,1,1
477884,1101,2,1,1
478978,104,2,1,1
480657,1300,2,1,1
481072,302,2,1,1
481226,104,2,1,1
481449,304,1,1,1
482336,1300,2,1,1
483012,300,1,1,1
483621,500,1,1,1
483688,104,1,1,1
483767,304,1,1,1
483875,1500,1,1,1
484101,105,1,1,1
484908,905,2,1,1
486207,105,1,1,1
486674,500,1,1,1
486942,1300,2,1,1
487080,302,2,1,1
487352,904,2,1,1
488655,300,1,1,1
488743,100,2,1,1
489075,1300,2,1,1
489135,1100,2,1,1
489641,1300,1,1,1
490369,905,2,1,1
490464,1300,2,1,1
491135,904,2,1,1
491204,100,1,1,1
491317,100,2,1,1
492131,1300,2,1,1
492432,304,2,1,1
493286,302,2,1,1
494463,1101,1,1,1
495414,901,1,1,1
495597,1300,2,1,1
496262,306,1,1,1
496454,302,2,1,1
496640,901,1,1,1
497087,1500,2,1,1
497113,100,1,1,1
497473,700,2,1,1
497659,303,2,1,1
498570,303,1,1,1
499550,302,2,1,1
499802,1300,2,1,1
501307,101,2,1,1
501656,303,1,1,1
502256,101,2,1,1
503498,103,2,1,1
503873,1100,2,1,1
503875,903,2,1,1
505272,903,2,1,1
505517,903,1,1,1
505795,904,2,1,1
506335,900,2,1,1
506829,303,1,1,1
508611,302,2,1,1
508778,903,2,1,1
509674,1500,2,1,1
510185,901,1,1,1
511838,1300,2,1,1
512637,700,2,1,1
514113,100,2,1,1
514505,905,1,1,1
514820,905,2,1,1
517084,104,1,1,1
517089,1300,1,1,1
517435,300,1,1,1
517519,1500,1,1,1
517838,304,2,1,1
518610,1101,2,1,1
519446,901,1,1,1
520540,305,2,1,1
520574,100,1,1,1
521133,300,1,1,1
521359,1100,2,1,1
521409,101,1,1,1
521517,903,2,1,1
522326,900,1,1,1
522959,101,1,1,1
523371,902,1,1,1
525849,1300,2,1,1
525862,306,1,1,1
525919,302,2,1,1
526027,1300,2,1,1
526483,1101,1,1,1
527189,1300,2,1,1
527771,305,2,1,1
528369,1100,1,1,1
529283,906,2,1,1
529953,103,2,1,1
530787,103,1,1,1
530799,1300,2,1,1
531048,104,1,1,1
531745,1101,2,1,1
536343,903,2,1,1
536979,1300,1,1,1
537438,904,1,1,1
538118,1300,2,1,1
538724,102,2,1,1
539686,900,1,1,1
540626,104,2,1,1
541123,905,2,1,1
542084,105,1,1,1
542403,303,1,1,1
542408,1500,2,1,1
542419,904,2,1,1
543974,1101,2,1,1
543996,1300,2,1,1
544347,905,2,1,1
544509,104,2,1,1
544896,700,2,1,1
545492,102,2,1,1
545862,301,1,1,1
546021,905,2,1,1
547684,302,2,1,1
548360,1300,1,1,1
549800,101,2,1,1
550400,302,2,1,1
550554,303,1,1,1
550892,1101,1,1,1
551218,301,1,1,1
551766,303,1,1,1
553483,700,2,1,1
554220,1500,2,1,1
555468,104,2,1,1
555563,902,1,1,1
556625,303,2,1,1
557854,1500,2,1,1
557880,1500,2,1,1
558363,902,2,1,1
558431,901,1,1,1
559600,302,1,1,1
561652,105,1,1,1
563231,305,1,1,1
563400,305,2,1,1
563990,102,2,1,1
565748,304,1,1,1
566857,700,2,1,1
567394,1300,1,1,1
569182,1300,2,1,1
569261,1300,2,1,1
569381,900,2,1,1
569496,302,2,1,1
569957,104,1,1,1
570088,104,2,1,1
571287,902,2,1,1
571461,1300,2,1,1
572639,902,1,1,1
573168,1101,2,1,1
573525,700,1,1,1
574539,300,1,1,1
574987,104,2,1,1
576213,300,1,1,1
576251,900,1,1,1
576320,1300,2,1,1
576476,300,1,1,1
576726,302,2,1,1
577212,1300,2,1,1
577821,903,2,1,1
578032,1101,1,1,1
578977,1101,1,1,1
580103,905,2,1,1
582903,303,1,1,1
583029,1100,2,1,1
583135,300,2,1,1
584171,1300,1,1,1
586065,301,2,1,1
586239,904,2,1,1
587435,105,1,1,1
587765,101,2,1,1
588339,904,2,1,1
588554,103,2,1,1
589334,303,2,1,1
589875,300,2,1,1
590395,500,2,1,1
590573,900,2,1,1
590778,500,2,1,1
590959,905,2,1,1
591422,903,2,1,1
592031,302,2,1,1
593916,300,1,1,1
594051,303,1,1,1
594239,105,1,1,1
594267,305,2,1,1
594896,1300,2,1,1
595041,1101,2,1,1
595895,903,1,1,1
596777,903,2,1,1
597283,105,2,1,1
597796,905,1,1,1
598724,101,2,1,1
598767,100,1,1,1
602177,500,2,1,1
604516,300,1,1,1
605034,1300,2,1,1
605452,300,2,1,1
605887,700,1,1,1
606720,500,2,1,1
607499,104,1,1,1
608105,905,2,1,1
608239,903,2,1,1
608484,1300,2,1,1
609130,101,2,1,1
609593,1300,1,1,1
609733,302,2,1,1
609945,700,1,1,1
610001,302,2,1,1
610088,300,1,1,1
610651,104,2,1,1
611041,105,2,1,1
611286,300,1,1,1
611473,1101,2,1,1
614044,1300,1,1,1
614098,104,1,1,1
615072,1101,1,1,1
616607,1300,2,1,1
617014,300,2,1,1
620005,300,1,1,1
622663,1300,2,1,1
623130,103,1,1,1
623301,900,1,1,1
623523,104,1,1,1
623766,905,2,1,1
624491,306,1,1,1
625822,100,2,1,1
626097,903,2,1,1
626818,105,2,1,1
629033,300,1,1,1
629122,100,2,1,1
629334,700,1,1,1
630414,1300,2,1,1
630460,905,1,1,1
630728,905,2,1,1
631178,700,2,1,1
632176,906,2,1,1
632857,102,1,1,1
633337,103,2,1,1
633924,1300,2,1,1
633950,700,2,1,1
634414,903,2,1,1
635410,500,1,1,1
635592,305,1,1,1
635690,302,1,1,1
637171,101,1,1,1
639400,902,1,1,1
640946,305,1,1,1
641184,302,1,1,1
642568,1100,1,1,1
644551,1300,2,1,1
645835,104,1,1,1
646074,904,2,1,1
647545,300,1,1,1
647857,104,2,1,1
648417,500,1,1,1
648671,306,1,1,1
651359,1300,2,1,1
651550,300,1,1,1
652932,300,2,1,1
653065,905,2,1,1
653637,901,1,1,1
653872,900,2,1,1
655232,905,2,1,1
655245,305,2,1,1
655334,302,2,1,1
655484,303,2,1,1
655832,300,1,1,1
657540,103,2,1,1
657761,1101,1,1,1
658503,905,2,1,1
659322,302,2,1,1
659825,500,2,1,1
660290,1101,2,1,1
660341,1300,2,1,1
660630,104,2,1,1
660666,305,2,1,1
661238,301,1,1,1
661493,300,1,1,1
665644,1500,2,1,1
666470,301,1,1,1
666640,500,1,1,1
666805,1500,1,1,1
667318,1101,2,1,1
667336,1300,1,1,1
667576,903,2,1,1
667865,900,1,1,1
669890,900,1,1,1
670536,905,2,1,1
671258,1300,2,1,1
671644,700,2,1,1
672985,903,1,1,1
673545,905,2,1,1
674731,300,1,1,1
676200,906,2,1,1
676591,300,1,1,1
676776,306,1,1,1
677002,902,1,1,1
677289,500,1,1,1
677763,105,1,1,1
677766,105,1,1,1
678833,901,2,1,1
679201,1300,2,1,1
681137,901,2,1,1
681214,301,2,1,1
681780,105,1,1,1
681903,101,2,1,1
682397,906,1,1,1
683658,905,2,1,1
683744,105,1,1,1
684436,905,1,1,1
685882,1101,2,1,1
686980,101,2,1,1
688473,104,2,1,1
688768,500,2,1,1
690552,306,1,1,1
690888,500,2,1,1
691178,904,1,1,1
693093,304,1,1,1
695170,900,1,1,1
695586,104,2,1,1
695676,1300,2,1,1
696259,1300,2,1,1
697561,300,1,1,1
699157,306,1,1,1
699495,306,2,1,1
700011,1300,2,1,1
701978,305,2,1,1
703065,902,1,1,1
703340,1101,2,1,1
703774,1300,2,1,1
704337,1101,1,1,1
705427,305,2,1,1
705719,1100,1,1,1
706460,1101,2,1,1
706465,103,2,1,1
706555,700,2,1,1
707497,905,2,1,1
707942,303,2,1,1
709419,1300,2,1,1
710049,302,2,1,1
710688,905,2,1,1
711169,1300,2,1,1
711428,101,2,1,1
711513,1300,2,1,1
712473,104,2,1,1
712819,305,2,1,1
714911,1500,1,1,1
716176,1101,2,1,1
716224,900,1,1,1
718059,303,1,1,1
718879,900,1,1,1
719564,304,2,1,1
719954,100,2,1,1
720013,1300,1,1,1
720178,1101,2,1,1
723632,905,1,1,1
723860,101,2,1,1
725905,301,1,1,1
726623,900,1,1,1
726971,700,2,1,1
727750,905,2,1,1
729226,302,1,1,1
729502,101,2,1,1
730089,906,1,1,1
730440,500,1,1,1
730589,1300,1,1,1
731149,300,1,1,1
731422,1300,2,1,1
732847,301,1,1,1
733339,700,2,1,1
733537,100,2,1,1
733769,304,1,1,1
733948,904,2,1,1
735748,1300,2,1,1
735872,901,2,1,1
736621,905,2,1,1
737666,905,2,1,1
737739,1101,2,1,1
738673,900,1,1,1
741023,901,2,1,1
741077,904,1,1,1
741140,104,1,1,1
741507,900,1,1,1
741845,1101,2,1,1
744071,906,2,1,1
744103,305,2,1,1
744431,904,1,1,1
745008,303,2,1,1
746186,1300,2,1,1
746463,1300,2,1,1
747114,700,2,1,1
748541,905,2,1,1
750345,1300,2,1,1
751341,900,2,1,1
752344,1300,2,1,1
752535,305,2,1,1
753891,105,1,1,1
754422,101,2,1,1
755696,700,1,1,1
756219,905,2,1,1
757924,904,2,1,1
758685,900,1,1,1
758911,904,2,1,1
759106,1500,2,1,1
759567,303,2,1,1
759742,905,1,1,1
763317,101,2,1,1
763366,301,1,1,1
763935,905,2,1,1
764372,700,2,1,1
767866,1300,2,1,1
769578,1101,2,1,1
770448,1300,2,1,1
770907,105,1,1,1
771055,302,2,1,1
771435,906,1,1,1
771568,300,1,1,1
772490,904,2,1,1
773393,1101,1,1,1
774550,302,2,1,1
774694,300,1,1,1
774736,301,1,1,1
774790,104,1,1,1
775077,1500,2,1,1
775170,301,2,1,1
775986,300,1,1,1
776714,700,1,1,1
777919,303,1,1,1
778908,1101,2,1,1
779419,1300,2,1,1
780053,1100,1,1,1
780538,905,1,1,1
781269,103,2,1,1
781386,101,2,1,1
781694,1100,1,1,1
782306,300,1,1,1
782515,1300,2,1,1
783670,100,1,1,1
785270,1500,1,1,1
786689,300,1,1,1
786789,302,2,1,1
787925,300,1,1,1
788216,904,1,1,1
788589,900,2,1,1
789330,904,2,1,1
789423,1300,2,1,1
790223,1300,2,1,1
791143,905,2,1,1
792163,1300,1,1,1
792192,903,2,1,1
793276,901,2,1,1
794535,104,2,1,1
796409,1100,1,1,1
796777,103,2,1,1
797051,901,2,1,1
797581,100,2,1,1
798466,1300,2,1,1
798964,1101,1,1,1
799761,1300,1,1,1
800840,1300,2,1,1
801907,102,1,1,1
802340,1300,2,1,1
802505,905,2,1,1
802644,105,1,1,1
802897,1300,2,1,1
803371,904,1,1,1
804089,300,1,1,1
804825,905,2,1,1
805741,104,2,1,1
806979,905,1,1,1
807279,901,1,1,1
807963,104,1,1,1
808362,104,2,1,1
808559,500,1,1,1
809016,904,2,1,1
810742,302,2,1,1
812096,1101,2,1,1
812526,905,1,1,1
813325,903,2,1,1
814172,700,2,1,1
814493,1101,2,1,1
814796,105,2,1,1
814964,700,1,1,1
815417,303,2,1,1
816356,1101,2,1,1
816573,300,2,1,1
816979,105,1,1,1
817059,700,2,1,1
817277,901,1,1,1
817606,905,2,1,1
818663,303,1,1,1
819051,300,1,1,1
819566,905,2,1,1
820960,700,2,1,1
821177,903,2,1,1
821770,1300,2,1,1
821814,1101,2,1,1
821901,302,2,1,1
823329,1300,2,1,1
824352,500,1,1,1
825561,1500,2,1,1
825717,102,1,1,1
826055,100,1,1,1
826403,302,2,1,1
826815,105,1,1,1
827414,1101,2,1,1
827876,301,1,1,1
828654,303,1,1,1
828871,105,1,1,1
828896,104,2,1,1
829826,300,1,1,1
829858,300,1,1,1
832612,300,1,1,1
832746,304,1,1,1
833279,1101,2,1,1
834013,101,1,1,1
836447,302,1,1,1
838266,903,2,1,1
838512,300,1,1,1
839146,1300,2,1,1
840264,104,2,1,1
841918,903,2,1,1
842752,1500,2,1,1
845114,904,2,1,1
845653,904,2,1,1
846830,700,1,1,1
846918,300,1,1,1
847900,700,2,1,1
848370,1300,2,1,1
848753,903,2,1,1
849222,1500,1,1,1
849686,500,2,1,1
849698,905,2,1,1
850050,906,2,1,1
851282,700,2,1,1
852323,1101,2,1,1
852576,300,1,1,1
853642,906,2,1,1
853686,304,1,1,1
854412,1300,2,1,1
854670,302,2,1,1
855704,1300,2,1,1
855802,102,1,1,1
855988,300,1,1,1
856144,1101,1,1,1
856398,1101,1,1,1
856695,303,2,1,1
858889,1500,2,1,1
860150,105,1,1,1
860818,1500,1,1,1
860863,300,1,1,1
862382,900,1,1,1
862587,1100,2,1,1
863745,900,2,1,1
864416,905,2,1,1
864808,101,2,1,1
865030,300,1,1,1
865830,104,2,1,1
866291,1500,2,1,1
867184,1100,2,1,1
869036,903,2,1,1
870814,1101,2,1,1
871183,700,2,1,1
871264,1101,2,1,1
872110,904,2,1,1
874107,302,2,1,1
874147,700,2,1,1
875609,104,1,1,1
875613,105,1,1,1
876676,901,1,1,1
876753,1500,1,1,1
878359,500,1,1,1
878383,900,2,1,1
878481,302,2,1,1
878833,101,2,1,1
878836,100,2,1,1
879421,306,2,1,1
879838,903,1,1,1
882441,500,1,1,1
882723,903,2,1,1
883042,103,2,1,1
883985,1300,2,1,1
884692,700,2,1,1
884908,301,2,1,1
884984,300,1,1,1
885918,1300,2,1,1
886240,1300,2,1,1
887126,1300,2,1,1
887836,302,2,1,1
888992,1101,2,1,1
890486,300,1,1,1
891541,1101,2,1,1
892568,1101,1,1,1
892751,700,1,1,1
893412,902,1,1,1
895046,902,1,1,1
895256,905,2,1,1
896535,905,1,1,1
896993,306,2,1,1
897208,906,1,1,1
900082,300,1,1,1
900249,1500,2,1,1
901143,905,1,1,1
901155,904,1,1,1
901328,902,1,1,1
902090,104,1,1,1
902924,304,1,1,1
903227,302,2,1,1
904561,300,1,1,1
905089,900,1,1,1
905841,105,1,1,1
906271,905,2,1,1
906386,105,1,1,1
907845,300,1,1,1
909464,301,1,1,1
909690,100,2,1,1
910119,105,2,1,1
910634,902,1,1,1
911101,1101,2,1,1
911273,105,1,1,1
912543,900,1,1,1
913252,902,1,1,1
913862,302,2,1,1
915182,901,1,1,1
915861,1100,1,1,1
916478,904,2,1,1
916643,904,2,1,1
916840,902,1,1,1
916940,302,2,1,1
917737,1101,1,1,1
917821,903,2,1,1
921719,104,1,1,1
922044,1300,2,1,1
922749,1300,2,1,1
922879,100,2,1,1
923517,902,2,1,1
924258,101,1,1,1
924892,105,1,1,1
925017,104,1,1,1
925406,700,2,1,1
925885,305,1,1,1
926074,301,1,1,1
926966,903,2,1,1
927099,100,2,1,1
927560,303,2,1,1
927853,906,1,1,1
929424,100,2,1,1
930256,101,1,1,1
930749,303,1,1,1
930758,500,2,1,1
931017,1101,1,1,1
931062,700,1,1,1
931368,905,2,1,1
931790,1300,2,1,1
933502,1101,2,1,1
934901,105,1,1,1
934937,103,1,1,1
935125,1101,2,1,1
936403,1300,2,1,1
936507,1100,2,1,1
938697,103,2,1,1
939205,301,1,1,1
941391,304,1,1,1
942081,1300,2,1,1
943055,303,1,1,1
944292,1300,2,1,1
944839,1101,2,1,1
945709,1500,2,1,1
947404,700,2,1,1
947602,300,1,1,1
947781,900,2,1,1
949630,500,1,1,1
951240,102,1,1,1
951366,905,2,1,1
951446,700,2,1,1
951457,306,2,1,1
952119,905,2,1,1
952233,905,2,1,1
952726,100,1,1,1
953203,1300,1,1,1
953614,900,1,1,1
953703,1300,2,1,1
953893,1500,1,1,1
954572,1101,2,1,1
955518,1100,2,1,1
955970,905,2,1,1
956134,700,2,1,1
956168,903,1,1,1
956216,906,2,1,1
957321,700,2,1,1
958970,104,2,1,1
959203,1300,2,1,1
959841,700,1,1,1
959896,902,1,1,1
960751,301,1,1,1
962869,905,2,1,1
963243,905,1,1,1
964609,101,2,1,1
964868,100,1,1,1
965131,905,1,1,1
966582,103,1,1,1
967094,700,2,1,1
969689,1100,1,1,1
969799,906,1,1,1
970138,906,1,1,1
970436,302,2,1,1
970664,300,1,1,1
970821,904,2,1,1
972107,1300,2,1,1
972214,1300,2,1,1
974457,1500,2,1,1
975102,303,1,1,1
977182,1500,2,1,1
977370,905,2,1,1
977930,906,1,1,1
977992,1500,1,1,1
979763,1100,1,1,1
980546,906,1,1,1
981913,1300,2,1,1
982068,304,1,1,1
983545,904,1,1,1
985701,300,1,1,1
986119,904,2,1,1
986274,1100,2,1,1
986346,900,2,1,1
986449,906,2,1,1
988833,1300,2,1,1
988953,901,1,1,1
989243,905,1,1,1
989487,900,1,1,1
989810,903,2,1,1
989979,900,2,1,1
991171,300,1,1,1
991574,1100,1,1,1
991970,700,2,1,1
992145,906,1,1,1
993019,104,2,1,1
993031,305,2,1,1
994064,1101,2,1,1
994686,1101,2,1,1
995302,1500,2,1,1
995581,303,1,1,1
995922,700,1,1,1
996737,1101,2,1,1
996874,305,2,1,1
996902,903,1,1,1
997299,902,2,1,1
997667,700,2,1,1
997923,1300,1,1,1
999356,1100,1,1,1
1000403,101,2,1,1
1000685,1300,2,1,1
1000896,902,2,1,1
1001266,1101,1,1,1
1001718,903,2,1,1
1002248,303,1,1,1
1002959,100,1,1,1
1005562,302,2,1,1
1006196,905,2,1,1
1006773,1300,1,1,1
1006833,1300,2,1,1
1007005,1101,1,1,1
1007383,900,2,1,1
1007776,102,1,1,1
1008470,105,2,1,1
1008556,303,1,1,1
1008587,1101,2,1,1
1008956,700,1,1,1
1009332,1101,1,1,1
1009714,1300,2,1,1
1010069,301,2,1,1
1011386,300,2,1,1
1011942,1300,2,1,1
1014311,1500,2,1,1
1015279,700,2,1,1
1015373,1101,1,1,1
1015562,1300,2,1,1
1016275,905,2,1,1
1017155,1500,2,1,1
1017388,302,1,1,1
1017443,300,2,1,1
1017456,302,2,1,1
1018097,700,2,1,1
1019725,1101,2,1,1
1020459,104,1,1,1
1020958,100,2,1,1
1020991,306,1,1,1
1021147,300,1,1,1
1022124,906,1,1,1
1022392,901,2,1,1
1022797,700,2,1,1
1022884,905,2,1,1
1023072,904,2,1,1
1024155,900,1,1,1
1024932,1500,2,1,1
1025317,902,2,1,1
1028228,302,2,1,1
1028347,303,1,1,1
1029499,102,2,1,1
1030566,1300,2,1,1
1030698,100,2,1,1
1030928,1300,2,1,1
1030977,900,1,1,1
1031843,1101,1,1,1
1032450,901,2,1,1
1033559,303,1,1,1
1034086,1300,2,1,1
1034102,1500,2,1,1
1034235,905,2,1,1
1034990,700,1,1,1
1035039,1300,2,1,1
1036079,500,1,1,1
1036962,102,2,1,1
1037473,905,2,1,1
1037680,1101,1,1,1
1037835,305,2,1,1
1037853,302,2,1,1
1038422,302,2,1,1
1038436,300,1,1,1
1038654,900,2,1,1
1039074,903,2,1,1
1039533,105,1,1,1
1041438,905,2,1,1
1041992,1101,1,1,1
1042151,903,2,1,1
1042911,700,2,1,1
1043375,700,1,1,1
1044328,1300,1,1,1
1044557,1500,2,1,1
1045152,905,2,1,1
1045296,101,2,1,1
1046494,302,2,1,1
1050434,303,1,1,1
1050815,301,1,1,1
1051622,304,1,1,1
1052458,500,1,1,1
1052504,302,1,1,1
1053164,1100,1,1,1
1054144,302,2,1,1
1054474,101,2,1,1
1054825,104,1,1,1
1057239,101,2,1,1
1057247,1300,2,1,1
1057337,903,2,1,1
1057764,105,2,1,1
1058455,101,2,1,1
1059433,903,2,1,1
1060138,901,1,1,1
1060607,904,1,1,1
1060951,300,1,1,1
1061158,300,1,1,1
1061876,1500,2,1,1
1062514,300,1,1,1
1062956,100,2,1,1
1063814,1100,1,1,1
1064318,104,1,1,1
1064824,903,1,1,1
1065091,1101,1,1,1
1065140,1101,2,1,1
1065802,303,2,1,1
1067409,1300,2,1,1
1068210,903,2,1,1
1068552,903,2,1,1
1068610,1300,2,1,1
1068790,700,1,1,1
1072733,1300,2,1,1
1073337,303,2,1,1
1073777,300,1,1,1
1074212,904,1,1,1
1074977,100,2,1,1
1075495,302,1,1,1
1075826,100,2,1,1
1078011,102,1,1,1
1078107,102,2,1,1
1079042,1101,2,1,1
1079119,103,2,1,1
1079759,304,1,1,1
1079870,100,2,1,1
1080487,101,2,1,1
1081412,1300,2,1,1
1081926,905,2,1,1
1082220,1500,2,1,1
1082622,1101,1,1,1
1083235,104,2,1,1
1083457,1100,1,1,1
1084795,905,2,1,1
1085078,1300,2,1,1
1085301,302,2,1,1
1085619,905,2,1,1
1087122,500,2,1,1
1088182,1101,2,1,1
1088964,101,1,1,1
1089010,1500,2,1,1
1089245,300,2,1,1
1089888,700,2,1,1
1090776,102,1,1,1
1090935,1300,2,1,1
1091156,1300,2,1,1
1091336,900,1,1,1
1093271,1300,2,1,1
1094466,903,1,1,1
1095058,905,2,1,1
1095098,304,1,1,1
1095266,300,1,1,1
1095431,905,2,1,1
1095646,302,2,1,1
1095921,905,2,1,1
1096018,905,1,1,1
1096428,1300,2,1,1
1097100,904,1,1,1
1097350,302,2,1,1
1098198,100,1,1,1
1098871,1300,2,1,1
1099206,700,1,1,1
1100802,302,2,1,1
1101572,904,2,1,1
1101908,102,1,1,1
1102174,100,1,1,1
1102200,104,1,1,1
1104247,303,1,1,1
1104604,300,1,1,1
1105066,101,1,1,1
1106577,102,2,1,1
1107822,1500,2,1,1
1108019,300,1,1,1
1108785,905,1,1,1
1109593,1101,1,1,1
1109990,1100,2,1,1
1110514,905,2,1,1
1111844,906,1,1,1
1112802,500,1,1,1
1112865,1101,1,1,1
1112908,306,2,1,1
1113045,700,1,1,1
1113500,103,2,1,1
1115117,305,1,1,1
1115412,700,1,1,1
1115435,1500,2,1,1
1116372,305,2,1,1
1117019,302,2,1,1
1118718,1300,2,1,1
1119580,900,1,1,1
1119885,304,1,1,1
1119926,303,2,1,1
1119939,302,1,1,1
1120791,104,1,1,1
1121204,1500,2,1,1
1121399,700,1,1,1
1121748,1300,2,1,1
1121749,903,2,1,1
1121918,103,1,1,1
1124898,302,1,1,1
1125549,103,2,1,1
1126041,101,2,1,1
1127361,1101,1,1,1
1127388,300,2,1,1
1128763,100,2,1,1
1128906,303,1,1,1
1129737,303,2,1,1
1130505,103,1,1,1
1130530,101,2,1,1
1130981,1500,2,1,1
1131585,1300,2,1,1
1133742,902,1,1,1
1134327,1101,2,1,1
1134600,104,1,1,1
1135317,1100,2,1,1
1137376,500,1,1,1
1139751,101,2,1,1
1139851,303,2,1,1
1140511,1300,2,1,1
1141184,303,2,1,1
1141752,1101,2,1,1
1141824,100,2,1,1
1143782,302,2,1,1
1144665,101,2,1,1
1145614,1101,2,1,1
1145720,101,1,1,1
1146092,306,2,1,1
1147865,1300,2,1,1
1148250,700,2,1,1
1149222,904,2,1,1
1149269,906,1,1,1
1151777,1300,1,1,1
1151858,1300,2,1,1
1152105,905,2,1,1
1152710,500,2,1,1
1153340,500,2,1,1
1153708,303,1,1,1
1154284,1101,1,1,1
1154398,1101,2,1,1
1154507,104,1,1,1
1154720,302,2,1,1
1155502,905,2,1,1
1156052,305,2,1,1
1156469,903,2,1,1
1156571,103,1,1,1
1156758,305,2,1,1
1157492,1101,2,1,1
1159320,101,2,1,1
1159845,1300,2,1,1
1161382,1300,2,1,1
1162684,700,1,1,1
1163083,1101,2,1,1
1163505,302,2,1,1
1163966,1300,2,1,1
1164539,1300,2,1,1
1165707,301,1,1,1
1166764,905,2,1,1
1167880,100,2,1,1
1167993,1300,2,1,1
1168992,300,1,1,1
1170910,300,1,1,1
1171565,903,2,1,1
1172329,300,1,1,1
1172383,901,2,1,1
1174341,900,1,1,1
1174984,104,2,1,1
1175520,903,2,1,1
1176262,1100,1,1,1
1176968,906,1,1,1
1177179,302,1,1,1
1177422,105,1,1,1
1177505,302,2,1,1
1177627,104,1,1,1
1178938,905,2,1,1
1179034,1101,2,1,1
1179216,1300,2,1,1
1179220,303,2,1,1
1179806,700,2,1,1
1180140,904,1,1,1
1181555,902,2,1,1
1182677,104,1,1,1
1183201,302,2,1,1
1183840,306,1,1,1
1185105,1101,2,1,1
1186192,300,1,1,1
1187089,1300,2,1,1
1187614,905,2,1,1
1188645,905,2,1,1
1189698,905,2,1,1
1190983,1300,2,1,1
1191458,901,2,1,1
1191623,905,2,1,1
1192143,905,1,1,1
1192978,905,1,1,1
1194182,500,2,1,1
1195713,905,2,1,1
1196081,1101,1,1,1
1196607,1101,2,1,1
1196812,300,1,1,1
1196883,700,2,1,1
1197199,901,2,1,1
1197336,101,1,1,1
1197484,1300,2,1,1
1197492,700,2,1,1
1197688,500,2,1,1
1197730,302,2,1,1
1200761,700,2,1,1
1200967,100,1,1,1
1201357,101,1,1,1
1201625,1500,2,1,1
1202013,905,1,1,1
1202359,1300,2,1,1
1204131,1300,2,1,1
1204302,1300,2,1,1
1204805,1300,2,1,1
1205677,1300,2,1,1
1205748,302,2,1,1
1205849,905,2,1,1
1206310,304,1,1,1
1206460,302,1,1,1
1206836,500,2,1,1
1207529,1300,2,1,1
1208406,500,1,1,1
1209270,1300,2,1,1
1209528,104,1,1,1
1209926,900,1,1,1
1210264,101,1,1,1
1211047,902,2,1,1
1212846,1300,1,1,1
1212891,305,2,1,1
1213207,1101,2,1,1
1213610,1300,2,1,1
1213981,1101,1,1,1
1214651,901,2,1,1
1214787,302,2,1,1
1215545,901,1,1,1
1215641,903,2,1,1
1216001,500,1,1,1
1217671,903,2,1,1
1218526,904,2,1,1
1218741,500,1,1,1
1218767,1300,2,1,1
1219110,902,1,1,1
1219375,700,2,1,1
1219732,1300,2,1,1
1219933,905,1,1,1
1221462,905,2,1,1
1221660,100,2,1,1
1223122,903,2,1,1
1223401,304,2,1,1
1224023,900,1,1,1
1226493,905,1,1,1
1226693,304,1,1,1
1227442,905,2,1,1
1227503,303,1,1,1
1228169,500,1,1,1
1228932,100,2,1,1
1228961,303,1,1,1
1229159,100,1,1,1
1229880,902,1,1,1
1230557,904,2,1,1
1232801,1101,1,1,1
1232826,303,1,1,1
1233088,104,2,1,1
1233229,101,2,1,1
1234119,300,1,1,1
1234463,1101,2,1,1
1235509,905,2,1,1
1235823,1300,1,1,1
1236338,901,1,1,1
1236743,500,1,1,1
1236932,305,1,1,1
1237090,1300,2,1,1
1237473,1300,2,1,1
1237777,905,1,1,1
1238604,1500,2,1,1
1240066,1101,1,1,1
1240228,500,1,1,1
1240386,105,2,1,1
1240704,903,2,1,1
1243523,903,2,1,1
1243582,102,1,1,1
1244082,904,1,1,1
1244515,101,1,1,1
1245202,1300,2,1,1
1245670,104,2,1,1
1245976,700,1,1,1
1245984,1101,1,1,1
1247040,302,2,1,1
1247372,302,1,1,1
1247409,302,2,1,1
1247778,301,1,1,1
1247948,1500,1,1,1
1248357,1101,2,1,1
1249715,300,1,1,1
1251567,301,2,1,1
1251622,903,2,1,1
1254302,302,2,1,1
1254954,302,2,1,1
1255088,303,2,1,1
1255095,900,2,1,1
1255490,901,1,1,1
1255607,100,2,1,1
1255683,1101,2,1,1
1256284,100,2,1,1
1256503,104,2,1,1
1257284,306,2,1,1
1257347,906,2,1,1
1257950,306,2,1,1
1262435,305,2,1,1
1263082,102,2,1,1
1263230,105,2,1,1
1263789,902,1,1,1
1263920,900,2,1,1
1266934,1300,2,1,1
1267176,1300,2,1,1
1267621,905,2,1,1
1268449,1101,1,1,1
1268515,104,2,1,1
1268987,1101,2,1,1
1269324,302,1,1,1
1269331,1300,2,1,1
1270624,1101,1,1,1
1270862,903,1,1,1
1271416,305,2,1,1
1271695,905,2,1,1
1272062,1101,2,1,1
1272694,302,1,1,1
1273288,306,1,1,1
1273373,105,1,1,1
1273394,1101,1,1,1
1273837,100,2,1,1
1276187,1101,2,1,1
1276308,305,2,1,1
1277549,1300,2,1,1
1278132,104,2,1,1
1280375,104,2,1,1
1281052,303,2,1,1
1281775,304,1,1,1
1284945,903,2,1,1
1285514,104,2,1,1
1286454,1101,2,1,1
1287038,303,1,1,1
1288280,1300,2,1,1
1288780,905,1,1,1
1288790,306,1,1,1
1289772,1101,1,1,1
1290681,1300,2,1,1
1292026,302,2,1,1
1292034,1101,2,1,1
1292091,904,2,1,1
1292176,300,1,1,1
1292202,302,1,1,1
1292731,302,2,1,1
1292899,103,1,1,1
1293143,905,2,1,1
1294846,302,2,1,1
1294938,100,1,1,1
1296070,300,1,1,1
1297017,901,2,1,1
1297097,302,2,1,1
1297158,305,2,1,1
1297452,306,1,1,1
1297817,1300,2,1,1
1298034,903,2,1,1
1298663,300,1,1,1
1299243,101,2,1,1
1301649,100,2,1,1
1302656,1100,1,1,1
1302836,300,1,1,1
1302855,303,1,1,1
1303455,101,2,1,1
1303500,1101,2,1,1
1304552,101,2,1,1
1305343,306,1,1,1
1305371,1300,2,1,1
1305990,900,2,1,1
1306473,300,1,1,1
1306561,905,2,1,1
1306958,303,2,1,1
1307701,1101,2,1,1
1309044,304,2,1,1
1309508,1300,2,1,1
1310225,300,2,1,1
1310511,906,1,1,1
1310577,300,1,1,1
1311651,1101,2,1,1
1313013,1300,2,1,1
1313725,700,2,1,1
1313740,1500,2,1,1
1314360,104,2,1,1
1314713,1500,1,1,1
1315022,1101,1,1,1
1315133,900,1,1,1
1315775,1100,1,1,1
1317315,903,2,1,1
1317477,1101,1,1,1
1318205,302,2,1,1
1318373,903,2,1,1
1318412,1500,1,1,1
1319838,305,1,1,1
1320697,903,2,1,1
1321069,303,1,1,1
1321086,305,2,1,1
1321208,1300,1,1,1
1321369,1300,2,1,1
1321689,101,2,1,1
1321853,305,2,1,1
1322129,903,2,1,1
1322937,300,2,1,1
1323951,303,2,1,1
1324289,302,2,1,1
1324348,303,2,1,1
1325179,104,2,1,1
1325744,1500,2,1,1
1327349,700,1,1,1
1327853,300,1,1,1
1328005,1100,2,1,1
1328483,303,1,1,1
1328617,101,2,1,1
1330332,905,2,1,1
1331911,700,2,1,1
1332097,302,2,1,1
1333426,103,2,1,1
1333688,305,2,1,1
1333774,301,1,1,1
1335122,302,1,1,1
1336349,1500,2,1,1
1336517,100,2,1,1
1337399,103,2,1,1
1337408,1500,1,1,1
1337801,302,2,1,1
1337880,1101,2,1,1
1337924,905,1,1,1
1338444,700,1,1,1
1342133,105,1,1,1
1342511,301,1,1,1
1343041,904,2,1,1
1343404,302,1,1,1
1344210,700,1,1,1
1345090,102,1,1,1
1345535,305,2,1,1
1345638,306,1,1,1
1345794,105,1,1,1
1346792,300,1,1,1
1347079,1300,2,1,1
1347965,1300,2,1,1
1348716,1100,2,1,1
1349284,303,2,1,1
1350353,300,2,1,1
1350897,104,2,1,1
1351145,101,2,1,1
1351899,500,2,1,1
1352936,300,2,1,1
1353170,1101,1,1,1
1354022,901,2,1,1
1355628,700,2,1,1
1356759,102,1,1,1
1357834,1300,2,1,1
1359103,1101,1,1,1
1359273,303,1,1,1
1360720,903,2,1,1
1361232,1300,2,1,1
1363644,905,2,1,1
1363658,100,2,1,1
1363678,302,2,1,1
1364073,302,1,1,1
1364779,905,2,1,1
1364855,102,2,1,1
1365006,103,1,1,1
1366490,1101,1,1,1
1367132,101,1,1,1
1368260,105,1,1,1
1368418,302,2,1,1
1368903,303,2,1,1
1368948,306,2,1,1
1369037,101,2,1,1
1369279,305,2,1,1
1369928,903,1,1,1
1370861,1500,1,1,1
1370870,1300,2,1,1
1371258,1300,1,1,1
1371290,905,1,1,1
1371483,902,1,1,1
1371724,905,1,1,1
1373234,101,2,1,1
1374874,901,1,1,1
1374915,302,2,1,1
1375243,101,2,1,1
1375790,100,1,1,1
1376023,104,1,1,1
1376061,903,2,1,1
1376098,1300,2,1,1
1377548,904,2,1,1
1377742,1101,2,1,1
1379530,1100,1,1,1
1382862,102,2,1,1
1383987,902,1,1,1
1384631,303,2,1,1
1384827,1300,2,1,1
1385068,1300,1,1,1
1385104,302,1,1,1
1385539,905,2,1,1
1385662,302,2,1,1
1385764,900,1,1,1
1386302,302,1,1,1
1386352,1101,2,1,1
1386866,1300,1,1,1
1389291,902,1,1,1
1391403,900,2,1,1
1391696,500,2,1,1
1392741,903,2,1,1
1394344,104,1,1,1
1394721,1500,2,1,1
1395838,300,2,1,1
1396717,101,2,1,1
1397827,302,1,1,1
1398232,900,2,1,1
1399168,905,1,1,1
1399464,1300,1,1,1
1400167,304,1,1,1
1400317,301,2,1,1
1401554,300,1,1,1
1401628,900,1,1,1
1401848,300,1,1,1
1402356,302,2,1,1
1402573,302,2,1,1
1404419,105,1,1,1
1404933,1101,2,1,1
1405053,302,1,1,1
1406019,905,2,1,1
1406646,906,1,1,1
1407433,1300,1,1,1
1407511,100,2,1,1
1409049,1101,2,1,1
1409237,1101,2,1,1
1410393,1300,1,1,1
1410687,1300,2,1,1
1410850,1300,2,1,1
1411667,303,2,1,1
1413383,303,1,1,1
1413745,1300,2,1,1
1414921,1100,1,1,1
1414977,305,1,1,1
1415077,905,2,1,1
1415610,902,1,1,1
1415933,300,1,1,1
1416867,1101,2,1,1
1416932,101,2,1,1
1417035,905,2,1,1
1417757,100,1,1,1
1418024,1300,2,1,1
1419907,903,2,1,1
1423209,903,2,1,1
1424393,1300,2,1,1
1424441,101,2,1,1
1426885,100,1,1,1
1426907,1101,1,1,1
1426964,903,2,1,1
1427430,300,1,1,1
1427753,1101,2,1,1
1428551,904,2,1,1
1430215,300,1,1,1
1430727,300,1,1,1
1432808,304,1,1,1
1433379,100,2,1,1
1433637,300,2,1,1
1434904,904,2,1,1
1435814,1100,1,1,1
1437228,101,1,1,1
1437305,1101,2,1,1
1437640,302,2,1,1
1437919,301,1,1,1
1439164,1101,1,1,1
1439441,1101,2,1,1
1439677,1500,1,1,1
1440402,302,2,1,1
1441768,300,1,1,1
1441804,300,1,1,1
1442414,303,2,1,1
1442558,101,2,1,1
1442842,302,2,1,1
1443116,306,2,1,1
1444238,305,2,1,1
1444914,900,1,1,1
1446126,700,1,1,1
1446329,302,2,1,1
1446630,904,1,1,1
1448756,1300,2,1,1
1449381,1500,1,1,1
1449504,900,1,1,1
1450736,905,2,1,1
1450817,1300,1,1,1
1451249,902,2,1,1
1451671,1100,1,1,1
1451737,1300,2,1,1
1451900,1500,2,1,1
1452095,1101,1,1,1
1452316,1101,2,1,1
1453128,900,2,1,1
1453142,302,1,1,1
1453258,1101,2,1,1
1453666,905,2,1,1
1453808,500,1,1,1
1454881,104,2,1,1
1455230,902,2,1,1
1455962,101,1,1,1
1456769,905,2,1,1
1458525,905,2,1,1
1459198,1500,2,1,1
1459579,303,1,1,1
1459978,102,2,1,1
1460762,1500,1,1,1
1460909,1300,2,1,1
1461832,903,2,1,1
1462163,1500,2,1,1
1462283,305,2,1,1
1463050,905,2,1,1
1463557,300,1,1,1
1463618,101,1,1,1
1465429,1300,2,1,1
1465746,900,2,1,1
1466337,904,2,1,1
1468550,301,1,1,1
1468833,903,2,1,1
1468943,500,2,1,1
1469218,903,1,1,1
1469386,1300,2,1,1
1473429,101,2,1,1
1474113,304,2,1,1
1474614,1300,2,1,1
1475464,700,2,1,1
1475738,100,1,1,1
1476326,303,2,1,1
1476801,700,2,1,1
1477038,1500,1,1,1
1477108,104,2,1,1
1477159,304,2,1,1
1477607,302,2,1,1
1478053,900,1,1,1
1478644,700,2,1,1
1479481,1100,1,1,1
1481533,903,2,1,1
1481692,302,1,1,1
1482385,903,2,1,1
1483262,305,1,1,1
1483709,902,1,1,1
1484198,1100,2,1,1
1484276,902,1,1,1
1486089,903,2,1,1
1486220,103,2,1,1
1486410,700,2,1,1
1487422,901,1,1,1
1487454,105,2,1,1
1487534,302,2,1,1
1487590,300,1,1,1
1487784,500,1,1,1
1488091,302,2,1,1
1488312,102,2,1,1
1490314,100,2,1,1
1491306,903,2,1,1
1492096,303,2,1,1
1492411,500,1,1,1
1493073,1500,1,1,1
