variable_names,pworker,pworker,ptotals
variable_categories,1,2,1
geo,,,
3280,471.7693525,492.9820634,964.7514159
3281,523.1737037,546.6977679,1069.871472
3282,699.9970393,731.4718156,1431.468855
3283,1413.82606,1477.397556,2891.223615
3284,2208.262235,2307.554883,4515.817117
3285,964.7806759,1008.161225,1972.941901
3286,1802.603526,1883.656073,3686.259599
3287,1826.42918,1908.553028,3734.982208
3288,509.8073003,532.7303555,1042.537656
3289,2311.508093,2415.443104,4726.951197
3290,1542.759883,1612.128779,3154.888662
3291,2277.478983,2379.883904,4657.362887
3292,1253.27628,1309.62879,2562.90507
3293,1943.972597,2031.381685,3975.354282
3294,2439.272557,2548.95239,4988.224947
3295,3598.43317,3760.233682,7358.666852
3296,2101.473116,2195.964081,4297.437197
3297,1057.158549,1104.692791,2161.85134
3298,2027.827965,2119.007539,4146.835504
3299,1734.971633,1812.983168,3547.954801
3300,2219.538954,2319.33865,4538.877604
3301,3997.936513,4177.700355,8175.636868
3302,2602.882428,2719.91884,5322.801268
3303,2169.673444,2267.23098,4436.904424
3304,3229.767567,3374.991341,6604.758908
3305,1366.515812,1427.960042,2794.475854
3306,1809.025517,1890.366823,3699.39234
3307,2272.044991,2374.205577,4646.250567
3308,3287.071489,3434.871885,6721.943373
3309,1698.5402,1774.913627,3473.453826
3310,2724.90026,2847.423101,5572.323362
3311,1586.800258,1658.149393,3244.949651
3312,2397.929552,2505.750432,4903.679984
3313,1314.038197,1373.122815,2687.161012
3314,1684.185797,1759.913791,3444.099588
3315,2230.804843,2331.111101,4561.915944
3316,2192.045522,2290.609,4482.654522
3317,1997.903789,2087.737847,4085.641636
3318,2025.482485,2116.556597,4142.039082
3319,1821.393092,1903.290496,3724.683588
3320,3302.385468,3450.874444,6753.259912
3321,732.6009945,765.5417802,1498.142775
3322,2181.002939,2279.069897,4460.072836
3323,1345.739418,1406.249456,2751.988874
3324,1578.555208,1649.533611,3228.088819
3325,2249.270941,2350.407511,4599.678452
3326,2058.989174,2151.569885,4210.559059
3327,2316.561773,2420.724019,4737.285792
3328,2102.461114,2196.996505,4299.457619
3329,2066.893163,2159.829271,4226.722434
3330,3690.827255,3856.782189,7547.609444
3331,2456.278316,2566.722798,5023.001114
3332,2374.683163,2481.458788,4856.14195
3333,3597.445172,3759.201259,7356.64643
3334,2580.822989,2696.867517,5277.690506
3335,2274.514987,2376.786635,4651.301622
3336,1236.156834,1291.739583,2527.896417
3337,1785.921236,1866.223678,3652.144914
3338,2491.38069,2603.40352,5094.78421
3339,2736.461197,2859.503866,5595.965063
3340,2609.304419,2726.629591,5335.934009
3341,3343.557942,3493.898204,6837.456146
3342,2099.17365,2193.561222,4292.734871
3343,2136.547068,2232.615104,4369.162172
3344,1412.344062,1475.848921,2888.192982
3345,2000.203255,2090.140707,4090.343961
3346,3582.483083,3743.566413,7326.049496
3347,2881.640154,3011.210672,5892.850826
3348,2638.478801,2757.115774,5395.594574
3349,1862.871443,1946.633886,3809.505329
3350,2693.89199,2815.02057,5508.91256
3351,2030.973321,2122.294323,4153.267645
3352,1234.845367,1290.369147,2525.214513
3353,3025.251848,3161.279745,6186.531593
3354,3236.189558,3381.702092,6617.89165
3355,2926.051335,3057.618765,5983.6701
3356,2849.615463,2977.746018,5827.361482
3357,3268.470045,3415.434043,6683.904088
3358,2000.345364,2090.289205,4090.634569
3359,3074.737045,3212.990003,6287.727048
3360,2329.462599,2434.204919,4763.667518
3361,4036.059726,4217.537746,8253.597472
3362,2300.060843,2403.481139,4703.541982
3363,1174.730388,1227.551149,2402.281536
3364,786.4469206,821.8088429,1608.255764
3365,2961.372997,3094.528635,6055.901632
3366,1979.711079,2068.727117,4048.438196
3367,2540.144514,2654.359969,5194.504482
3368,2719.778907,2842.071471,5561.850378
3369,2991.830425,3126.355555,6118.18598
3370,3212.040435,3356.467123,6568.507559
3371,3694.844138,3860.979688,7555.823826
3372,3000.864521,3135.795862,6136.660383
3373,2115.390362,2210.507105,4325.897467
3374,2996.503792,3131.239057,6127.74285
3375,3534.650414,3693.582988,7228.233402
3376,2408.928817,2517.244269,4926.173085
3377,2117.281094,2212.482852,4329.763946
3378,2575.712465,2691.527203,5267.239668
3379,108.7082726,113.5962483,222.3045209
3380,1212.768336,1267.299441,2480.067776
3381,3245.916606,3391.866508,6637.783115
3382,1583.267827,1654.458129,3237.725956
3383,1798.736797,1879.615479,3678.352276
3384,3482.34333,3638.923959,7121.267289
3385,2552.483667,2667.253942,5219.737609
3386,2621.654402,2739.53488,5361.189282
3387,1814.45951,1896.045151,3710.50466
3388,2205.212973,2304.368514,4509.581488
3389,1993.781264,2083.429956,4077.21122
3390,2479.567534,2591.059196,5070.626731
3391,3767.324095,3936.718644,7704.042739
3392,1207.828342,1262.137325,2469.965667
3393,3935.216191,4112.159867,8047.376058
3394,2896.40329,3026.63762,5923.040911
3395,33.09795457,34.58617618,67.68413075
3396,2468.333252,2579.319774,5047.653026
3397,3067.24179,3205.15773,6272.39952
3398,3925.830204,4102.351847,8028.182051
3399,3601.862744,3763.817463,7365.680207
3400,2222.645058,2322.584418,4545.229477
3401,2285.087925,2387.834976,4672.922901
3402,2974.540448,3108.28815,6082.828598
3403,3182.485741,3325.583527,6508.069268
3404,3504.0793,3661.637269,7165.716569
3405,2113.3291,2208.35316,4321.682259
3406,2291.833385,2394.88374,4686.717125
3407,1952.075539,2039.848968,3991.924507
3408,2454.682631,2565.055365,5019.737996
3409,3851.271491,4024.440664,7875.712155
3410,3211.983592,3356.407724,6568.391316
3411,2903.841702,3034.410494,5938.252196
3412,1691.947678,1768.024678,3459.972356
3413,1834.219483,1916.693614,3750.913097
3414,2662.162346,2781.86423,5444.026576
3415,1691.595787,1767.656965,3459.252752
3416,1860.44746,1944.100911,3804.548371
3417,2921.51199,3052.875312,5974.387302
3418,3680.607588,3846.103003,7526.710591
3419,2425.707201,2534.777079,4960.484281
3420,2441.344649,2551.117652,4992.462301
3421,1699.093737,1775.492054,3474.585791
3422,3521.511385,3679.853173,7201.364558
3423,974.6606623,1018.485457,1993.146119
3424,4018.332594,4199.013529,8217.346123
3425,1337.750164,1397.900971,2735.651135
3426,2529.770528,2643.519525,5173.290053
3427,2763.886955,2888.1628,5652.049756
3428,3625.773663,3788.803517,7414.577181
3429,2014.6145,2105.199942,4119.814442
3430,2250.660911,2351.85998,4602.520891
3431,2384.285694,2491.493089,4875.778783
3432,2694.766302,2815.934195,5510.700496
3433,2332.170799,2437.034892,4769.205691
3434,2860.398183,2989.013574,5849.411757
3435,2526.472234,2640.072926,5166.54516
3436,2196.90025,2295.682016,4492.582267
3437,3751.715069,3920.407772,7672.12284
3438,974.8311928,1018.663655,1993.494848
3439,2304.126525,2407.72963,4711.856155
3440,4223.530435,4413.437918,8636.968353
3441,2411.381221,2519.806943,4931.188165
3442,1413.911325,1477.486655,2891.397979
3443,2650.800362,2769.991364,5420.791726
3444,1308.774734,1367.622686,2676.397421
3445,2246.459883,2347.470057,4593.92994
3446,1670.847816,1745.976078,3416.823894
3447,2245.720918,2346.697864,4592.418782
3448,3550.760202,3710.417139,7261.177341
3449,2707.315237,2829.047382,5536.362619
3450,2967.965519,3101.417584,6069.383103
3451,3158.137666,3300.140661,6458.278327
3452,2610.032555,2727.390466,5337.423021
3453,2462.58662,2573.31475,5035.90137
3454,2797.070175,2922.838076,5719.908251
3455,2718.972268,2841.228562,5560.200831
3456,3285.90213,3433.649947,6719.552077
3457,2014.529235,2105.110843,4119.640078
3458,3875.101212,4049.341869,7924.443081
3459,2840.496102,2968.216612,5808.712714
3460,3026.733846,3162.82838,6189.562226
3461,2034.289208,2125.759306,4160.048514
3462,1557.085863,1627.098915,3184.184778
3463,4054.860122,4237.183486,8292.043608
3464,3217.00885,3361.658939,6578.667789
3465,2971.309827,3104.912266,6076.222093
3466,913.4047464,954.4752202,1867.879967
3467,2492.247847,2604.309669,5096.557517
3468,1646.127167,1989.999479,3636.126646
3469,749.2309409,905.7436214,1654.974562
3470,1307.632897,1580.794507,2888.427405
3471,781.2322475,944.42993,1725.662178
3472,775.1291602,937.0519212,1712.181081
3473,1485.812656,1796.195622,3282.008277
3474,1233.573077,1491.263755,2724.836832
3475,1218.579371,1473.137897,2691.717269
3476,1164.675717,1407.973889,2572.649606
3477,3366.768509,4070.078978,7436.847487
3478,1899.766163,2296.623098,4196.389261
3479,1825.001763,2206.24058,4031.242343
3480,1962.358056,2372.290298,4334.648353
3481,1902.785054,2300.272628,4203.057683
3482,948.5321016,1146.678352,2095.210454
3483,2837.09873,3429.762358,6266.861088
3484,1714.771084,2072.982957,3787.754041
3485,1854.418687,2241.802634,4096.221321
3486,2354.011828,2845.759674,5199.771502
3487,2531.882645,3060.787309,5592.669953
3488,2107.286846,2547.49439,4654.781236
3489,3294.264235,3982.428721,7276.692956
3490,3036.674618,3671.029206,6707.703824
3491,1566.61509,1893.877505,3460.492596
3492,2462.257312,2976.617399,5438.874711
3493,2180.939151,2636.532499,4817.47165
3494,1993.744885,2410.233766,4403.97865
3495,1593.422019,1926.284342,3519.706361
3496,3328.221064,4023.479057,7351.700121
3497,1677.023289,2027.349731,3704.37302
3498,1899.548883,2296.360428,4195.90931
3499,2571.647741,3108.859246,5680.506987
3500,1250.384202,1511.586686,2761.970889
3501,1723.36747,2083.37511,3806.74258
3502,1138.158585,1375.917387,2514.075972
3503,1377.14917,1664.832575,3041.981745
3504,1159.058902,1401.183734,2560.242637
3505,3104.35239,3752.844713,6857.197103
3506,2299.943616,2780.396732,5080.340348
3507,1302.402635,1574.471654,2876.874288
3508,3158.838603,3818.712976,6977.551579
3509,1182.659308,1429.714213,2612.373521
3510,3388.287739,4096.093527,7484.381266
3511,198.5912844,240.0765629,438.6678473
3512,2380.364402,2877.617242,5257.981644
3513,2910.142011,3518.064218,6428.206229
3514,2385.998425,2884.428199,5270.426624
3515,2046.747699,2474.30875,4521.056449
3516,1909.198553,2308.025893,4217.224445
3517,2218.930023,2682.459579,4901.389602
3518,2024.150298,2446.990802,4471.141101
3519,2426.708584,2933.642621,5360.351205
3520,2941.492487,3555.963738,6497.456226
3521,1616.139755,1953.747763,3569.887518
3522,2664.863166,3221.547166,5886.410333
3523,2265.140068,2738.3228,5003.462868
3524,1295.819675,1566.513528,2862.333203
3525,3428.307308,4144.473095,7572.780403
3526,3313.87944,4006.141499,7320.020939
3527,3022.440334,3653.821411,6676.261746
3528,2271.773623,2746.34209,5018.115713
3529,2587.459334,3127.973845,5715.433179
3530,3084.614225,3728.98329,6813.597515
3531,2465.911295,2981.034691,5446.945986
3532,1353.995436,1636.842077,2990.837512
3533,1973.971396,2386.329639,4360.301035
3534,2681.129113,3241.211034,5922.340147
3535,2204.183829,2664.632938,4868.816766
3536,1779.780163,2151.572288,3931.352451
3537,1892.387428,2287.702961,4180.090389
3538,3102.552179,3750.668442,6853.220621
3539,3016.988078,3647.23019,6664.218268
3540,2889.350753,3492.929712,6382.280465
3541,3449.006714,4169.496561,7618.503276
3542,1410.844126,1705.566333,3116.410459
3543,2421.783388,2927.688563,5349.471951
3544,3061.769313,3701.366126,6763.135439
3545,2398.992946,2900.137247,5299.130193
3546,3657.752751,4421.849182,8079.601933
3547,1806.605328,2184.001171,3990.606499
3548,1328.533215,1606.060854,2934.594069
3549,1808.331804,2186.088304,3994.420108
3550,2753.153395,3328.281029,6081.434424
3551,2932.896101,3545.571586,6478.467686
3552,3150.277661,3808.363672,6958.641333
3553,2925.86278,3537.069021,6462.931801
3554,3099.135819,3746.538413,6845.674232
3555,3399.881934,4110.109724,7509.991658
3556,2530.664993,3059.315293,5589.980286
3557,3804.693877,4599.485983,8404.17986
3558,2212.689392,2674.915295,4887.604687
3559,3035.026317,3669.036578,6704.062895
3560,2158.876011,2609.860418,4768.73643
3561,2208.527613,2669.884129,4878.411742
3562,3186.892832,3852.627671,7039.520504
3563,3426.016389,4141.703608,7567.719998
3564,3129.013812,3782.657852,6911.671664
3565,2567.576785,3103.937876,5671.514662
3566,2972.406965,3593.336182,6565.743146
3567,1861.963898,2250.924023,4112.887921
3568,2349.341225,2840.113392,5189.454616
3569,984.7983363,989.7264761,1974.524812
3570,1202.399621,1208.416683,2410.816304
3571,1447.167486,1454.409419,2901.576906
3572,1353.907057,1360.682295,2714.589352
3573,378.2601767,380.1530708,758.4132475
3574,2078.905729,2089.309014,4168.214743
3575,1799.27791,1808.281879,3607.559789
3576,1631.397828,1639.561689,3270.959517
3577,1009.710633,1014.763439,2024.474072
3578,1997.05104,2007.044707,4004.095747
3579,1564.021751,1571.848448,3135.870199
3580,1090.040079,1095.494871,2185.53495
3581,996.1454584,1001.130382,1997.27584
3582,1209.51742,1215.570101,2425.087521
3583,1097.157878,1102.648289,2199.806167
3584,1730.722996,1739.383901,3470.106896
3585,1084.447523,1089.874328,2174.321851
3586,1430.250194,1437.407469,2867.657664
3587,777.3653362,781.2554372,1558.620773
3588,1028.013545,1033.157942,2061.171487
3589,854.8063063,859.0839384,1713.890245
3590,1724.54102,1733.17099,3457.71201
3591,2245.665592,2256.903379,4502.568971
3592,1174.414453,1180.291472,2354.705924
3593,1223.244604,1229.365979,2452.610583
3594,1963.068292,1972.891903,3935.960195
3595,2194.741611,2205.724564,4400.466175
3596,1688.664239,1697.114673,3385.778912
3597,2000.842274,2010.854913,4011.697187
3598,2257.867533,2269.166381,4527.033914
3599,1532.360447,1540.028704,3072.38915
3600,1110.885062,1116.444166,2227.329228
3601,1934.759106,1944.441051,3879.200156
3602,1807.147137,1816.190485,3623.337623
3603,2850.678509,2864.943909,5715.622418
3604,671.7771886,675.1389041,1346.916093
3605,1584.218697,1592.146463,3176.36516
3606,1162.743312,1168.561926,2331.305238
3607,2031.366092,2041.531478,4072.89757
3608,2284.305072,2295.736219,4580.041292
3609,2438.849228,2451.053746,4889.902974
3610,2049.417704,2059.673425,4109.09113
3611,2013.828709,2023.906335,4037.735045
3612,1314.500444,1321.078483,2635.578928
3613,1576.673488,1584.563497,3161.236985
3614,2191.773685,2202.741785,4394.51547
3615,1126.115102,1131.750421,2257.865523
3616,2345.985202,2357.725009,4703.710211
3617,1244.598001,1250.826233,2495.424234
3618,1669.632285,1677.987479,3347.619764
3619,688.3843081,691.8291292,1380.213437
3620,2500.919291,2513.434422,5014.353713
3621,1900.591962,1910.102928,3810.69489
3622,1468.439879,1475.788263,2944.228142
3623,977.172123,982.0620996,1959.234223
3624,542.9863826,545.7036017,1088.689984
3625,1772.331957,1781.201082,3553.533039
3626,773.7978964,777.6701452,1551.468042
3627,1883.166256,1892.590019,3775.756275
3628,1900.452339,1909.962606,3810.414945
3629,2955.492842,2970.282755,5925.775597
3630,1461.425471,1468.738754,2930.164224
3631,1121.56176,1127.174293,2248.736054
3632,1618.851553,1626.95263,3245.804183
3633,1576.084069,1583.971128,3160.055198
3634,2042.379131,2052.599629,4094.97876
3635,1038.690243,1043.888069,2082.578313
3636,3040.317011,3055.531403,6095.848414
3637,2985.408276,3000.347892,5985.756168
3638,1991.022534,2000.986033,3992.008567
3639,2750.012494,2763.77414,5513.786634
3640,1852.004825,1861.27265,3713.277476
3641,1451.419196,1458.682405,2910.101601
3642,1997.05104,2007.044707,4004.095747
3643,1725.292449,1733.926178,3459.218627
3644,1485.784581,1493.219762,2979.004342
3645,1480.107044,1487.513814,2967.620858
3646,972.0879809,976.9525153,1949.040496
3647,1847.097349,1856.340616,3703.437965
3648,1602.013194,1610.030008,3212.043203
3649,2914.565824,2929.15093,5843.716753
3650,2361.536026,2373.353653,4734.889679
3651,2133.30605,2143.981566,4277.287616
3652,2752.202668,2765.975274,5518.177943
3653,2392.088886,2404.059406,4796.148292
3654,1410.341035,1417.398681,2827.739716
3655,2145.507991,2156.244568,4301.75256
3656,2206.922721,2217.96663,4424.88935
3657,1223.244604,1229.365979,2452.610583
3658,2923.462746,2938.092374,5861.55512
3659,1758.096359,1766.894246,3524.990605
3660,1392.546537,1399.515136,2792.061673
3661,2936.600511,2951.295883,5887.896394
3662,1982.815442,1992.737871,3975.553313
3663,1599.124718,1607.127078,3206.251796
3664,2611.966841,2625.037677,5237.004519
3665,3258.381938,3274.687572,6533.069509
3666,735.1669563,738.8458876,1474.012844
3667,1949.768518,1959.525573,3909.294092
3668,3129.568745,3145.229771,6274.798517
3669,2552.239364,2565.011311,5117.250675
3670,2059.535607,2069.84196,4129.377567
3671,2241.107852,2252.322831,4493.430684
3672,3457.854559,3475.158397,6933.012956
3673,937.0884046,941.7777938,1878.866198
3674,2190.248442,2201.20891,4391.457352
3675,2287.65719,2299.105112,4586.762302
3676,1862.321273,1871.640724,3733.961997
3677,1877.654704,1887.050887,3764.705591
3678,1552.593625,1560.363132,3112.956757
3679,1994.972611,2004.955877,3999.928488
3680,1777.416099,1786.310666,3563.726765
3681,2918.887018,2933.493748,5852.380767
3682,3251.713934,3267.986201,6519.700135
3683,2184.655886,2195.588367,4380.244253
3684,1765.295162,1774.129074,3539.424236
3685,2457.165906,2469.462085,4926.627991
3686,1133.255287,1138.926337,2272.181625
3687,3177.404454,3193.30486,6370.709314
3688,2029.081136,2039.235088,4068.316224
3689,2129.747151,2140.404857,4270.152008
3690,3063.924693,3079.257222,6143.181915
3691,3101.488727,3117.009234,6218.497961
3692,2750.660531,2764.42542,5515.085951
3693,1573.033584,1580.905378,3153.938962
3694,2303.624812,2315.15264,4618.777452
3695,588.2352478,591.1789018,1179.41415
3696,1020.47466,1025.581332,2046.055993
3697,2515.714545,2528.303714,5044.01826
3698,1276.628096,1283.016614,2559.64471
3699,424.0174561,426.1393294,850.1567855
3700,2472.418332,2484.790838,4957.20917
3701,2335.632522,2347.320522,4682.953044
3702,3596.684173,3614.682743,7211.366916
3703,1723.560424,1732.185486,3455.74591
3704,2182.622229,2193.544534,4376.166763
3705,2125.171423,2135.806231,4260.977654
3706,1390.004466,1396.960344,2786.96481
3707,398.5967453,400.591408,799.1881533
3708,1789.271635,1798.22553,3587.497165
3709,1620.109324,1628.216695,3248.32602
3710,1511.00705,1518.56845,3029.575499
3711,525.7002993,528.3310151,1054.031314
3712,3507.411125,3524.962955,7032.37408
3713,3165.386908,3181.227176,6346.614084
3714,1588.286011,1596.234131,3184.520141
3715,1588.286011,1596.234131,3184.520141
3716,2105.343268,2115.878853,4221.222121
3717,1314.066353,1320.642219,2634.708572
3718,896.9823,901.4709897,1798.45329
3719,1724.54102,1733.17099,3457.71201
3720,518.3757185,520.9697805,1039.345499
3721,980.2226083,985.1278502,1965.350459
3722,1912.880214,1922.452672,3835.332886
3723,2572.818947,2585.693878,5158.512825
3724,1596.420638,1604.409466,3200.830104
3725,2514.616712,2527.200387,5041.8171
3726,1560.993652,1568.805196,3129.798848
3727,2362.591158,2374.414065,4737.005223
3728,2093.811751,2104.289629,4198.101379
3729,3020.731871,3035.848254,6056.580125
3730,2469.367847,2481.725087,4951.092934
3731,502.9026642,505.4192958,1008.32196
3732,412.8323433,414.898244,827.7305873
3734,3327.305643,3343.956186,6671.261829
3736,1910.112209,1919.670816,3829.783025
3737,2855.12846,2869.416128,5724.544588
3738,873.9640372,878.3375386,1752.301576
3739,364.0245786,365.8462348,729.8708134
3740,2655.35467,2668.642628,5323.997299
3741,1559.3064,1567.1095,3126.415901
3742,1613.198307,1621.271094,3234.469401
3743,3270.52526,3286.891662,6557.416923
3744,144.3896373,145.1121937,289.501831
3746,1528.293133,1535.941036,3064.234169
3747,41.18155149,41.38763271,82.5691842
3748,1605.572094,1613.606717,3219.178811
3749,362.499336,364.3133595,726.8126955
3752,1598.431909,1606.430801,3204.86271
3753,801.7692185,805.7814418,1607.55066
3755,279.6365207,347.1335451,626.7700658
3756,709.8522445,881.1922189,1591.044463
3757,651.8272274,809.1614633,1460.988691
3758,875.1978213,1086.447942,1961.645763
3759,673.1511827,835.6324699,1508.783653
3760,472.2702871,586.2641211,1058.534408
3761,903.6517539,1121.769918,2025.421672
3762,534.85084,663.950001,1198.800841
3763,894.2527015,1110.102177,2004.354879
3764,587.1750311,728.9038988,1316.07893
3765,730.2525248,906.5165993,1636.769124
3766,1000.775296,1242.336571,2243.111867
3767,1044.189966,1296.23042,2340.420387
3768,1515.037735,1880.728664,3395.766399
3769,678.5220698,842.2997503,1520.82182
3770,1580.831102,1962.402848,3543.23395
3771,611.833555,759.5143527,1371.347908
3772,786.8001882,976.7134063,1763.513595
3773,779.2262029,967.3112567,1746.53746
3774,772.8317802,959.3733859,1732.205166
3775,981.6094134,1218.54454,2200.153954
3776,764.4562633,948.9762358,1713.432499
3777,832.6274031,1033.602126,1866.229529
3778,620.3374596,770.0708799,1390.408339
3779,792.2058467,983.4238509,1775.629698
3780,1001.761439,1243.560744,2245.322182
3781,1233.513736,1531.252053,2764.765789
3782,1001.222869,1242.892178,2244.115047
3783,1631.854529,2025.742012,3657.596541
3784,1195.34271,1483.867527,2679.210237
3785,654.8006518,812.8525954,1467.653247
3786,924.4795441,1147.624998,2072.104542
3787,579.1606585,718.9550639,1298.115722
3788,674.1261271,836.8427407,1510.968868
3789,1271.231202,1578.073539,2849.304741
3790,908.5750671,1127.881592,2036.456659
3791,1283.642016,1593.480002,2877.122018
3792,1147.579543,1424.575567,2572.15511
3793,658.8078381,817.8270129,1476.634851
3794,990.9286692,1230.113224,2221.041893
3795,441.7554636,548.3838084,990.139272
3796,1066.568662,1324.010755,2390.579418
3797,1072.813302,1331.762689,2404.575991
3798,1190.185106,1477.465012,2667.650118
3799,817.2070494,1014.459697,1831.666747
3800,1189.651492,1476.802596,2666.454088
3801,1789.55111,2221.502468,4011.053578
3802,1497.582352,1859.060003,3356.642355
3803,920.000239,1142.064505,2062.064744
3804,1911.588232,2372.996196,4284.584428
3805,1165.49632,1446.81699,2612.31331
3806,595.8595353,739.6846177,1335.544153
3807,2209.168573,2742.404735,4951.573308
3808,1066.023906,1323.334509,2389.358415
3809,554.0965187,687.8410889,1241.937608
3810,761.3232459,945.0869889,1706.410235
3811,1560.189213,1936.778541,3496.967754
3812,1640.806008,2036.854145,3677.660153
3813,1898.608588,2356.883602,4255.49219
3814,2027.925624,2517.414425,4545.340049
3815,1848.032735,2294.100045,4142.13278
3816,1145.789247,1422.35314,2568.142387
3817,1639.91086,2035.742932,3675.653792
3818,2050.189296,2545.051972,4595.241268
3819,1604.55252,1991.850003,3596.402523
3820,1546.815484,1920.176739,3466.992223
3821,1403.144254,1741.82699,3144.971244
3822,1845.794865,2291.322012,4137.116877
3823,1634.539973,2029.075652,3663.615625
3824,877.5402893,1089.355821,1966.89611
3825,1562.272387,1939.364539,3501.636926
3826,1467.985326,1822.31902,3290.304346
3827,1239.630432,1538.84516,2778.475593
3828,1437.326153,1784.259516,3221.585669
3829,999.3326362,1240.545691,2239.878327
3830,2361.400027,2931.380925,5292.780952
3831,2177.894717,2703.58218,4881.476897
3832,1225.249222,1520.992698,2746.241919
3833,1655.572972,2055.185473,3710.758446
3834,1691.381861,2099.637702,3791.019563
3835,966.4467352,1199.721984,2166.168719
3836,914.3935281,1135.104479,2049.498007
3837,1350.330531,1676.2654,3026.595931
3838,992.250412,1231.754001,2224.004413
3839,1053.141445,1307.342554,2360.483999
3840,643.2602087,798.5265878,1441.786797
3841,799.1588452,992.0551235,1791.213969
3842,1416.019584,1757.810092,3173.829675
3843,1465.322258,1819.013157,3284.335415
3844,1623.5899,2015.482514,3639.072414
3845,1929.938763,2395.776071,4325.714834
3846,1491.906098,1852.013649,3343.919747
3847,2119.1444,2630.651055,4749.795454
3848,1500.967182,1863.261844,3364.229026
3849,2071.874016,2571.970823,4643.84484
3850,1436.316437,1783.006081,3219.322519
3851,1902.18918,2361.328456,4263.517635
3852,1470.453755,1825.383265,3295.83702
3853,1059.084728,1314.720392,2373.805119
3854,531.268895,659.5034671,1190.772362
3855,1835.250578,2278.232606,4113.483184
3856,1776.95223,2205.862544,3982.814774
3857,1583.068972,1965.180882,3548.249853
3858,1590.177997,1974.005842,3564.18384
3859,2148.094497,2666.588957,4814.683454
3860,3575.668084,4438.74189,8014.409974
3861,898.7284407,1115.658244,2014.386685
3862,1820.120911,2259.451029,4079.571941
3863,1511.00957,1875.728204,3386.737773
3864,1677.600686,2082.530107,3760.130793
3865,933.4863017,1158.805754,2092.292056
3866,2061.029332,2558.508513,4619.537845
3867,979.7393211,1216.223056,2195.962377
3868,2070.45959,2570.214991,4640.674581
3869,1533.83584,1904.064145,3437.899985
3870,1962.240316,2435.874384,4398.1147
3871,2788.833125,3461.985319,6250.818444
3872,2784.365889,3456.439808,6240.805697
3873,2031.551864,2521.915946,4553.46781
3874,2155.068447,2675.246238,4830.314686
3875,1651.707375,2050.386821,3702.094196
3876,1864.59297,2314.657493,4179.250463
3877,2611.683901,3242.076854,5853.760755
3878,1756.505207,2180.480139,3936.985345
3879,1372.725942,1704.066484,3076.792426
3880,2962.710246,3677.83188,6640.542126
3881,871.4264313,1081.766236,1953.192667
3882,866.5031182,1075.654562,1942.157681
3883,771.9181669,958.23925,1730.157417
3884,2041.38467,2534.122138,4575.506808
3885,1476.539246,1832.937635,3309.476881
3886,1904.874623,2364.662096,4269.536719
3887,1199.050544,1488.470337,2687.520881
3888,1303.366474,1617.965435,2921.331909
3889,1330.907873,1652.154615,2983.062488
3890,1600.936985,1987.361772,3588.298757
3891,2122.298369,2634.56631,4756.864679
3892,519.1736216,644.4887076,1163.662329
3893,2404.766106,2985.214455,5389.980561
3894,2395.618485,2973.858835,5369.47732
3895,1181.78596,1467.038528,2648.824488
3896,1737.880958,2157.360479,3895.241437
3897,1299.286803,1612.901036,2912.187838
3898,1697.647896,2107.416196,3805.064092
3899,2390.492332,2967.49536,5357.987692
3900,1988.650744,2468.659605,4457.310349
3901,1874.88717,2327.436447,4202.323618
3902,1773.447483,2201.511842,3974.959325
3903,2640.238582,3277.523896,5917.762478
3904,2510.52194,3116.497012,5627.018952
3905,1269.871095,1576.385137,2846.256231
3906,2099.569281,2606.351008,4705.920289
3907,1622.903051,2014.629878,3637.532928
3908,1938.473873,2406.371336,4344.845209
3909,1949.298582,2419.808849,4369.10743
3910,1337.253705,1660.032166,2997.285871
3911,1342.211263,1666.186351,3008.397614
3912,1600.076781,1986.293936,3586.370717
3913,1229.579187,1526.367805,2755.946993
3914,1530.629714,1900.084143,3430.713857
3915,2044.469097,2537.951065,4582.420162
3916,1558.004832,1934.066907,3492.071739
3917,2084.52518,2587.675651,4672.200831
3918,1596.815376,1982.245312,3579.060688
3919,2012.292365,2498.007703,4510.300068
3920,2663.335447,3306.195748,5969.531195
3921,2037.051139,2528.742604,4565.793742
3922,1760.308246,2185.201133,3945.509379
3923,2191.549296,2720.53262,4912.081916
3924,1940.232963,2408.555025,4348.787988
3926,2922.161563,3627.495795,6549.657358
3927,1507.428978,1871.28335,3378.712328
3929,81.45845429,101.1204186,182.5788729
3930,2189.691233,2718.226069,4907.917301
3931,1775.525759,2204.091761,3979.61752
3932,1636.777843,2031.853685,3668.631528
3933,2013.485748,2499.489137,4512.974885
3934,1860.117231,2309.101426,4169.218657
3935,2623.293183,3256.488317,5879.781501
3936,1754.583401,2178.094459,3932.67786
3937,1779.106351,2208.536614,3987.642965
3938,1489.526021,1849.059082,3338.585104
3939,1110.878481,1379.015818,2489.894299
3940,2615.046054,3246.250544,5861.296598
3941,1911.31274,2372.654207,4283.966947
3942,2150.047952,2669.013925,4819.061877
3943,1550.298893,1924.500953,3474.799846
3944,664.1997042,824.520336,1488.72004
3945,2013.617701,2499.652941,4513.270642
3946,1415.103484,1756.672869,3171.776354
3947,2125.1122,2638.059328,4763.171527
3948,1839.212766,2283.151164,4122.363931
3949,1316.762486,1634.594898,2951.357384
3950,1598.109506,1983.851812,3581.961319
3951,2048.098279,2542.456238,4590.554518
3952,1642.596304,2039.076572,3681.672876
3953,2014.242254,2500.428244,4514.670498
3954,1436.007949,1782.623131,3218.63108
3955,1990.135673,2470.502958,4460.638631
3956,7.161182795,8.889707127,16.05088992
3957,2029.747748,2519.676364,4549.424112
3958,2235.336197,2774.888548,5010.224745
3959,1329.74213,1650.707492,2980.449622
3960,3370.564659,4184.131802,7554.69646
3961,1199.08175,1488.509075,2687.590824
3962,945.7237028,1173.996947,2119.72065
3963,3.133017473,3.889246868,7.022264341
3964,96.47319214,119.7593258,216.232518
3966,2260.31073,2805.891287,5066.202018
3967,2684.211828,3332.111148,6016.322976
3968,2601.77843,3229.780458,5831.558888
3969,2874.11156,3567.847764,6441.959324
3970,2149.777357,2668.678016,4818.455372
3971,2321.565947,2881.931929,5203.497876
3972,2885.939281,3582.53039,6468.469671
3973,2251.935214,2795.494137,5047.429351
3974,3325.665059,4128.394599,7454.059658
3975,2469.088364,3065.062442,5534.150805
3977,1476.688585,1833.123021,3309.811606
3978,2767.349576,3435.316198,6202.665774
3979,2604.432668,3233.075361,5837.508028
3980,2667.540591,3311.415905,5978.956496
3981,2211.910336,2745.808289,4957.718625
3982,3306.787157,4104.960061,7411.747218
3983,3341.586922,4148.159588,7489.74651
3984,0.974085569,1.044609084,2.018694653
3985,526.1521194,564.2453815,1090.397501
3987,2040.709267,2188.456031,4229.165299
3988,1541.471156,1653.073225,3194.544381
3989,1438.237343,1542.365313,2980.602656
3990,942.4277882,1010.659289,1953.087077
3991,1466.905154,1573.108665,3040.013818
3992,404.4971848,433.7826646,838.2798494
3993,716.4399361,768.3099814,1484.749918
3994,1782.576592,1911.634624,3694.211216
3995,1850.946465,1984.954457,3835.900922
3996,2472.916253,2651.954679,5124.870932
3997,2782.475428,2983.925849,5766.401277
3998,2766.667661,2966.973604,5733.641266
3999,2451.286335,2628.75876,5080.045095
4000,2828.573817,3033.361748,5861.935565
4001,1371.025439,1470.287286,2841.312725
4002,3219.923715,3453.045266,6672.96898
4003,2853.628916,3060.230829,5913.859745
4004,1633.238341,1751.484327,3384.722667
4005,2957.323788,3171.43318,6128.756968
4006,2036.812925,2184.277595,4221.09052
4007,3609.012965,3870.304465,7479.31743
4008,1924.306042,2063.625246,3987.931288
4009,2690.201944,2884.971791,5575.173735
4010,2719.998525,2916.925635,5636.92416
4011,1519.254177,1629.247742,3148.501919
4012,3642.512377,3906.229225,7548.741602
4013,1862.938651,1997.814874,3860.753525
4014,3189.866051,3420.811435,6610.677486
4015,2183.412803,2341.491262,4524.904066
4016,2593.015785,2780.749382,5373.765167
4017,2831.179707,3036.156303,5867.33601
4018,2314.914355,2482.513489,4797.427844
4019,1901.002906,2038.634969,3939.637875
4020,1908.720673,2046.9115,3955.632173
4021,1813.528037,1944.826945,3758.354982
4022,2527.227471,2710.198013,5237.425485
4023,2530.674309,2713.894401,5244.568709
4024,2054.346465,2203.080559,4257.427024
4025,2500.477656,2681.511519,5181.989175
4026,1788.421105,1917.902279,3706.323384
4027,3281.733014,3519.329541,6801.062555
4028,2729.722916,2927.35407,5657.076987
4030,2642.207106,2833.502141,5475.709247
4031,1299.430149,1393.508518,2692.938668
4032,2209.226071,2369.173403,4578.399474
4033,2498.042442,2678.899996,5176.942439
4034,1881.93332,2018.184751,3900.11807
4035,3095.08182,3319.164854,6414.246674
4036,2895.333927,3104.955271,6000.289198
4037,1728.950324,1854.12583,3583.076154
4038,1732.830514,1858.286945,3591.117459
4039,2006.616273,2151.894713,4158.510986
4040,2273.403263,2437.997005,4711.400269
4041,3166.78449,3396.058776,6562.843266
4042,1779.654335,1908.500797,3688.155132
4043,2785.329971,2986.98706,5772.317032
4044,3039.634019,3259.702647,6299.336666
4045,2058.242808,2207.258995,4265.501803
4046,2457.617891,2635.548719,5093.16661
4047,2592.528742,2780.227078,5372.75582
4048,3668.757869,3934.374883,7603.132753
4049,2589.774217,2777.273126,5367.047343
4050,1200.560464,1287.480696,2488.04116
4051,2101.454188,2253.598867,4355.053055
4052,1794.836527,1924.782175,3719.618702
4053,1695.731396,1818.501862,3514.233258
4054,1607.241189,1723.604989,3330.846178
4055,1103.151907,1183.019788,2286.171695
4056,2310.53097,2477.812748,4788.343718
4057,3393.22708,3638.895745,7032.122825
4058,1657.856101,1777.884406,3435.740507
4059,2822.580668,3026.934697,5849.515365
4060,1896.544603,2033.853887,3930.39849
4061,2897.098214,3106.847292,6003.945506
4062,2614.864997,2804.18047,5419.045467
4063,2063.113236,2212.48204,4275.595276
4064,2527.864033,2710.880662,5238.744695
4065,2037.787011,2185.322204,4223.109215
4066,2231.075283,2392.604491,4623.679774
4067,2781.0143,2982.358935,5763.373235
4068,2095.258059,2246.95414,4342.212199
4069,3757.954412,4030.029231,7787.983643
4070,2831.179707,3036.156303,5867.33601
4071,2660.647019,2853.277097,5513.924116
4072,2705.454955,2901.329115,5606.78407
4073,1948.506602,2089.577919,4038.084521
4074,3564.850024,3822.944141,7387.794165
4075,1841.524921,1974.850795,3816.375716
4076,2242.596578,2404.959925,4647.556503
4077,2700.194397,2895.687695,5595.882093
4078,2016.844171,2162.863109,4179.70728
4079,0.487042785,0.522304542,1.009347327
4080,4151.496594,4452.063754,8603.560348
4081,2.283634472,2.44896895,4.732603422
4082,3042.236964,3262.494045,6304.73101
4083,25.81326758,27.68214073,53.49540831
4084,2257.443307,2420.881553,4678.324859
4085,3579.058131,3838.18091,7417.239041
4086,2850.626009,3057.010512,5907.636521
4087,2849.132576,3055.408955,5904.541531
4088,2845.303948,3051.303135,5896.607083
4089,3589.01828,3848.862171,7437.88045
4090,3855.127524,4134.237648,7989.365172
4091,2194.614787,2353.504267,4548.119054
4092,3935.638058,4220.577121,8156.215179
4093,3346.958016,3589.276813,6936.234829
4094,3772.246385,4045.355938,7817.602323
4095,1949.145224,2090.262777,4039.408001
4096,2868.446556,3076.121262,5944.567817
4097,3182.437573,3412.845137,6595.28271
4098,1320.137544,1415.715122,2735.852666
4099,777.9560284,751.4018144,1529.357843
4100,1792.881557,1731.684576,3524.566134
4101,1892.740282,1828.134792,3720.875074
4102,1385.478269,1338.18731,2723.665579
4103,2899.421645,2800.454788,5699.876434
4104,1269.296678,1225.971381,2495.268059
4105,822.8200422,794.7344709,1617.554513
4106,1853.532995,1790.265779,3643.798774
4107,1897.106476,1832.351954,3729.45843
4108,1781.30428,1720.502469,3501.806749
4109,3117.29442,3010.890845,6128.185265
4110,3707.131149,3580.594493,7287.725642
4111,1459.114962,1409.310539,2868.425501
4112,3629.742053,3505.846943,7135.588996
4113,2914.233224,2814.760799,5728.994023
4114,1654.212241,1597.748502,3251.960743
4115,2582.834718,2494.67402,5077.508738
4116,2076.426057,2005.550764,4081.976821
4117,2175.206,2100.95902,4276.165021
4118,2459.806181,2375.844855,4835.651035
4119,2185.602534,2111.000686,4296.60322
4120,1842.07973,1779.203453,3621.283183
4121,1696.117864,1638.223748,3334.341611
4122,2200.607989,2125.493955,4326.101945
4123,2114.300232,2042.132168,4156.4324
4124,2486.900225,2402.014089,4888.914314
4125,2005.795839,1937.331389,3943.127227
4126,844.588954,815.7603377,1660.349292
4127,1380.187887,1333.077507,2713.265394
4128,2457.312273,2373.436073,4830.748346
4129,1648.863152,1592.581995,3241.445147
4130,1499.612607,1448.425866,2948.038473
4131,2433.320111,2350.262843,4783.582954
4132,1938.428824,1872.263832,3810.692656
4133,1532.528921,1480.218636,3012.747557
4134,2626.610398,2536.955492,5163.56589
4135,1833.251741,1770.676792,3603.928533
4136,1821.543095,1759.367801,3580.910896
4137,2424.151812,2341.407488,4765.5593
4138,3295.373771,3182.891757,6478.265528
4139,2450.311824,2366.674571,4816.986395
4140,3338.301969,3224.354675,6562.656644
4141,2295.99391,2217.624039,4513.617949
4142,765.1606989,739.0432319,1504.203931
4143,3199.408275,3090.201881,6289.610156
4144,2693.160935,2601.234439,5294.395374
4145,2893.984024,2795.202771,5689.186796
4146,2129.142814,2056.468124,4185.610938
4147,1796.976063,1735.639323,3532.615385
4148,2584.784758,2496.557499,5081.342257
4149,2675.311582,2583.994343,5259.305925
4150,1868.629908,1804.847384,3673.477292
4151,3629.751407,3505.855979,7135.607386
4152,1584.669757,1530.579733,3115.24949
4153,3627.700792,3503.875358,7131.57615
4154,2619.55705,2530.142898,5149.699949
4155,2052.691378,1982.626228,4035.317605
4156,2087.846217,2016.581116,4104.427333
4157,3908.941607,3775.516493,7684.4581
4158,2446.083387,2362.590465,4808.673852
4159,2695.208188,2603.211812,5298.42
4160,2109.438533,2037.436414,4146.874946
4161,3002.456364,2899.972591,5902.428955
4162,3123.084003,3016.48281,6139.566813
4163,2396.309293,2314.515326,4710.824618
4164,2289.948314,2211.784799,4501.733113
4165,3542.111926,3421.207923,6963.319849
4166,3041.930086,2938.098945,5980.029031
4167,4326.420889,4178.745826,8505.166715
4168,3097.622611,2991.890499,6089.513111
4169,3467.534271,3349.17585,6816.710121
4170,2668.690065,2577.59884,5246.288905
4171,2820.762686,2724.48072,5545.243406
4172,3143.044717,3035.762199,6178.806916
4173,2436.167663,2353.013198,4789.180861
4174,2470.826883,2386.489384,4857.316267
4175,2504.301873,2418.821762,4923.123635
4176,4347.073101,4198.693109,8545.76621
4177,3078.33293,2973.259239,6051.592168
4178,3552.533253,3431.273536,6983.806789
4179,4243.251774,4098.415547,8341.66732
4180,2504.973956,2419.470904,4924.44486
4181,2864.106536,2766.345101,5630.451637
4182,1938.2365,1872.078073,3810.314573
4183,3072.735039,2967.852422,6040.587461
4184,2287.935217,2209.840415,4497.775632
4185,2134.260946,2061.411557,4195.672503
4186,2532.643922,2446.196402,4978.840324
4187,2869.897802,2771.938691,5641.836493
4188,3073.022474,2968.130046,6041.15252
4189,3381.998413,3266.559614,6648.558028
4190,2172.135121,2097.992961,4270.128082
4191,1867.606281,1803.858698,3671.464979
4192,3073.15069,2968.253886,6041.404576
4193,3901.232356,3768.070384,7669.302739
4194,2543.521265,2456.702466,5000.223731
4195,2935.538104,2835.338473,5770.876577
4196,3004.664937,2902.105778,5906.770715
4197,1964.338972,1897.289581,3861.628553
4198,4013.194377,3876.210771,7889.405149
4199,2532.451598,2446.010643,4978.462241
4200,444.9530304,413.8511245,858.8041549
4201,866.9002637,806.304541,1673.204805
4202,915.526153,851.5315146,1767.057668
4203,545.8648222,507.7092526,1053.574075
4204,801.0200265,745.0292864,1546.049313
4205,1589.491436,1478.387096,3067.878532
4206,1506.87971,1401.549872,2908.429582
4207,2696.478762,2507.996781,5204.475542
4208,1524.53999,1417.97571,2942.5157
4209,1933.31863,1798.181009,3731.499639
4210,755.0084323,702.2338704,1457.242303
4211,2465.280304,2292.958933,4758.239236
4212,854.8745061,795.1193755,1649.993882
4213,1675.76129,1558.626747,3234.388038
4214,630.3722612,586.3096806,1216.681942
4215,1366.753492,1271.218378,2637.971869
4216,1620.420325,1507.154076,3127.574401
4217,1985.712498,1846.912582,3832.625079
4218,869.5145588,808.7360987,1678.250658
4219,2169.864954,2018.19291,4188.057865
4220,357.7359977,332.7305015,690.4664992
4221,1836.122209,1707.77855,3543.900759
4222,1079.179143,1003.745275,2082.924418
4223,2428.574092,2258.81846,4687.392552
4224,2387.056069,2220.202518,4607.258587
4225,218.5550725,203.2782257,421.8332982
4226,2155.224902,2004.576187,4159.801089
4227,2461.167326,2289.133449,4750.300775
4228,1752.394636,1629.903476,3382.298112
4229,1571.39976,1461.560015,3032.959775
4230,1936.412588,1801.058701,3737.471288
4231,1459.822398,1357.781833,2817.604231
4232,1458.1252,1356.203268,2814.328468
4233,2330.382675,2167.490554,4497.873229
4234,3425.770448,3186.311487,6612.081935
4235,3056.693203,2843.032484,5899.725687
4236,1445.775099,1344.71643,2790.491529
4237,1922.86522,1788.458285,3711.323504
4238,886.6498332,824.6736295,1711.323463
4239,2662.40374,2476.303579,5138.707319
4240,3491.493805,3247.440828,6738.934633
4241,1570.876901,1461.073703,3031.950604
4242,2605.672167,2423.537503,5029.209669
4243,2227.902306,2072.173492,4300.075798
4244,1887.123861,1755.215221,3642.339082
4245,2145.813439,1995.822579,4141.636018
4246,1952.20371,1815.746035,3767.949744
4247,3478.058235,3234.944395,6713.00263
4248,2220.58228,2065.36513,4285.94741
4249,2744.560565,2552.717699,5297.278264
4250,2548.057668,2369.950218,4918.007886
4251,2458.585446,2286.732041,4745.317487
4252,1479.168182,1375.77536,2854.943542
4253,1838.372332,1709.871391,3548.243723
4254,2862.739419,2662.635934,5525.375353
4255,2506.057652,2330.885973,4836.943625
4256,3684.37162,3426.836618,7111.208238
4257,2624.960696,2441.477777,5066.438473
4258,480.5074441,446.9203095,927.4277536
4259,1867.652438,1737.104837,3604.757275
4260,2523.419965,2347.034673,4870.454638
4261,2759.332406,2566.456999,5325.789404
4262,1304.506876,1213.322757,2517.829633
4263,1915.755468,1781.8455,3697.600968
4264,3002.133476,2792.286444,5794.41992
4265,2828.679714,2630.956979,5459.636693
4266,2596.411839,2414.924466,5011.336305
4267,1961.869372,1824.736074,3786.605446
4268,1034.413667,962.1088743,1996.522541
4269,4479.274542,4166.176381,8645.450923
4270,1575.969788,1465.810601,3041.780389
4271,2849.155482,2650.001505,5499.156987
4272,3776.08788,3512.141975,7288.229855
4273,4281.685016,3982.398226,8264.083242
4274,5072.279392,4717.730607,9790.009999
4275,3187.871476,2965.041488,6152.912964
4276,3822.362299,3555.181845,7377.544145
4277,4030.299675,3748.584544,7778.88422
4278,2484.931131,2311.236182,4796.167313
4279,1731.080152,1610.078859,3341.159012
4280,1242.065067,1155.245586,2397.310653
4281,835.6901306,894.4572671,1730.147398
4282,470.5023197,503.5888347,974.0911545
4283,647.9767699,693.5435869,1341.520357
4284,506.0947232,541.6841559,1047.778879
4285,1263.774107,1352.644829,2616.418935
4286,1991.237145,2131.264293,4122.501438
4287,2152.307286,2303.661157,4455.968444
4288,2965.074483,3173.583511,6138.657995
4289,1239.911899,1327.10459,2567.016489
4290,1938.912934,2075.260554,4014.173488
4291,850.3171457,910.1128785,1760.430024
4292,657.2405461,703.4588075,1360.699354
4293,2835.499136,3034.896207,5870.395343
4294,1636.275425,1751.341067,3387.616492
4295,1819.600681,1947.558063,3767.158745
4296,1697.708888,1817.094635,3514.803523
4297,835.6901306,894.4572671,1730.147398
4298,3749.670705,4013.353859,7763.024564
4299,2473.596405,2647.543867,5121.140272
4300,794.2469211,850.0997013,1644.346622
4301,848.8511915,908.5438359,1757.395027
4302,3324.480813,3558.263899,6882.744712
4303,1452.950169,1555.12407,3008.074239
4304,1034.129969,1106.851729,2140.981698
4305,573.8665599,614.2218223,1188.088382
4306,3034.224802,3247.596597,6281.821399
4307,945.4642036,1011.950838,1957.415041
4308,1347.148093,1441.881814,2789.029907
4309,1751.384153,1874.544434,3625.928587
4310,714.2859051,764.5156921,1478.801597
4311,1634.325156,1749.253652,3383.578808
4312,842.516071,901.7632191,1744.27929
4313,1116.543113,1195.060304,2311.603417
4314,1811.312039,1938.68655,3749.998589
4315,1526.572812,1633.923981,3160.496792
4316,1374.451854,1471.105622,2845.557476
4317,1547.5382,1656.363691,3203.90189
4318,2623.684697,2808.186621,5431.871318
4319,1312.530824,1404.8302,2717.361024
4320,1993.174594,2133.337986,4126.51258
4321,2369.088883,2535.6872,4904.776082
4322,1102.87694,1180.433103,2283.310043
4323,2396.392644,2564.911008,4961.303652
4324,1672.181153,1789.771746,3461.9529
4325,793.2717868,849.0559939,1642.327781
4326,821.5506827,879.3235093,1700.874192
4327,1745.002904,1867.714445,3612.717349
4328,1454.900437,1557.211485,3012.111922
4329,1965.985168,2104.236553,4070.221721
4330,1349.098361,1443.969229,2793.06759
4331,2573.867094,2754.86576,5328.732854
4332,1746.953173,1869.80186,3616.755033
4333,1083.861821,1160.080808,2243.942628
4334,1021.453223,1093.283532,2114.736755
4335,1154.601936,1235.795487,2390.397423
4336,2092.724048,2239.887925,4332.611974
4337,681.6189047,729.5514932,1411.170398
4338,1836.177965,1965.30109,3801.479055
4339,673.8178299,721.2018338,1395.019664
4340,1813.305184,1940.819856,3754.12504
4341,3632.375422,3887.810175,7520.185597
4342,1233.057375,1319.768045,2552.825419
4343,2269.62518,2429.229042,4698.854222
4344,1339.834585,1434.054008,2773.888593
4345,2487.080138,2661.975799,5149.055937
4346,1007.801342,1078.671628,2086.47297
4347,2206.554772,2361.723418,4568.27819
4348,2200.390641,2355.125815,4555.516456
4349,3744.86828,4008.21372,7753.082
4350,1987.323788,2127.075741,4114.399529
4351,2611.897334,2795.57035,5407.467683
4352,1867.353711,1998.669166,3866.022877
4353,1850.80498,1980.956701,3831.761681
4354,1590.458403,1702.302114,3292.760517
4355,2817.29174,3015.408436,5832.700176
4356,1925.445633,2060.84621,3986.291843
4357,1878.800009,2010.920387,3889.720396
4358,2678.206469,2866.542455,5544.748924
4359,1836.665532,1965.822943,3802.488476
4360,2351.536464,2516.900466,4868.436931
4361,1337.884316,1431.966593,2769.85091
4362,2884.159902,3086.97888,5971.138782
4363,2153.612777,2305.058452,4458.671229
4364,784.4955777,839.662627,1624.158205
4365,1822.038517,1950.167332,3772.205849
4366,1770.356397,1894.850838,3665.207235
4367,1061.921298,1136.597391,2198.518689
4368,1299.854077,1391.262003,2691.116081
4369,995.6121626,1065.625286,2061.237448
4370,3572.074304,3823.268581,7395.342884
4371,2819.011696,3017.249342,5836.261038
4372,3400.838183,3639.990848,7040.829032
4373,1265.236808,1354.21039,2619.447198
4374,2347.778846,2512.878606,4860.657452
4375,2555.439585,2735.142398,5290.581983
4376,1920.527085,2055.581782,3976.108868
4377,2303.826341,2465.835287,4769.661628
4378,3968.79677,4247.889238,8216.686008
4379,3073.491538,3289.624636,6363.116174
4380,2252.514169,2410.914756,4663.428925
4381,1207.216315,1292.109798,2499.326112
4382,2965.870879,3174.435911,6140.30679
4383,725.0123829,775.9964738,1501.008857
4384,1422.721004,1522.76914,2945.490144
4385,2328.620807,2492.373342,4820.994149
4386,1760.619345,1884.429061,3645.048406
4387,515.3584994,551.5993765,1066.957876
4388,1734.554592,1856.53139,3591.085982
4389,1396.392377,1494.589039,2890.981416
4390,3626.566155,3881.592391,7508.158547
4391,2288.152732,2449.059483,4737.212215
4392,1156.566497,1237.898199,2394.464696
4393,2644.564334,2830.534549,5475.098883
4394,1507.557692,1613.571686,3121.129378
4395,1463.189079,1566.082998,3029.272077
4396,304.2419145,325.636718,629.8786325
4397,1491.467975,1596.350513,3087.818489
4398,1704.147305,1823.985812,3528.133117
4399,2456.061634,2628.776021,5084.837655
4400,368.6007811,394.5214083,763.1221894
4401,931.3533395,996.8476738,1928.201013
4402,2639.688662,2825.316012,5465.004674
4403,2137.981525,2288.327984,4426.30951
4404,1586.056006,1697.590134,3283.64614
4405,2088.321652,2235.175945,4323.497597
4406,1737.777029,1859.980435,3597.757464
4407,2676.743767,2864.976894,5541.720661
4408,13.16431361,14.0900503,27.25436391
4409,3207.704416,3433.275589,6640.980005
4410,2181.863089,2335.295373,4517.158462
4411,1827.587551,1956.106583,3783.694134
4412,2983.911085,3193.744734,6177.655819
4413,2223.906559,2380.295411,4604.20197
4414,1334.958913,1428.835471,2763.794384
4415,4023.127628,4306.040733,8329.168361
4416,991.7116252,1061.450456,2053.162081
4417,2568.991423,2749.647223,5318.638645
4418,1325.695137,1418.92025,2744.615388
4419,1959.603919,2097.406564,4057.010483
4420,2884.447382,3087.286576,5971.733958
4421,1608.484096,1721.595405,3330.079501
4422,2793.549968,2989.997104,5783.547072
4423,2751.829112,2945.342366,5697.171478
4424,1538.761991,1646.970324,3185.732315
4425,2622.623811,2807.051132,5429.674943
4426,3170.161744,3393.092853,6563.254597
4427,1889.810354,2022.704998,3912.515352
4428,3749.921986,4013.622811,7763.544797
4429,3212.149688,3438.03346,6650.183149
4430,1568.503588,1678.8034,3247.306989
4431,2431.009913,2601.962622,5032.972535
4432,3121.892594,3341.429335,6463.32193
4433,3360.8148,3597.152953,6957.967752
4434,3474.91981,3719.282019,7194.201828
4435,1526.572812,1633.923981,3160.496792
4436,2192.832529,2347.036203,4539.868733
4437,1687.957545,1806.65756,3494.615105
4438,3125.405608,3345.18939,6470.594998
4439,897.6111613,960.7326888,1858.34385
4440,2592.896506,2775.233352,5368.129858
4441,3389.479577,3627.833486,7017.313063
4442,811.7993392,868.886435,1680.685774
4443,3522.830019,3770.561355,7293.391375
4444,647.9767699,693.5435869,1341.520357
4445,1890.785488,2023.748706,3914.534194
4446,1823.501218,1951.732893,3775.234112
4447,3434.007043,3675.492198,7109.499241
4448,2578.255199,2759.562444,5337.817642
4449,3720.796583,3982.449261,7703.245843
4450,1853.730383,1984.087823,3837.818207
4451,2642.614065,2828.447134,5471.061199
4452,1749.391009,1872.411128,3621.802137
4453,798.6350256,854.7963847,1653.43141
4454,1393.699321,1491.706603,2885.405924
4455,479.766096,513.5040553,993.2701513
4456,1972.696773,2111.42013,4084.116903
4457,1499.26905,1604.700173,3103.969223
4458,1820.575815,1948.601771,3769.177586
4459,1245.303722,1332.875575,2578.179297
4460,3853.680349,4124.677637,7978.357985
4461,905.8998032,969.604202,1875.504005
4462,2259.386269,2418.270114,4677.656383
4463,1464.651781,1567.648559,3032.30034
4464,1375.914556,1472.671183,2848.585739
4465,1291.565435,1382.39049,2673.955926
4466,2775.346671,2970.51372,5745.860391
4467,3262.799506,3492.245059,6755.044565
4468,1507.995815,1614.040619,3122.036433
4469,4459.289343,4772.874075,9232.163418
4470,2985.861353,3195.832149,6181.693503
4471,1352.511332,1447.622205,2800.133536
4472,2222.818731,2379.131086,4601.949817
4473,2574.842229,2755.909468,5330.751696
4474,1099.047862,1176.334758,2275.38262
4475,1122.379627,1201.307251,2323.686878
4476,353.9737659,378.8657969,732.8395628
4477,1134.568806,1214.353594,2348.9224
4478,3539.250092,3788.136115,7327.386208
4479,3186.853363,3410.958255,6597.811618
4480,48.2691499,51.66351776,99.93266766
4481,1463.676646,1566.604852,3030.281498
4482,1434.981643,1535.891967,2970.87361
4483,874.6955043,936.2055642,1810.901069
4484,1771.315597,1895.877491,3667.193088
4485,782.200661,837.2063279,1619.406989
4486,1428.952862,1529.439233,2958.392095
4487,137.006375,146.6408938,283.6472688
4488,1370.06375,1466.408938,2836.472688
4489,2273.525717,2433.403872,4706.929589
4490,557.7173001,583.8704126,1141.587713
4491,94.82660493,99.27332168,194.0999266
4492,1132.053696,1185.139242,2317.192938
4493,1539.074838,1611.246881,3150.321719
4494,1130.185784,1183.183738,2313.369523
4495,859.7938045,900.1122311,1759.906036
4496,242.4432786,253.8122039,496.2554825
4497,1510.871319,1581.720811,3092.59213
4498,269.7193009,282.3672844,552.0865852
4499,1199.018876,1255.244629,2454.263505
4500,1353.267901,1416.726875,2769.994775
4501,400.8134848,419.6088855,820.4223702
4502,1629.199049,1705.5973,3334.796349
4503,1455.637265,1523.89666,2979.533925
4504,832.16963,871.1926725,1703.362303
4505,4.887969326,5.11718153,10.00515086
4506,1585.686592,1660.044407,3245.730999
4507,2.932781596,3.070308918,6.003090514
4508,998.9025524,1045.744224,2044.646777
4509,1726.489451,1807.449953,3533.939404
4510,1576.370108,1650.291043,3226.661151
4511,1763.424593,1846.1171,3609.541693
4512,649.6111235,680.0734254,1329.684549
4513,1714.69964,1795.107281,3509.80692
4514,929.2513721,972.8268818,1902.078254
4515,2653.184985,2777.601146,5430.786131
4516,3145.629468,3293.137894,6438.767362
4517,1407.439982,1473.439254,2880.879236
4518,862.7265861,903.1825401,1765.909126
4519,157.5378218,164.9252641,322.4630859
4520,1066.792158,1116.817386,2183.609544
4521,893.5207928,935.4207837,1828.941577
4522,2139.780852,2240.121883,4379.902735
4523,1577.100921,1651.056126,3228.157047
4524,1749.922361,1831.981706,3581.904067
4525,2644.691437,2768.709308,5413.400745
4526,2035.839224,2131.306107,4167.145332
4527,385.1795809,403.2418589,788.4214398
4528,1730.341141,1811.482262,3541.823403
4529,1840.509299,1926.816549,3767.325848
4530,1777.018866,1860.348851,3637.367717
4531,1825.932667,1911.556373,3737.48904
4532,2340.359713,2450.106517,4790.46623
4533,2462.335359,2577.801983,5040.137342
4534,2038.622031,2134.219409,4172.84144
4535,1766.023318,1848.837687,3614.861004
4536,2222.267217,2326.476293,4548.743511
4537,1776.288053,1859.583768,3635.871821
4538,1861.382357,1948.668411,3810.050768
4539,2011.399378,2105.7202,4117.119577
4540,2419.346439,2532.797177,4952.143616
4541,2121.0351,2220.497085,4341.532185
4542,2033.411273,2128.764302,4162.175575
4543,2245.131588,2350.412845,4595.544433
4544,1302.348641,1363.419851,2665.768493
4545,1648.907432,1726.229871,3375.137303
4546,2014.56941,2109.038885,4123.608295
4547,1064.110922,1114.010419,2178.121341
4548,2146.307331,2246.95441,4393.261741
4549,690.1812689,722.5460321,1412.727301
4550,1986.223953,2079.36422,4065.588174
4551,2303.699943,2411.727655,4715.427599
4552,366.6945058,383.8899607,750.5844665
4553,1719.587609,1800.224462,3519.812071
4554,2166.348005,2267.934854,4434.28286
4555,2446.428648,2561.149356,5007.578004
4556,1222.969925,1280.318819,2503.288744
4557,1639.715331,1716.606723,3356.322054
4558,1857.428344,1944.528981,3801.957325
4559,2820.358301,2952.613743,5772.972044
4560,893.569196,935.4714567,1829.040653
4561,2031.928849,2127.212362,4159.141211
4562,2482.599621,2599.016499,5081.61612
4563,1862.316313,1949.646163,3811.962476
4564,1735.616336,1817.004827,3552.621163
4565,2224.026043,2328.317596,4552.34364
4566,1898.976083,1988.025024,3887.001108
4567,2866.305213,3000.715249,5867.020462
4568,1937.591041,2028.450759,3966.041799
4569,1997.224267,2090.880373,4088.10464
4570,1463.404848,1532.028489,2995.433336
4571,2152.594227,2253.536118,4406.130346
4572,2035.103646,2130.536036,4165.639682
4573,1712.400865,1792.700709,3505.101573
4574,1305.576607,1366.799187,2672.375794
4575,2200.074994,2303.243407,4503.3184
4576,3052.730457,3195.882557,6248.613014
4577,431.1188946,451.335411,882.4543055
4578,3044.227296,3186.980657,6231.207953
4579,2718.199742,2845.664649,5563.864391
4580,1602.765142,1677.923824,3280.688966
4581,2583.679014,2704.835822,5288.514837
4582,2991.974428,3132.277488,6124.251915
4583,2464.21895,2579.773901,5043.992851
4584,3157.628185,3305.699268,6463.327453
4585,1837.572503,1923.742038,3761.314541
4586,1979.966399,2072.81323,4052.77963
4587,1814.12985,1899.200086,3713.329936
4588,2333.516556,2442.942462,4776.459019
4589,1936.12465,2026.915604,3963.040254
4590,1775.310459,1858.560332,3633.870791
4591,2039.260803,2134.888134,4174.148937
4592,1660.196399,1738.048212,3398.244611
4593,3131.23315,3278.066488,6409.299639
4594,2751.437934,2880.461483,5631.899417
4595,2699.572291,2826.163697,5525.735988
4596,2112.580343,2211.645857,4324.2262
4597,2579.87021,2700.848412,5280.718622
4598,2786.365471,2917.026882,5703.392353
4599,1933.77977,2024.460766,3958.240536
4600,3185.242829,3334.60885,6519.851679
4601,1408.223963,1474.259999,2882.483962
4602,2607.731636,2730.016346,5337.747982
4603,1550.952667,1623.6817,3174.634367
4604,3002.19076,3142.972896,6145.163656
4605,2674.987234,2800.425771,5475.413005
4606,2198.168209,2301.247207,4499.415416
4607,2908.341749,3044.72301,5953.06476
4608,2926.916033,3064.1683,5991.084333
4609,3010.011511,3151.160386,6161.171897
4610,3396.161088,3555.417727,6951.578815
4611,2218.16048,2322.176978,4540.337459
4612,3919.706241,4103.513553,8023.219794
4613,1708.195305,1788.297937,3496.493242
4614,2143.422953,2243.934774,4387.357727
4615,1853.832965,1940.765004,3794.597968
4616,2957.221442,3095.894826,6053.116268
4617,1753.424732,1835.648314,3589.073046
4618,3745.162098,3920.784488,7665.946586
4619,2188.585883,2291.215536,4479.801419
4620,4079.010403,4270.287987,8349.29839
4621,2727.235338,2855.123952,5582.35929
4622,2370.955542,2482.13708,4853.092622
4623,2986.389753,3126.43093,6112.820683
4624,1855.473156,1942.482109,3797.955265
4625,111.9154368,117.1635024,229.0789392
4626,2554.941567,2674.750786,5229.692353
4627,5249.256983,5495.411097,10744.66808
4628,2894.655435,3030.394902,5925.050337
4629,29.12467287,30.49042008,59.61509295
4630,4237.313145,4436.014041,8673.327186
4631,3167.254149,3315.776624,6483.030773
4632,1769.444896,1852.419714,3621.86461
4633,2695.221521,2821.608907,5516.830428
4634,2110.625155,2209.598985,4320.22414
4635,2993.38765,3133.75698,6127.144631
4636,2292.457614,2399.958138,4692.415752
4637,5706.535153,5974.132474,11680.66763
4638,2114.096186,2213.232783,4327.328969
4639,3034.940155,3177.258012,6212.198167
4640,3105.423719,3251.046772,6356.470491
4641,3398.353526,3557.712976,6956.066502
4642,3373.676429,3531.878692,6905.555121
4643,2469.782063,3408.026739,5877.808803
4644,962.9388498,1328.749365,2291.688215
4645,850.4479697,1173.524363,2023.972332
4646,2631.777996,3631.563253,6263.34125
4647,943.9084378,1302.489496,2246.397934
4648,899.5744128,1241.313434,2140.887846
4649,123.1101778,169.8784618,292.9886396
4650,409.3770198,564.895118,974.2721377
4651,933.3359866,1287.90068,2221.236667
4652,3926.158392,5417.665382,9343.823774
4653,1749.106317,2413.573726,4162.680043
4654,1220.930081,1684.748798,2905.678879
4655,667.756014,921.4296213,1589.185635
4656,242.8488829,335.1046632,577.9535461
4657,1614.341558,2227.613229,3841.954787
4658,2584.503072,3566.329075,6150.832147
4659,707.5084303,976.2835697,1683.792
4660,509.5921449,703.1809333,1212.773078
4661,1775.748893,2450.337543,4226.086436
4662,2488.918961,3434.433547,5923.352508
4663,792.9338355,1094.161203,1887.095039
4664,1886.125283,2602.644782,4488.770066
4665,488.8701407,674.5868539,1163.456995
4666,1122.371413,1548.748711,2671.120124
4667,2015.074403,2780.580339,4795.654742
4668,1218.792167,1681.798714,2900.590881
4669,1767.007752,2438.275732,4205.283485
4670,82.88801694,114.3763178,197.2643347
4671,1669.713258,2304.020066,3973.733324
4672,1958.772427,2702.889825,4661.662253
4673,2147.761563,2963.67398,5111.435544
4674,2181.296524,3009.948527,5191.245051
4675,511.2837371,705.5151439,1216.798881
4676,142.5166414,196.6572403,339.1738816
4677,1557.9564,2149.807932,3707.764332
4678,1897.543531,2618.400704,4515.944234
4679,1834.108824,2530.867807,4364.976631
4680,2167.376683,2990.740681,5158.117364
4681,1046.249765,1443.709236,2489.959
4682,1744.328423,2406.98076,4151.309182
4683,5399.230483,7450.342333,12849.57282
4684,1837.492008,2535.536228,4373.028237
4685,2084.887365,2876.914524,4961.801889
4686,1004.382858,1385.937524,2390.320382
4687,1630.568848,2250.005099,3880.573947
4688,1286.455855,1775.167136,3061.622991
4689,1219.215065,1682.382266,2901.597332
4690,1317.75031,1818.350032,3136.100342
4691,2413.182517,3329.925612,5743.108129
4692,1797.786438,2480.746923,4278.533361
4693,2328.476639,3213.040845,5541.517485
4694,2685.287071,3705.399872,6390.686943
4695,2838.538529,3916.869974,6755.408503
4696,1783.361058,2460.84149,4244.202549
4697,1274.191811,1758.24411,3032.435921
4698,3120.58634,4306.064835,7426.651175
4699,329.5214082,454.703185,784.2245932
4700,7.612164821,10.50394755,18.11611237
4701,2165.219938,2987.764611,5152.984549
4702,1906.847288,2631.238862,4538.086149
4703,1095.305938,1511.401342,2606.70728
4704,2971.812596,4100.773483,7072.586079
4705,1291.271696,1781.812466,3073.084162
4706,2743.507283,3785.737341,6529.244624
4707,1082.618997,1493.894763,2576.51376
4708,2123.793985,2930.601367,5054.395352
4709,2742.432907,3784.254821,6526.687727
4710,1596.352547,2202.790378,3799.142925
4711,2686.248386,3706.72638,6392.974766
4712,1081.039179,1491.714788,2572.753967
4713,805.6207769,1111.667783,1917.288559
4714,1369.343872,1889.543454,3258.887326
4715,256.2762156,353.6329009,609.9091165
4716,494.8258482,682.8050731,1177.630921
4717,2022.286859,2790.532733,4812.819592
4718,85.00250716,117.294081,202.2965882
4719,1177.771057,1625.194107,2802.965164
4720,2332.282721,3218.292819,5550.575541
4721,4957.21089,6840.404067,11797.61496
4722,1433.201477,1977.659903,3410.861379
4723,1456.883767,2010.338851,3467.222618
4724,2733.752685,3772.277071,6506.029756
4725,3176.022881,4382.561143,7558.584024
4726,1558.802196,2150.975037,3709.777234
4727,3652.57042,5040.144167,8692.714587
4728,1833.263028,2529.700702,4362.96373
4729,1112.256995,1534.79193,2647.048925
4730,1966.933945,2714.151819,4681.085764
4731,2709.507778,3738.821776,6448.329554
4732,2621.544985,3617.442826,6238.987811
4733,1110.953166,1532.99279,2643.945956
4734,1634.00102,2254.741117,3888.742137
4735,3402.831732,4695.532332,8098.364064
4736,1736.921909,2396.760589,4133.682498
4737,1489.446917,2055.272404,3544.719321
4738,2732.379407,3770.382101,6502.761508
4739,1603.206491,2212.248065,3815.454556
4740,1315.841471,1815.716045,3131.557516
4741,2716.365378,3748.284507,6464.649884
4742,523.9706785,723.0217231,1246.992402
4743,2345.815459,3236.966504,5582.781963
4744,2287.032631,3155.852687,5442.885317
4745,3715.335005,5126.752369,8842.087374
4746,3615.895406,4989.536695,8605.432101
4747,3263.08132,4502.692184,7765.773504
4748,1709.3539,2358.719778,4068.073678
4749,1.268694137,1.750657925,3.019352062
4750,3592.095999,4956.696139,8548.792138
4751,1507.208634,2079.781615,3586.99025
4752,177.1942811,244.5085569,421.702838
4753,2664.762567,3677.078321,6341.840888
4754,2901.926389,4004.338228,6906.264617
4755,1532.159619,2114.211221,3646.37084
4756,1829.879843,2525.032281,4354.912124
4757,21.14490228,29.17763209,50.32253437
4758,2295.067693,3166.940187,5462.00788
4759,3104.517976,4283.892265,7388.410241
4760,945.1771319,1304.240154,2249.417286
4761,1843.118511,2543.300181,4386.418692
4762,1763.48485,2433.414516,4196.899366
4763,3550.229093,4898.924428,8449.15352
4764,1533.428313,2115.961879,3649.390192
4765,2471.075262,3409.811211,5880.886473
4766,677.9055671,935.4348847,1613.340452
4768,3717.273821,5129.427721,8846.701542
4769,3561.294712,4914.193761,8475.488472
4770,1650.571072,2277.605961,3928.177033
4771,3038.522458,4192.825731,7231.348189
4772,2402.906695,3315.74611,5718.652805
4773,619.5456368,854.9046202,1474.450257
4774,0.422898046,0.583552642,1.006450687
4775,1209.911308,1669.544108,2879.455416
4776,3632.867147,5012.955824,8645.82297
4777,2358.925298,3255.056636,5613.981934
4778,2455.862644,3388.819477,5844.682121
4779,278.1386959,260.4225763,538.5612722
4780,702.0675633,657.3491795,1359.416743
4781,449.7781886,421.1294449,870.9076335
4782,556.2773919,520.8451526,1077.122544
4783,4097.866968,3836.852221,7934.719189
4784,637.0017181,596.427721,1233.429439
4785,2017.283774,1888.792337,3906.07611
4786,700.5166041,655.897009,1356.413613
4787,1405.686086,1316.15053,2721.836616
4788,880.9448659,824.8328438,1705.77771
4789,724.2979796,678.1636234,1402.461603
4790,1885.966474,1765.839328,3651.805801
4791,2447.857646,2291.94069,4739.798336
4792,1878.13792,1758.509416,3636.647336
4793,1796.011523,1681.614082,3477.625605
4794,2689.290306,2517.995231,5207.285537
4795,3740.91651,3502.637819,7243.554329
4796,2799.998471,2621.651809,5421.650279
4797,3299.039945,3088.906701,6387.946646
4798,2328.803255,2180.4695,4509.272755
4799,2057.08898,1926.062139,3983.151119
4800,3656.276877,3423.389329,7079.666206
4801,1469.275416,1375.68952,2844.964936
4802,3739.29042,3501.115302,7240.405722
4803,1644.016827,1539.30073,3183.317557
4804,2734.932625,2560.73035,5295.662976
4805,2530.648544,2369.458199,4900.106743
4806,2067.577597,1935.882681,4003.460278
4807,3236.561093,3030.407457,6266.96855
4808,3098.299637,2900.952602,5999.252239
4809,1987.812799,1861.198524,3849.011323
4810,2359.009051,2208.75133,4567.760381
4811,2470.041634,2571.692588,5041.734222
4812,1454.04374,1540.405863,2994.449603
4813,1926.392302,2019.86237,3946.254672
4814,1440.017525,1526.168581,2966.186107
4815,1304.219299,1388.326851,2692.54615
4816,1148.598662,1230.36442,2378.963083
4817,2533.527332,2636.133625,5169.660957
4818,3187.602313,3300.051186,6487.653499
4819,2176.619026,2273.85453,4450.473556
4820,1714.927947,1805.21588,3520.143827
4821,3825.600728,3947.65026,7773.250988
4822,2814.397117,2921.229964,5735.62708
4823,1431.829474,1517.857315,2949.686789
4824,1631.868151,1720.906193,3352.774343
4825,801.2315995,893.8905304,1695.12213
4826,3282.344792,3396.219359,6678.564151
4827,940.7075862,1019.34498,1960.052566
4828,2786.979393,2893.399655,5680.379048
4829,2122.250417,2218.667777,4340.918194
4830,840,-830.9628724,9.03712761
4831,1026.160471,1106.083767,2132.244238
4832,1287.035338,1370.884304,2657.919643
4833,1550.727014,1638.544037,3189.271051
4834,1475.959034,1562.650941,3038.609975
4835,2324.639064,2424.101986,4748.74105
4836,3731.812908,3852.451113,7584.264022
4837,2942.169952,3050.925537,5993.095489
4838,426.939477,415.7004061,842.6398831
4839,1329.70168,1294.697628,2624.399308
4840,2191.021093,2133.343032,4324.364125
4841,1662.307576,1618.54776,3280.855336
4842,307.3412689,299.2505897,606.5918586
4843,1990.932543,1938.52176,3929.454303
4844,2257.944374,2198.504574,4456.448948
4845,830.4759847,808.6139199,1639.089905
4846,1831.69078,1783.471995,3615.162775
4847,2285.436505,2225.272982,4510.709486
4848,2184.603357,2127.094241,4311.697598
4849,1222.264782,1190.088979,2412.353761
4850,1730.073116,1684.52939,3414.602506
4851,3402.810829,3313.232717,6716.043546
4852,1512.869645,1473.043744,2985.91339
4853,1797.895706,1750.566569,3548.462275
4854,1022.442241,995.5267143,2017.968955
4855,2688.982521,2618.195754,5307.178274
4856,1233.92955,1201.446675,2435.376224
4857,1200.456738,1168.855026,2369.311764
4858,1354.966307,1319.29717,2674.263477
4859,1610.245097,1567.855813,3178.100909
4860,1028.821943,1001.738473,2030.560416
4861,1069.00886,1040.86748,2109.87634
4862,1531.459313,1491.144044,3022.603356
4863,1652.846857,1609.336092,3262.182949
4864,1912.282283,1861.941949,3774.224232
4865,1491.87201,1452.598867,2944.470877
4866,1928.236806,1877.476472,3805.713278
4867,1623.090077,1580.362652,3203.452729
4868,1606.519557,1564.228346,3170.747903
4869,1827.209248,1779.108439,3606.317687
4870,2738.17741,2666.095601,5404.273011
4871,3148.536858,3065.652443,6214.189301
4872,1741.839843,1695.986361,3437.826204
4873,1287.631863,1253.735288,2541.367151
4874,2555.423045,2488.152197,5043.575242
4875,8.11462096,7.901005669,16.01562663
4876,1706.236417,1661.320186,3367.556602
4877,2078.864457,2024.13889,4103.003347
4878,3756.562341,3657.671812,7414.234153
4879,2004.218926,1951.458383,3955.677309
4880,1013.313292,986.638083,1999.951375
4881,1950.37662,1899.033461,3849.410081
4882,398.1511003,439.3348197,837.48592
4883,1043.493865,1151.43017,2194.924035
4884,352.7437119,389.2306086,741.9743204
4885,683.5248652,754.2269083,1437.751774
4886,1504.657459,1660.295333,3164.952792
4887,1138.039121,1255.754943,2393.794064
4888,621.5490488,685.840474,1307.389523
4889,961.5383724,1060.997413,2022.535786
4890,2133.669282,2354.37051,4488.039792
4891,1606.943576,1773.161661,3380.105238
4892,1844.495913,2035.285797,3879.781711
4893,1100.188075,1213.988683,2314.176758
4894,2674.771762,2951.443231,5626.214994
4895,1185.836372,1308.496218,2494.33259
4896,1050.887046,1159.588082,2210.475128
4897,1321.757812,1458.477019,2780.234831
4898,1601.994688,1767.700873,3369.695562
4899,669.9166656,739.2111119,1409.127778
4900,2165.215467,2389.179752,4554.395219
4901,1337.367081,1475.700871,2813.067952
4902,322.1534713,355.4761927,677.6296639
4903,2147.530484,2369.66548,4517.195964
4904,0.955945019,1.054825497,2.010770516
4905,911.541929,1005.829467,1917.371396
4906,2764.76552,3050.745711,5815.511231
4907,1114.425129,1229.69838,2344.123509
4908,226.0809969,249.4662302,475.5472271
4909,837.9210832,924.5934716,1762.514555
4910,260.0170451,286.9125353,546.9295804
4911,1788.095157,1973.051093,3761.14625
4912,1047.71574,1156.088745,2203.804486
4913,1841.150106,2031.593908,3872.744014
4914,659.8257647,728.0764343,1387.902199
4915,1844.017941,2034.758385,3878.776326
4916,1338.10017,1476.509789,2814.609959
4917,1957.743212,2160.247104,4117.990316
4918,556.2054051,613.7378528,1169.943258
4919,1131.190328,1248.197728,2379.388056
4920,722.2164616,796.9206633,1519.137125
4921,185.9313061,205.1635593,391.0948654
4922,1332.587356,1470.426743,2803.014099
4923,1111.286084,1226.234641,2337.520725
4924,2888.865846,3187.682653,6076.5485
4925,1674.815673,1848.054272,3522.869944
4926,1582.550973,1746.24595,3328.796922
4927,1481.09449,1634.295071,3115.389561
4928,1567.687628,1729.845179,3297.532808
4929,1719.745089,1897.63107,3617.376158
4930,617.0625095,680.8898586,1297.952368
4931,918.6631629,1013.687303,1932.350466
4932,1990.924282,2196.860338,4187.78462
4933,1459.250071,1610.191122,3069.441193
4934,1930.530965,2130.220092,4060.751057
4935,1499.133126,1654.199577,3153.332703
4936,1646.137322,1816.409507,3462.546829
4937,1755.72192,1937.329252,3693.051172
4938,466.5011691,514.7548428,981.2560119
4939,775.4100002,855.6164039,1631.026404
4940,1355.530036,1495.742555,2851.272592
4941,1869.334478,2062.693599,3932.028077
4942,1769.454229,1952.481996,3721.936225
4943,1238.284541,1366.369489,2604.65403
4944,774.3154651,854.408653,1628.724118
4945,1776.654008,1960.426501,3737.080509
4946,1003.264297,1107.03936,2110.303657
4947,1539.07148,1698.269051,3237.340531
4948,951.6432661,1050.078783,2001.722049
4949,2289.966292,2526.834479,4816.800771
4950,1365.505257,1506.749587,2872.254843
4951,2068.849807,2282.846277,4351.696084
4952,1032.42062,1139.211537,2171.632157
4953,1687.72093,1862.294416,3550.015346
4954,498.1699391,549.6993484,1047.869287
4955,1136.140655,1253.660104,2389.800758
4956,1255.633782,1385.513291,2641.147073
4957,1079.723893,1191.407738,2271.131631
4958,1743.643714,1924.001707,3667.645421
4959,1338.674773,1477.143828,2815.818601
4960,490.3997946,541.1254802,1031.525275
4961,1806.657877,1993.533893,3800.19177
4962,2090.410469,2306.637118,4397.047587
4963,3523.295596,3887.736174,7411.03177
4964,1397.143836,1541.660778,2938.804614
4965,119.8165041,132.2100132,252.0265173
4966,2304.968227,2543.388175,4848.356402
4967,443.8036574,489.7095592,933.5132165
4968,2751.826326,3036.46812,5788.294446
4969,2518.40514,2778.902451,5297.307591
4970,494.2235746,545.3447822,1039.568357
4971,2571.970073,2838.008001,5409.978074
4972,2265.589694,2499.936429,4765.526123
4973,678.2429907,748.3986905,1426.641681
4974,361.8553805,399.2847647,761.1401452
4975,1746.989522,1927.693597,3674.683118
4976,1910.347721,2107.949145,4018.296866
4977,1168.164813,1288.996758,2457.161571
4978,1632.460906,1801.318438,3433.779344
4979,18.16295535,20.04168445,38.20463981
4980,929.1785581,1025.290384,1954.468942
4981,217.9554642,240.5002134,458.4556777
4982,2588.221138,2855.940034,5444.161172
4983,2110.726601,2329.054698,4439.7813
4984,1047.71574,1156.088745,2203.804486
4985,2580.109791,2846.98967,5427.099461
4986,3129.286019,3452.971266,6582.257285
4987,1996.969144,2203.530464,4200.499608
4988,276.5452905,305.1504197,581.6957101
4989,1993.145364,2199.311162,4192.456526
4990,1948.215948,2149.734364,4097.950312
4991,2092.917684,2309.403673,4402.321358
4992,1028.59684,1134.992235,2163.589075
4993,289.6513406,319.6121257,609.2634664
4994,3430.062585,3784.859382,7214.921967
4995,2142.025798,2363.591403,4505.617201
4996,1146.529825,1265.123903,2411.653727
4997,4282.340498,4725.294717,9007.635214
4998,2822.134482,3114.048769,5936.183251
4999,876.7863688,967.4788818,1844.265251
5000,1779.999816,1964.11839,3744.118206
5001,996.5726819,1099.655581,2096.228263
5002,1393.289865,1537.408163,2930.698027
5003,817.3329909,901.8758003,1719.208791
5004,1013.872086,1118.74439,2132.616476
5005,1196.072005,1319.790598,2515.862603
