variable_names,hhtotals,hinc,hinc,hinc,hinc,hinc,hinc,hinc,hinc,hinc,hinc,hinc,hinc,hinc,hinc,hinc,hinc,hsize,hsize,hsize,hsize,hsize,hsize,hsize
variable_categories,1,1,2,3,4,5,6,7,8,9,10,11,12,13,14,15,16,1,2,3,4,5,6,7
geo,,,,,,,,,,,,,,,,,,,,,,,,
5006,2445.354278,50.54374001,0,38.50951619,0,0,0,0,0,247.9050105,125.1559276,317.7035086,163.6654438,257.5323896,534.3195372,259.9392343,450.0799705,1921.026928,289.2840551,171.7624077,63.28088706,0,0,0
5007,1532.787447,0,0,0,83.9383602,0,0,200.7221657,21.89696353,43.79392706,80.28886628,145.9797569,218.9696353,244.5160928,58.39190275,167.8767204,266.4130563,349.7635786,500.641985,229.7466643,267.466266,185.1689534,0,0
5008,1445.489619,45.84400734,31.81012754,101.0439345,30.87453555,79.52531885,29.93894357,104.7863025,92.62360666,29.00335158,91.68801467,28.06775959,161.8574137,279.742004,106.6574865,64.55584707,167.4709656,384.8171469,333.0770263,297.5056934,274.8693907,155.2203618,0,0
5009,1408.946342,63.64850006,0,23.14490911,23.14490911,26.03802275,28.93113639,20.25179547,0,0,23.14490911,115.7245456,164.9074774,92.57963645,199.6248411,454.2188413,173.5868183,305.5335934,474.8864995,303.7876872,172.8447186,151.8938436,0,0
5010,1561.209996,0,17.85697708,191.3247544,48.46893778,48.46893778,12.75498363,40.81594761,63.77491813,10.2039869,63.77491813,104.5908657,201.5287413,89.28488539,150.5088068,153.0598035,364.7925317,417.8827612,528.2038102,217.2990358,227.3282221,130.3794215,40.11674508,0
5011,986.668476,35.74885782,21.44931469,0,0,42.89862939,21.44931469,0,17.87442891,0,25.02420048,46.47351517,57.19817252,157.2949744,17.87442891,28.59908626,514.7835527,410.9859502,255.3552411,92.16964324,140.5209315,49.86226601,24.17564413,13.59879982
5012,1387.629431,0,25.74982449,0,0,0,0,0,0,17.16654966,0,0,22.88873288,91.55493151,148.7767637,25.74982449,1055.742804,332.7933538,383.3066307,145.5970923,344.6788308,136.6829846,44.57053846,0
5013,1217.094139,74.7127095,110.8640205,156.6556812,33.74122364,36.15131105,0,0,31.33113624,0,38.56139845,91.58332132,274.749964,28.92104884,139.7850694,74.7127095,125.324545,209.1344858,267.4178671,260.5609987,322.2728142,157.7079729,0,0
5014,1550.043995,0,130.3510489,73.67667982,0,0,31.170903,0,0,28.33718455,82.17783518,56.67436909,45.33949527,260.7020978,107.6813013,153.0207965,580.9122832,516.6813315,315.9562099,252.764968,267.6334955,130.0996159,66.90837387,0
5015,1567.300542,139.4303612,121.3560552,234.9659791,0,116.1919677,33.56656845,0,136.8483175,67.13313689,38.7306559,36.14861217,253.0402852,162.6687548,0,87.78948671,139.4303612,440.9693051,780.9938294,154.0736126,138.134963,21.25153277,31.87729916,0
5016,1728.700015,0,94.72328849,0,0,0,0,56.8339731,33.15315097,0,80.51479522,165.7657549,203.6550703,85.25095964,23.68082212,52.09780867,933.0243916,544.2203751,274.3968278,160.0648162,571.6600579,178.3579381,0,0
5017,951.1402901,112.4870251,107.4876018,66.24235923,19.99769335,43.74495421,8.748990842,18.74783752,74.99135007,76.24120591,12.49855835,52.49394505,196.227366,66.24235923,73.74149424,21.24754919,0,408.4094757,168.80925,263.1972177,68.97582256,18.15153225,23.59699193,0
5018,1260.743053,0,0,0,0,0,0,35.57652353,33.35299081,20.01179449,44.47065441,31.12945809,31.12945809,31.12945809,44.47065441,108.9531033,880.5189574,324.7368469,362.9411818,148.0417978,358.1656399,19.10216746,0,47.75541866
5019,1235.365777,0,0,0,135.1181319,51.47357404,0,250.9336735,102.9471481,0,0,0,90.07875457,199.4600994,225.1968864,45.03937729,135.1181319,330.6653579,417.9610123,171.9459861,179.8819547,103.1675917,31.74387436,0
5020,1019.151389,0,20.61205056,0,18.32182272,0,22.9022784,38.93387328,0,22.9022784,19.46693664,82.44820224,33.20830368,120.2369616,122.5271894,159.1708349,358.4206569,338.1013525,298.11087,199.9524128,104.2176212,65.43897145,13.33016085,0
5021,1738.850925,0,89.22504748,186.7500994,122.4250651,232.4001237,24.90001325,62.25003312,0,143.1750762,0,321.6251711,101.6750541,311.2501656,16.60000883,78.85004196,47.72502539,782.63518,389.7949535,249.7123921,133.9920153,85.26764607,0,97.44873837
5022,2078.906418,45.12355017,0,70.90843598,0,77.35465743,0,25.78488581,106.362654,54.79288235,54.79288235,154.7093149,157.9324256,99.91643252,161.1555363,290.0799654,779.9927958,369.2046918,925.8517656,471.4459911,266.9633925,0,45.44057745,0
5023,1761.182928,89.98744886,218.5409472,0,0,0,0,0,276.3900215,0,0,0,51.42139935,51.42139935,64.27674919,372.8051453,636.339817,293.530488,532.548171,519.968293,259.9841465,155.1518294,0,0
5024,1705.352921,221.8345264,65.85712501,117.8495921,402.075079,38.12780922,65.85712501,76.25561844,166.3758948,0,124.7819211,232.2330198,149.0450724,0,0,0,45.06013817,515.4719158,502.5851179,335.0567453,270.6227558,0,81.61638667,0
5025,2559.044473,187.6632614,183.3981872,145.0125201,127.9522237,0,0,140.747446,183.3981872,136.4823719,396.6518933,0,281.494892,396.6518933,191.9283355,68.24118595,119.4220754,1417.728471,686.5729074,80.24878139,93.62357829,106.9983752,120.3731721,53.49918759
5026,389.7949535,132.1766905,59.77417213,100.18488,26.0985822,4.209448742,28.62425144,10.94456673,10.10267698,0,0,0,13.47023597,4.209448742,0,0,0,66.462734,55.68499335,73.64789443,96.99966584,96.99966584,0,0
5027,524.8020597,74.53710414,0,22.81748086,88.22759265,16.7328193,0,38.02913476,97.354585,21.29631547,0,68.45244258,76.05826953,0,21.29631547,0,0,255.7656015,110.9926195,63.94140038,59.11563432,34.98680398,0,0
5028,1241.456323,236.6311776,284.6433006,144.036369,102.8831207,116.6008701,0,0,85.73593392,34.29437357,0,106.3125581,54.87099771,48.01212299,27.43549885,0,0,779.367731,304.2625589,89.48898791,17.89779758,30.91437764,0,19.52487009
5029,1168.369769,270.6861404,146.3914841,41.43155211,146.3914841,41.43155211,22.09682779,55.24206947,121.5325528,116.0083459,127.0567598,55.24206947,0,0,0,0,24.85893126,224.6864941,280.8581176,232.1760439,337.0297412,67.40594823,26.21342431,0
5030,625.2960712,195.5103619,82.58627355,0,15.16890739,50.56302462,30.33781477,18.5397757,0,91.01344432,60.67562955,21.910644,21.910644,11.79803908,10.11260492,6.741736617,8.427170771,121.3261034,99.54962327,105.7714747,220.8757266,57.55212595,20.22101723,0
5031,1530.757265,236.4103884,295.5129856,41.37181798,41.37181798,141.8462331,0,47.28207769,265.961687,76.83337624,147.7564928,41.37181798,195.0385705,0,0,0,0,83.19332963,707.1433018,307.8153196,282.8573207,149.7479933,0,0
5032,1423.157617,359.6991778,88.62153656,109.4736628,0,41.7042525,192.8821678,203.3082309,0,0,104.2606312,0,250.225515,72.98244187,0,0,0,302.7330895,193.4995005,371.3942026,433.8133963,102.9916696,18.72575811,0
5033,1401.840705,97.56400511,0,51.34947638,46.21452874,25.67473819,0,46.21452874,128.3736909,30.80968583,41.0795811,277.2871724,256.7473819,92.42905748,46.21452874,20.53979055,241.342539,368.1355591,621.6858779,177.9728199,153.5929816,21.94185451,58.51161204,0
5034,1163.294314,229.0109016,204.6911598,70.93258014,50.66612867,0,36.47961264,62.82599955,50.66612867,24.31974176,93.22567675,12.15987088,16.21316117,38.50625779,66.87928984,184.4247084,22.29309661,397.9190044,405.5346791,241.7976725,36.17445494,34.27053626,0,47.59796703
5035,2243.351164,0,0,72.3661666,72.3661666,0,0,42.21359718,217.0984998,180.9154165,162.8238748,60.30513883,192.9764443,741.7532076,199.0069581,102.518736,199.0069581,766.2760546,655.3220558,235.7772476,350.1985589,162.9636858,72.81356175,0
5036,2588.482113,79.99723969,217.1353649,0,0,68.56906259,194.2790107,0,0,142.8522137,131.4240366,97.13950534,628.5497404,171.4226565,297.1326046,188.5649221,371.4157557,704.2994809,718.8211197,319.4760532,406.6058859,246.8678593,192.4117139,0
5037,2213.913525,112.4715427,59.19554879,29.5977744,71.03465855,94.71287806,153.9084269,230.8626403,0,23.67821952,147.988872,349.2537379,242.70175,230.8626403,136.1497622,47.35643903,284.1386342,922.1814376,572.9730256,206.8127489,315.3046827,111.8823068,54.24596692,30.51335639
5038,2506.25974,40.22888828,32.18311062,0,0,0,36.20599945,237.3504409,213.2131079,92.52644304,261.4877738,221.2588855,724.119989,229.3046632,209.1902191,156.8926643,52.29755476,757.5596191,738.6206286,492.4137524,397.7188,0,119.9469397,0
5039,1367.32761,0,95.39494955,0,31.79831652,68.89635245,0,26.4985971,74.19607187,74.19607187,137.7927049,52.99719419,74.19607187,381.5797982,190.7898991,121.8935466,37.09803594,280.4774585,536.4131394,150.7566339,252.4297127,101.6730787,0,45.57758701
5040,1508.425263,90.55726276,33.63555474,36.22290511,0,142.3042701,64.68375912,20.69880292,139.7169197,85.38256204,160.4157226,126.7801679,160.4157226,139.7169197,139.7169197,95.73196349,72.44581021,303.829733,486.1275728,325.2765377,142.9786979,250.2127213,0,0
5041,1661.704007,26.49093345,0,144.4960006,26.49093345,0,108.3720005,0,26.49093345,0,142.087734,161.3538674,298.625068,180.6200008,163.7621341,288.9920013,93.92240042,86.48273644,756.7239439,154.4334579,444.7683588,219.2955103,0,0
5042,1623.130548,40.57826371,36.06956774,0,0,139.769575,0,36.06956774,0,40.57826371,0,117.2260952,270.5217581,247.9782782,211.9087105,396.7652452,85.66522339,193.7361062,406.373296,493.7908073,387.4722124,141.7581265,0,0
5043,873.9933722,0,45.58242077,0,105.0377522,11.89106629,114.9469741,0,53.5097983,51.52795392,130.8017292,116.9288185,41.61873201,110.9832854,27.74582134,0,63.41902021,180.8262149,400.8314431,177.8124447,114.5232695,0,0,0
5044,1117.615218,0,14.16944809,0,35.42362023,0,12.39826708,69.07605944,0,0,30.11007719,76.16078349,85.01668854,109.8132227,69.07605944,189.5163682,426.8546237,161.0680756,432.2541211,190.6520078,205.4439739,128.1970397,0,0
5045,1486.09326,29.98842902,0,26.65638135,29.98842902,0,0,29.98842902,0,0,0,0,0,46.64866736,46.64866736,123.2857637,1152.888493,77.34314365,676.7525069,138.1127565,397.7647388,196.1201142,0,0
5046,2803.68141,0,0,0,0,0,0,49.47673077,93.456047,0,49.47673077,49.47673077,76.96380341,120.9431197,82.46121794,489.2698931,1792.157137,206.1530449,1123.534094,608.1514823,484.4596554,381.383133,0,0
5047,865.872644,0,0,0,0,17.51765465,0,0,0,0,15.01513256,32.5327872,30.03026511,15.01513256,22.52269883,20.02017674,713.2187964,60.08095897,148.4353104,333.9794484,220.8858786,102.4910477,0,0
5048,1781.484748,0,108.9117313,46.67645629,0,0,0,38.89704691,27.22793283,23.33822814,73.90438912,256.7205096,62.23527505,171.1470064,225.6028721,167.2573017,579.5659989,297.7552412,595.5104824,227.1014552,439.0628133,222.0547562,0,0
5049,786.6955441,0,0,0,0,0,0,30.25752093,0,0,38.32619317,46.39486542,316.6953857,114.9785795,56.48070573,30.25752093,153.3047727,113.3767108,304.2660707,134.2010046,144.6131515,90.23860653,0,0
5050,1126.751037,20.30182049,0,0,30.45273074,48.21682367,101.5091025,0,30.45273074,30.45273074,106.5845576,192.8672947,131.9618332,76.13182685,124.3486505,131.9618332,101.5091025,325.6643294,339.9270007,149.7580493,261.4823082,35.6566784,14.26267136,0
5051,1067.875758,77.10294281,100.2338257,11.56544142,28.91360355,15.42058856,57.82720711,52.0444864,46.26176569,188.9022099,138.7852971,161.9161799,92.52353137,48.18933926,48.18933926,0,0,189.2438052,54.06965863,265.8424883,401.0166348,67.58707329,90.11609772,0
5052,711.5788083,12.76374544,124.446518,82.96434536,25.52749088,105.3008999,47.8640454,38.29123632,19.14561816,0,9.57280908,156.3558816,25.52749088,63.8187272,0,0,0,79.847127,176.1333684,46.96889824,239.541381,129.1644701,39.9235635,0
5053,1749.001835,270.1161136,337.645142,47.27031988,47.27031988,162.0696682,0,54.02322272,303.8806278,87.78773692,168.822571,47.27031988,222.8457937,0,0,0,0,128.6030761,700.8867649,379.3790746,302.2172289,237.9156909,0,0
5054,1242.471414,247.8011328,45.05475142,145.5615046,72.78075229,51.98625164,173.2875055,45.05475142,29.45887593,77.97937746,0,164.6231302,124.7670039,27.72600087,0,22.52737571,13.86300044,183.7170218,212.2952252,285.7820339,401.4557143,132.0040823,27.21733656,0
5055,1160.249041,68.92568561,0,91.90091415,45.95045708,275.7027425,45.95045708,65.09648086,95.73011891,126.363757,114.8761427,126.363757,0,103.3885284,0,0,0,338.4580088,292.2478747,129.8879443,339.7069313,22.48060575,37.46767625,0
5056,1355.146518,0,264.8225256,101.3773731,72.41240935,200.6858202,0,14.48248187,0,86.89489122,107.584151,227.581858,138.6180408,84.82596524,8.275703926,47.58529758,0,466.6729731,188.4640853,230.3449931,245.3024602,176.4981116,0,47.86389467
5057,768.4239057,118.6755067,148.3443833,20.76821367,20.76821367,71.205304,0,23.73510133,133.509945,38.56953967,74.17219167,20.76821367,97.907293,0,0,0,0,70.73358127,311.8707902,86.8093952,180.049116,57.87293013,61.08809292,0
5058,1134.871766,175.2697707,219.0872134,30.67220988,30.67220988,105.1618624,0,35.05395415,197.1784921,56.96267549,109.5436067,30.67220988,144.5975609,0,0,0,0,113.4871766,292.2294796,255.3461473,348.9730679,124.8358942,0,0
5059,723.7599006,42.85420464,244.0308875,0,36.90223177,57.13893952,126.1818248,19.04631317,7.14236744,0,41.66381007,40.47341549,36.90223177,59.51972867,0,11.90394573,0,81.19744037,205.4996948,129.3144421,159.3875681,101.2461911,31.0755636,16.03900057
5060,706.5033532,18.94836579,83.91419137,78.50037257,51.43127858,24.36218459,0,0,81.20728197,0,189.4836579,124.5178324,18.94836579,35.18982219,0,0,0,109.8191741,185.4723829,59.79043921,291.6309178,41.48724354,18.30319568,0
5061,1768.288565,446.9300769,110.1132073,136.0221973,0,51.81797992,239.6581572,252.6126521,0,0,129.5449498,0,310.9078795,90.68146487,0,0,0,526.6214579,463.8133941,140.1102961,401.0053303,198.0869704,38.65111617,0
5062,1852.54112,85.28322291,0,0,198.9941868,56.85548194,75.80730926,75.80730926,0,156.3525753,165.828489,639.6241719,265.3255824,66.3313956,66.3313956,0,0,365.2897983,652.3032113,172.2080478,610.5558057,52.1842569,0,0
5063,1874.873123,0,52.26127171,293.9696534,199.2460984,45.72861274,228.6430637,0,0,0,231.9093932,137.1858382,137.1858382,26.13063585,199.2460984,189.4471099,133.9195088,544.8638497,507.637127,419.6466917,206.4390983,138.7541481,0,57.53220773
5064,1859.646757,33.50714878,0,0,50.26072317,79.57947835,167.5357439,0,50.26072317,50.26072317,175.9125311,318.3179134,217.7964671,125.6518079,205.2312863,217.7964671,167.5357439,404.1083496,718.4148438,246.9551026,258.1803345,153.4115031,78.57662354,0
5065,1972.321861,27.01810768,32.42172922,16.21086461,129.6869169,75.65070151,40.52716153,27.01810768,27.01810768,64.84345844,199.9339969,316.1118599,194.5303753,183.7231322,440.3951552,56.73802614,140.49416,429.1490189,629.0266442,311.5739452,490.8759326,47.03002947,20.57563789,44.09065263
5066,1463.761258,0,35.70149409,32.45590371,68.1573978,0,74.64857854,0,61.66621706,0,74.64857854,168.7706993,107.1044823,204.4721934,77.89416892,152.5427475,405.6987964,194.4857615,690.9362579,276.3745032,230.312086,0,71.65264897,0
5067,1765.243292,30.19856331,98.83166175,0,85.10504206,41.17985906,46.67050694,54.90647875,16.47194363,52.16115481,129.0302251,87.850366,277.2777177,123.5395772,241.5885065,129.0302251,351.401464,299.5920396,643.241732,414.141937,317.2151007,91.05248261,0,0
5068,1600.798546,27.73660847,27.73660847,0,63.39796221,79.24745277,0,39.62372638,174.3443961,0,166.4196508,35.66135374,198.1186319,162.4572782,150.5701603,249.6294762,225.8552404,427.7308178,518.7034172,314.4140713,194.7132827,135.6608937,0,9.576063086
5069,999.8646593,55.19757583,23.65610393,25.23317752,67.81416459,0,0,33.1185455,25.23317752,17.34780955,72.54538537,0,137.2054028,119.8575932,134.0512556,127.7429612,160.8615067,282.0629875,357.9282049,95.31783717,106.9894091,56.41259751,87.53678924,13.61683388
5070,2172.294793,193.2519255,168.20075,325.6652819,0,161.0432713,46.52361171,0,189.6731862,93.04722341,53.68109043,50.10235107,350.7164575,225.4605798,0,121.6771383,193.2519255,745.8212122,720.4777729,166.5426008,434.4589585,104.9942483,0,0
5071,3247.276188,114.6097478,70.9488915,54.57607038,109.1521408,120.0673548,382.0324927,32.74564223,60.03367742,54.57607038,425.693349,321.9988153,480.2694194,360.2020645,267.4227449,343.8292434,49.11846335,551.9938274,1358.42231,478.6821472,612.3681523,150.9358122,77.62413198,17.24980711
5072,1865.737303,121.5231194,57.18735029,0,207.3041448,164.4136321,0,321.6788454,21.44525636,264.4914951,207.3041448,114.3747006,200.155726,92.92944423,0,0,92.92944423,61.17171486,497.0201833,741.7070427,160.5757515,313.5050387,91.75757229,0
5073,1918.522037,274.0745767,46.91366627,0,128.3952972,66.66678892,133.3335778,130.8644375,204.9386474,74.07420991,185.1855248,71.60506958,133.3335778,328.3956639,51.85194693,29.62968396,59.25936793,599.2586315,527.705362,165.4669356,366.7105058,125.2182215,49.19287273,84.96950745
5074,2329.633902,516.5251637,421.6531949,84.33063897,0,390.0292052,0,105.4132987,0,200.2852676,0,84.33063897,179.2026078,147.5786182,0,200.2852676,0,548.9632362,807.2988768,442.8610981,456.7005074,0,73.81018302,0
5075,2110.37424,0,0,0,230.8221825,87.93226001,0,428.6697675,175.86452,0,0,0,153.881455,340.7375075,384.7036375,76.94072751,230.8221825,304.3532918,832.6646662,347.4221538,410.5898182,183.7604781,31.58383217,0
5076,1767.273474,0,0,0,80.59227568,0,86.3488668,0,0,0,0,86.3488668,587.1722943,149.6713691,0,690.7909344,86.3488668,470.2828572,391.0773234,400.9780151,143.5600301,198.0138346,0,163.3614136
5077,1842.39021,0,0,0,0,414.2652543,152.624041,0,0,0,65.4103033,152.624041,163.5257583,545.0858609,0,0,348.854951,318.1637712,647.4262785,392.1553458,295.9662988,0,88.78988963,99.88862583
5078,1238.41105,51.33310052,0,0,48.12478174,0,0,0,0,35.29150661,93.04124469,44.91646296,134.7493889,346.4984285,195.7074457,51.33310052,237.4155899,222.4085151,303.2843388,358.8864676,207.2442982,146.5874304,0,0
5079,1943.899312,102.6481485,0,0,0,0,0,0,0,0,109.0636578,57.73958353,44.90856497,0,109.0636578,186.0497692,1334.42593,434.0235271,507.6760044,223.5878776,370.8928322,249.8923338,115.7396072,42.0871299
5080,1453.610347,0,0,0,0,0,0,78.22118461,0,0,175.9976654,0,306.3663064,104.2949128,162.9608013,280.2925782,345.4768987,153.9730889,529.7718142,287.0684707,367.9695852,114.8273883,0,0
5081,1359.206882,77.66896469,0,25.8896549,0,0,25.8896549,93.849999,29.12586176,29.12586176,19.41724117,32.36206862,29.12586176,177.9913774,0,255.6603421,563.099994,151.303178,350.5190289,400.9534216,302.6063559,57.99955155,95.82534604,0
5082,1526.696901,0,0,0,0,30.88693152,0,0,0,0,26.47451274,57.36144426,52.94902547,26.47451274,39.7117691,35.29935031,1257.539355,315.3871112,396.3271663,58.61176403,633.5652588,72.56694594,50.23865488,0
5083,1616.024911,137.1877263,0,118.5860007,146.4885891,55.80517679,20.9269413,0,123.2364321,0,83.70776519,58.13039249,186.017256,162.765099,102.3094908,316.2293351,104.6347065,452.9766797,517.2503977,321.3685903,220.3670334,104.0622102,0,0
5084,858.7670069,13.83514165,30.63495652,14.82336606,12.84691725,54.35234221,41.50542496,100.7988892,46.44654698,28.65850771,53.3641178,92.89309395,71.15215707,49.41122019,44.47009817,132.4220701,71.15215707,175.1835692,301.3647413,210.710307,73.50359545,84.52913477,13.47565917,0
5085,1156.188677,95.71932403,42.82180285,95.71932403,0,70.53002823,37.7839437,0,0,42.82180285,62.97323949,357.6880003,32.74608454,90.68146487,73.04895781,35.26501412,118.3896902,264.0519595,364.0327985,276.8700158,151.2530642,43.58139138,56.39944766,0
5086,905.461194,0,26.63121159,0,0,53.26242318,0,33.28901448,0,19.97340869,0,26.63121159,272.9699188,23.30231014,96.53814201,133.1560579,219.7074956,177.7592528,285.155468,211.0891127,137.0227574,55.5497665,18.51658883,20.36824772
5087,2511.335195,297.0041623,283.8039774,174.9024512,52.80073997,115.5016187,23.10032374,49.50069372,198.0027749,201.3028211,33.00046248,138.6019424,518.107261,174.9024512,194.7027287,56.10078622,0,773.6483874,825.0234756,265.9416332,359.6256176,226.654801,60.44128026,0
5088,1201.867773,175.8830888,30.44130382,86.81408868,95.83373426,162.3536204,65.39243044,39.4609494,52.99041777,63.13751904,48.48059498,139.8045064,93.57882287,45.09822789,52.99041777,49.60805068,0,220.949429,388.4825125,189.3852249,82.55253392,225.8054604,94.69261243,0
5089,1510.455445,278.6277034,68.43487452,498.5969429,58.65846387,283.5159087,14.66461597,14.66461597,0,0,68.43487452,19.55282129,48.88205323,48.88205323,0,63.54666919,43.9938479,426.1012441,540.7077856,143.9928342,161.6246098,85.22024882,132.2383171,20.57040489
5090,1723.62456,271.3112733,0,0,0,159.5948667,0,0,143.63538,0,63.83794666,324.5095622,132.9957222,441.5457977,122.3560644,63.83794666,0,380.2839287,390.1614333,274.1007538,362.9982956,155.5706981,79.02003713,81.48941329
5091,906.476285,31.99328065,19.80536421,15.23489555,30.46979109,33.5167702,106.6442688,9.140937328,16.7583851,15.23489555,118.8321853,89.88588372,134.0670808,100.5503106,74.65098818,95.97984194,13.71140599,118.2360372,325.1491022,59.11801859,113.3095356,290.6635914,0,0
5092,1448.534892,0,0,0,63.74970186,0,134.5827039,74.37465217,67.29135196,155.8326045,74.37465217,0,463.9561635,354.1650103,0,60.20805175,0,49.58310144,481.664414,233.7489068,538.3308157,106.2495031,38.95815113,0
5093,667.9298942,76.09327909,0,0,121.1855926,47.91058313,56.36539192,81.72981828,95.82116626,0,64.8202007,67.6384703,0,0,0,0,56.36539192,124.9060658,191.5932026,151.3692153,114.320806,57.16040299,5.292629907,23.28757159
5094,1432.293436,186.4965411,193.9564028,0,130.5475788,41.02923905,74.59861645,0,41.02923905,41.02923905,279.7448117,261.0951576,26.10951576,0,93.24827056,63.40882398,0,195.3127412,458.0548812,272.0427467,392.9506342,72.07970213,13.95091009,27.90182018
5095,1293.225965,189.2525803,32.75525428,93.41313259,103.1183931,174.6946895,70.36313883,42.46051481,57.0184056,67.9368237,52.16577534,150.4315382,100.692078,48.52630264,57.0184056,53.37893291,0,294.3763971,357.3120407,322.7989458,241.5916639,20.30182049,56.84509738,0
5096,1127.766128,189.4294669,0,105.7280745,0,162.9974482,26.43201863,74.89071946,0,127.7547567,101.3227381,22.0266822,167.4027847,48.45870083,101.3227381,0,0,469.9025535,270.1939683,199.7085852,62.6536738,125.3073476,0,0
5097,1766.258383,162.4145639,54.13818798,108.276376,84.59091872,47.37091448,0,233.4709357,50.75455123,206.4018417,81.20728197,257.1563929,175.9491109,43.98727773,47.37091448,128.5781965,84.59091872,441.5645957,495.344899,585.922252,121.7133181,70.76355701,0,50.94976104
5098,1792.65075,173.7557464,127.138351,0,0,33.90356027,0,67.80712055,42.37945034,38.14150531,72.04506558,169.5178014,440.7462836,266.9905372,67.80712055,207.6593067,84.75890069,590.7982696,584.0462894,0,367.9829222,40.51188135,209.311387,0
5099,2140.826971,98.42882625,275.6007135,103.3502676,280.5221548,44.29297181,123.0360328,0,63.97873706,49.21441313,324.8151266,34.45008919,236.229183,49.21441313,19.68576525,73.82161969,364.1866571,715.5221512,658.1273262,602.6456621,145.4002232,19.13160832,0,0
5100,1982.472771,160.6634952,14.34495493,77.46275661,212.3053329,183.6154231,17.21394591,48.77284676,14.34495493,0,278.2921256,195.091387,134.8425763,123.3666124,206.567351,154.9255132,160.6634952,802.2352092,465.0244772,168.605366,470.46336,35.35273803,40.79162081,0
5101,2006.834956,0,0,41.03194147,0,0,0,0,0,0,18.65088249,145.4768834,235.0011194,231.2709429,179.0484719,358.0969438,798.2577705,536.7463477,536.7463477,187.8612217,339.9393536,214.6985391,65.60233139,125.2408145
5102,1837.314755,0,0,42.72825011,37.98066676,28.48550007,33.23308342,56.97100014,52.2234168,0,37.98066676,166.1654171,232.6315839,322.8356675,318.0880841,303.8453341,204.1460838,402.3871157,656.7261416,398.5910108,258.1351308,75.9220973,45.55325838,0
5103,3062.529621,252.8694183,123.6250489,0,0,348.3978652,0,61.81252447,129.2443693,202.2955346,280.9660203,354.0171856,724.8923324,191.0568938,0,73.05116528,320.3012632,1015.987829,895.8172258,600.8530173,313.1718757,196.6428057,40.05686782,0
5104,1404.885978,94.50720681,25.44424799,39.98381826,50.88849597,0,36.3489257,112.6816697,183.5620748,14.53957028,59.9757274,70.88040511,347.1322404,154.4829342,74.51529767,101.7769919,38.16637198,379.3681648,445.4516516,88.1113157,403.8435303,68.53102332,0,19.58029238
5105,1760.167837,31.84863396,57.32754112,27.60214943,110.4085977,125.2712936,29.72539169,50.95781433,33.97187622,114.6550822,84.92969055,29.72539169,165.6128966,167.7361388,235.6798913,210.2009841,284.5144634,477.3336506,393.2578372,363.424484,298.3335317,227.8183333,0,0
5106,2257.562439,217.8046457,55.31546558,82.97319836,79.51598177,89.88763156,501.2964068,228.1762955,0,221.2618623,48.40103238,0,197.0613461,307.6922773,31.11494939,58.77268217,138.2886639,376.2604065,682.6438803,666.5184343,333.2592172,198.8805006,0,0
5107,1663.734189,261.6555253,0,157.9806945,0,78.99034727,44.43207034,78.99034727,0,315.9613891,44.43207034,202.4127649,390.0148397,59.24276045,0,0,29.62138023,131.347436,529.3699694,282.5959987,421.9038854,266.6750973,31.84180267,0
5108,1685.051101,81.29632504,0,0,0,0,36.95287502,0,169.9832251,33.25758752,33.25758752,36.95287502,133.0303501,133.0303501,92.38218755,262.3654126,672.5423254,173.8544787,732.1948236,351.0523127,224.0048091,203.9446769,0,0
5109,1991.60859,117.6477648,75.63070596,176.4716472,21.00852943,105.0426472,0,16.80682355,21.00852943,63.0255883,281.5142944,75.63070596,71.42900008,75.63070596,163.8665296,109.2443531,617.6507654,180.1699703,647.6380013,637.899084,311.645354,214.2561809,0,0
5110,1631.251277,0,0,0,0,43.89016888,0,95.0953659,69.49276739,0,98.75287997,179.2181896,190.1907318,446.2167169,175.5606755,281.6285836,51.20519702,331.6877596,576.3754511,214.7814181,258.2814521,239.2501872,10.87500851,0
5111,706.5033532,0,10.155079,21.76088357,0,47.87394385,0,0,0,0,79.78990641,27.56378585,88.49425984,126.2131247,78.33918084,147.9740083,78.33918084,178.0618207,208.6961124,80.41501581,109.1346643,99.56144814,30.63429174,0
5112,1277.9996,0,0,0,0,64.59203755,18.45486787,55.36460361,0,78.43318845,138.411509,226.0721314,175.3212448,0,69.20575451,244.5269993,207.6172635,329.6057363,373.1385694,296.9561114,119.715291,155.4744039,0,3.109488078
5113,661.8393481,0,0,0,0,13.3898134,0,0,0,0,11.47698291,24.86679631,22.95396583,11.47698291,17.21547437,15.30264389,545.1566884,151.0237439,216.1712412,99.20187096,115.4887453,79.95374675,0,0
5114,1727.684924,66.44942015,54.3677074,30.20428189,42.28599464,24.16342551,54.3677074,60.40856377,66.44942015,24.16342551,114.7762712,66.44942015,54.3677074,66.44942015,169.1439786,489.3093666,344.3288135,615.6118695,711.5943652,201.8942153,52.95585974,145.6286143,0,0
5115,1370.372883,0,0,23.94468748,0,0,0,0,95.77874991,69.99216339,34.9960817,22.10278844,60.78266821,189.7156008,158.4033172,421.7948794,292.8619468,354.4067802,399.8435468,328.9621908,178.1121254,109.04824,0,0
5116,1560.194905,31.48375369,0,27.98555883,31.48375369,0,0,31.48375369,0,0,0,0,0,48.97472796,48.97472796,129.4332096,1210.375419,305.336473,342.5726283,379.8087835,212.2460849,167.5626986,40.95977077,111.7084657
5117,1804.831842,0,0,0,0,36.513939,0,0,0,0,31.297662,67.81160099,62.59532399,31.297662,46.946493,41.730216,1486.638945,222.2367566,671.1999014,267.1330711,392.8427516,204.2782309,0,47.1411302
5118,2083.981874,179.138843,59.71294767,0,0,71.6555372,59.71294767,0,0,250.7943802,191.0814325,256.765675,453.8184023,143.3110744,161.2249587,77.62683197,179.138843,638.5779319,745.6448906,76.47639903,248.5482969,53.53347932,141.4813382,179.7195377
5119,939.9742888,47.09290024,24.48830813,28.25574015,52.74404827,22.60459212,90.41836846,82.88350443,0,45.20918423,114.9066766,94.18580048,158.2321448,15.06972808,52.74404827,56.51148029,54.62776428,157.1970654,200.5064609,222.9631846,150.7808586,85.01473943,52.93370568,70.57827425
5120,2571.225565,404.7299501,0,0,0,238.0764412,0,0,214.2687971,0,95.2305765,484.0887639,198.3970344,658.6781541,182.5252716,95.2305765,0,142.5630016,1339.073908,478.6043627,193.4783594,341.1328968,76.3730366,0
5121,2220.004071,240.9070352,21.34619299,0,115.8793334,0,51.8407544,131.1266141,155.5222632,82.33531582,125.0277018,414.7260352,134.1760702,289.6983334,125.0277018,198.2146492,134.1760702,740.001357,452.5188154,362.0150523,383.3100554,186.3312769,95.82751385,0
5122,2195.641886,0,0,0,161.1229742,109.2359147,51.8870595,0,92.85052753,40.96346803,0,275.8206847,284.0133783,341.3622336,139.2757913,447.8672504,251.2426039,507.0887214,789.3855353,543.6827528,156.8315633,198.6533135,0,0
5123,1472.897077,0,0,0,0,29.79849577,0,0,0,0,25.54156781,55.34006358,51.08313561,25.54156781,38.31235171,34.05542374,1213.224471,171.7279103,706.7264001,244.3820262,211.3574281,95.77133459,0,42.93197757
5124,2444.339187,217.4535686,189.265143,366.4495322,0,181.2113071,52.34993317,0,213.4266506,104.6998663,60.40376904,56.37685111,394.6379578,253.69583,0,136.9152098,217.4535686,661.7271833,1174.903366,209.3218641,141.7986821,195.8172277,60.77086377,0
5125,1045.543755,0,0,0,0,21.15261933,0,0,0,0,18.13081657,39.2834359,36.26163313,18.13081657,27.19622485,24.17442209,861.213787,79.71887871,380.1977292,205.4294182,226.8921933,67.45443583,85.85110015,0
5126,1101.373762,0,0,20.06551388,15.60651079,20.06551388,0,20.06551388,35.67202467,115.9340802,42.3605293,93.63906476,64.65554472,209.5731449,73.57355089,216.2616496,173.9011203,482.9468159,511.6367258,87.66361345,0,19.12660657,0,0
5127,1904.310762,100.557664,0,0,0,0,0,0,0,0,106.842518,56.56368601,43.99397801,0,106.842518,182.260766,1307.249632,349.4148188,445.5038939,506.6514872,366.8855597,235.8550027,0,0
5128,1880.963669,0,0,44.90364196,44.90364196,114.7537517,29.93576131,0,114.7537517,39.91434841,109.7644581,139.7002194,119.7430452,269.4218517,124.7323388,134.7109259,593.7259326,543.7475273,563.8863247,269.8598839,84.5829487,418.886984,0,0
5129,2251.471893,103.6483224,0,0,241.8460857,69.09888162,92.13184216,92.13184216,0,190.0219244,201.5384047,777.3624182,322.4614475,80.61536189,80.61536189,0,0,396.2871088,631.2538017,340.1756598,627.7468361,196.3900716,31.56269008,28.05572452
5130,1946.944585,90.55556211,0,191.1728533,70.43210386,216.3271761,85.52469754,231.4197698,201.2345825,110.6790204,40.24691649,306.8827382,166.0185305,186.1419888,0,0,50.30864561,218.424531,552.8028255,347.8612902,428.7592646,272.356514,83.59457361,43.14558638
5131,1536.847811,0,0,0,0,31.09229676,0,0,0,0,26.65054008,57.74283684,53.30108016,26.65054008,39.97581012,35.53405344,1265.900654,387.3356272,453.9740147,174.9257671,237.3992554,216.5747593,66.63838748,0
5132,1439.399073,0,0,0,0,29.12079049,0,0,0,0,24.96067757,54.08146806,49.92135513,24.96067757,37.44101635,33.28090342,1185.632184,227.7836917,470.1067679,334.4058452,218.0907686,43.61815373,0,145.3938458
5133,1773.36402,0,0,0,25.01218646,27.51340511,57.52802886,117.5572764,47.52315428,0,52.52559157,55.02681021,210.1023663,185.0901798,235.1145527,157.5767747,602.7936937,348.1450837,558.4827384,413.4222869,268.3618353,108.7953387,36.26511288,39.89162417
5134,1315.557968,34.46876772,0,0,0,0,0,48.83075427,0,0,43.08595965,0,77.55472737,40.21356234,132.1302763,77.55472737,861.719193,219.8807935,439.761587,167.70569,324.2310006,163.9788969,0,0
5135,1434.323618,104.1041336,0,0,50.12421245,0,0,134.9498028,0,0,88.68129895,0,104.1041336,69.4027557,111.8155509,223.6311017,547.5106283,164.056623,534.3558576,356.2372384,290.6145892,0,89.0593096,0
5136,1386.61434,0,0,0,0,28.05289127,0,0,0,0,24.04533537,52.09822664,48.09067074,24.04533537,36.06800306,32.06044716,1142.15343,219.4305521,452.8673096,322.1427254,210.0930818,42.01861635,0,140.0620545
5137,1414.021797,0,0,0,0,0,0,57.18470504,0,0,62.38331459,0,124.7666292,41.58887639,150.7596769,202.7457724,774.5928228,438.7179801,357.7238915,131.615394,393.1588052,92.80572656,0,0
5138,2122.555333,94.33579256,0,400.9271184,483.4709369,0,0,0,147.3996759,0,100.2317796,194.5675721,241.7354684,141.5036888,235.8394814,0,82.54381849,1332.508525,520.206877,153.0020227,30.60040453,52.85524419,0,33.38225949
5139,3867.496804,0,198.4515066,415.3636186,272.2939277,516.8969475,55.38181581,138.4545395,0,318.4454409,0,715.3484542,226.1424145,692.2726976,36.92121054,175.3757501,106.1484803,2255.393928,767.2989651,418.5267082,0,263.5168163,100.7564298,62.00395678
5140,2009.880229,287.125747,49.14765038,0,134.5093589,69.84139791,139.6827958,137.0960774,214.6976306,77.60155324,194.0038831,75.01483479,139.6827958,344.0335527,54.32108726,31.04062129,62.08124259,535.0687857,463.1267641,413.6666243,382.1919898,215.8260648,0,0
5141,2456.52028,110.8204637,0,73.88030916,138.5255797,46.17519323,143.143099,120.0555024,78.49782849,120.0555024,166.2306956,120.0555024,253.9635627,323.2263526,180.0832536,392.4891424,189.3182922,710.0069163,741.1021097,326.4995308,570.0785459,77.73798353,31.09519341,0
5142,1806.862024,75.84359113,0,0,57.99804027,44.61387713,53.53665256,31.22971399,40.15248942,71.38220341,62.45942799,62.45942799,66.9208157,35.69110171,75.84359113,218.607998,910.1230935,109.2702736,440.9836041,593.1814852,429.2760748,195.1254885,19.51254885,19.51254885
5143,1092.237943,0,0,0,0,22.09729942,0,0,0,0,18.94054236,41.03784177,37.88108471,18.94054236,28.41081353,25.25405647,899.6757619,75.78793887,187.2407901,421.2917778,278.6321282,129.2853075,0,0
5144,2039.317869,176.9973999,184.692939,69.25985214,0,53.86877389,0,76.95539126,0,0,238.5617129,100.0420086,115.4330869,169.3018608,277.0394086,230.8661738,346.2992607,397.7928682,664.6665646,412.8989265,281.9797547,281.9797547,0,0
5145,2295.120807,41.40681868,198.1612037,233.6527625,29.57629906,50.27970839,91.68652707,292.8053607,121.2628261,68.02548783,195.2035738,100.5594168,402.2376672,428.8563363,41.40681868,0,0,446.1241849,800.8735368,440.7491947,381.6243028,225.7495875,0,0
5146,1112.539763,177.0981664,149.8522946,127.1474015,81.73761524,18.1639145,86.27859387,13.62293587,40.86880762,49.95076487,45.40978625,108.983487,104.4425084,31.78685037,27.24587175,13.62293587,36.327829,126.8367808,373.2625264,166.6997691,159.451953,148.5802289,72.47816046,65.23034441
5147,3044.257983,330.3521712,29.27171137,0,158.903576,0,71.08844191,179.8119413,213.2653257,112.9051724,171.4485952,568.7075353,183.9936144,397.2589401,171.4485952,271.8087485,183.9936144,803.0129325,958.8214119,635.2191854,413.4917339,155.8084794,53.93370442,23.9705353
5148,1123.705764,25.58722803,55.43899406,12.79361401,14.92588302,53.30672506,61.83580107,0,0,87.4230291,25.58722803,89.5552981,153.5233682,127.9361401,315.5758124,55.43899406,44.77764905,135.8899994,360.6311523,270.0378193,236.9364092,108.0151277,12.19525636,0
5149,1741.896198,187.4350285,42.48527313,39.98613942,0,67.47661026,44.98440684,27.49047085,0,157.4454239,362.3743885,94.96708111,199.9306971,119.9584182,289.8995108,107.4627497,0,467.5219234,505.2253043,286.545695,279.0050188,158.3541998,45.2440571,0
5150,797.8615454,36.85773443,0,0,0,0,17.3448162,26.01722431,0,0,36.85773443,15.17671418,43.36204051,0,101.9007952,60.70685671,459.6376294,176.03249,180.6047624,126.8805609,168.0310131,72.01329134,36.57817973,37.72124785
5151,992.7590221,144.948287,0,0,0,0,0,35.55335341,38.28822675,0,0,0,32.81848007,41.02310009,49.2277201,79.31132683,571.5885279,331.5698109,282.8095446,120.9254605,167.7353161,89.71889001,0,0
5152,2103.268603,0,87.20869818,92.3386216,256.4961711,0,0,0,0,71.81892791,0,0,251.3662477,318.0552522,338.5749459,266.756018,420.6537206,717.9253036,811.7245895,317.4745061,97.40695074,158.7372531,0,0
5153,655.7488019,34.71611304,0,0,7.714691787,0,6.750355314,0,8.679028261,23.14407536,16.39372005,40.50213188,74.25390845,76.1825814,22.17973889,87.75461908,257.4778384,106.5995589,288.5725434,91.52487383,147.5165614,9.690868994,11.84439544,0
5154,1694.18692,216.0860059,116.2143225,52.65961488,50.84376609,0,65.3705564,0,59.92301004,43.58037094,181.5848789,207.0067619,188.8482741,27.23773184,87.16074187,266.929772,130.7411128,386.5929885,553.3585914,253.9385317,295.6299324,204.6668763,0,0
5155,1735.805652,41.43254697,19.6259433,0,8.722641468,34.89056587,67.60047138,0,28.34858477,19.6259433,63.23915064,266.0405648,420.8674508,34.89056587,263.8599044,126.4783013,340.1830173,265.6378043,865.612845,247.3179557,320.59735,36.63969714,0,0
5156,3606.618411,127.3860807,382.1582422,326.4268319,0,302.5419417,183.117491,207.0023812,382.1582422,151.2709709,71.65467041,0,501.5826929,278.6570516,0,342.350092,350.311722,1998.091733,967.6293297,113.099532,131.949454,150.7993761,169.6492981,75.39968803
5157,1296.271238,0,42.23440125,63.35160188,0,94.2152028,50.35640149,34.11240101,42.23440125,22.74160068,19.49280058,42.23440125,206.2988061,178.6840053,175.4352052,164.0644049,160.8156048,286.4947302,371.0341588,272.4048255,166.7305397,176.1238096,23.48317461,0
5158,2109.359149,242.20199,57.24774309,101.2844685,0,162.9358842,30.82570782,118.8991587,83.66977836,0,101.2844685,435.963582,352.2938036,70.45876073,101.2844685,176.1469018,74.86243327,480.3491132,783.1779019,569.1092754,187.9626965,88.76016222,0,0
5159,1079.041759,0,0,0,0,21.83032461,0,0,0,0,18.71170681,40.54203142,37.42341361,18.71170681,28.06756021,24.94894241,888.8060733,177.0302886,368.1106001,255.7104169,19.67003207,75.87012369,0,182.6502978
5160,1714.488741,64.63961141,0,30.78076734,0,0,67.71768814,0,30.78076734,147.7476832,67.71768814,237.0119085,132.3572995,141.5915297,196.996911,147.7476832,449.3992031,256.9815338,805.464509,237.8038074,306.8436225,69.03981506,38.35545281,0
5161,1193.747045,0,0,0,54.43797599,0,58.32640285,0,0,0,0,58.32640285,396.6195394,101.0990983,0,466.6112228,58.32640285,388.9505103,246.1973975,275.1617972,111.7198274,134.4775701,37.23994248,0
5162,1179.535771,47.18143083,87.92903018,36.45837837,17.15688394,75.06136722,17.15688394,0,55.75987279,15.01227344,51.47065181,36.45837837,171.5688394,132.9658505,113.6643561,186.5811128,135.110461,237.7358918,441.944927,240.7837878,88.3889854,115.8200498,54.86212887,0
5163,1632.266368,0,0,0,0,33.02272998,0,0,0,0,28.30519713,61.32792711,56.61039425,28.30519713,42.45779569,37.74026284,1344.496864,319.4411507,358.3973886,397.3536265,222.050556,175.3030705,42.85186168,116.8687137
5164,1350.071063,0,0,0,0,19.7571375,62.56426876,0,0,0,29.63570626,59.27141251,0,111.9571125,0,82.32140627,984.564019,122.733733,434.681971,304.2773797,189.214505,245.467466,53.69600818,0
5165,1133.856675,29.70803514,0,0,0,0,0,42.08638312,0,0,37.13504393,0,66.84307907,34.65937433,113.8808014,66.84307907,742.7008785,252.7410583,292.1593885,222.5976294,150.7171449,136.804793,25.50597836,53.33068203
5166,2202.747523,99.1590525,0,77.91068411,56.66231572,0,0,84.99347358,198.318105,63.74510518,134.5729998,290.394368,84.99347358,120.4074209,99.1590525,247.8976313,644.5338413,756.2766497,730.5779286,168.8773101,440.5495047,106.4661303,0,0
5167,1295.256147,0,0,0,37.22000424,49.62667232,62.0333404,52.10800593,24.81333616,0,29.77600339,99.25334463,49.62667232,62.0333404,106.6973455,312.6480356,409.4200466,71.81618243,674.5591421,241.0971839,97.46481902,171.8458651,38.47295487,0
5168,1286.120328,0,0,0,0,26.01977543,0,0,0,0,22.30266465,48.32244008,44.6053293,22.30266465,33.45399698,29.7368862,1059.376571,0,545.422757,246.8991904,320.9689475,172.8294333,0,0
5169,1656.628552,0,18.94836579,203.0182049,51.43127858,51.43127858,13.534547,43.31055039,67.67273498,10.8276376,67.67273498,110.9832854,213.8458425,94.74182897,159.7076545,162.4145639,387.0880441,545.9698618,539.7302063,0,340.0612282,37.43793338,193.4293225,0
5170,1762.198019,0,121.1511138,110.1373762,0,110.1373762,0,0,0,0,0,242.3022276,176.2198019,385.4808166,418.5220295,0,198.2472771,323.339086,412.2573347,468.8416747,339.5060403,218.2538831,0,0
5171,990.7288401,44.59872592,0,35.04185608,25.48498624,0,0,38.22747936,89.19745184,28.67060952,60.52684232,130.6105545,38.22747936,54.15559576,44.59872592,111.4968148,289.8917185,184.405733,227.7953172,267.5691028,122.9371553,133.7845514,54.2369803,0
5172,1047.573937,0,0,0,0,21.19369238,0,0,0,0,18.16602204,39.35971441,36.33204407,18.16602204,27.24903305,24.22136272,862.8860467,35.85827659,348.337544,169.0461611,389.3184315,76.83916412,28.17436018,0
5173,1105.434126,0,0,0,0,21.42314197,21.42314197,25.70777037,0,0,29.99239876,0,158.5312506,124.2542234,81.4079395,257.0777037,385.6165555,117.0926632,402.8781464,218.3083552,279.8316189,87.32334208,0,0
5174,2024.091503,40.8448958,0,36.30657405,40.8448958,0,0,40.8448958,0,0,0,0,0,63.53650458,63.53650458,167.917905,1570.259328,574.6516564,307.4569372,347.7191552,472.1660107,120.7866539,131.7672588,69.54383103
5175,3149.827449,145.9048137,0,60.07845271,0,158.7787679,0,81.53504297,60.07845271,0,236.0224928,81.53504297,437.7144412,287.5183094,557.8713466,253.187765,789.6025214,982.9248779,1094.620887,603.1584478,0,335.0880265,134.0352106,0
5176,2514.380468,91.1007416,54.66044496,0,0,109.3208899,54.66044496,0,45.5503708,0,63.77051912,118.4309641,145.7611866,400.843263,45.5503708,72.88059328,1311.850679,471.4463378,677.7041105,412.5155455,854.4964872,0,49.10899352,49.10899352
5177,885.1593735,32.07099179,19.24259508,0,0,38.48519015,19.24259508,0,16.0354959,0,22.44969426,41.69228933,51.31358687,141.1123639,16.0354959,25.65679343,461.8222818,172.8826901,316.3753229,81.25486436,223.0186703,81.25486436,10.37296141,0
5178,1834.269482,112.5987206,167.0819726,236.0940917,50.85103513,54.48325193,0,0,47.21881834,0,58.11546872,138.0242382,414.0727146,43.58660154,210.6685741,112.5987206,188.8752733,279.3303779,1014.900373,111.7321512,428.3065794,0,0,0
5179,1131.826492,34.2977725,42.87221562,38.58499406,147.9091439,98.60609594,64.30832344,32.15416172,10.71805391,49.30304797,30.01055094,81.45720969,265.8077369,150.0527547,85.74443125,0,0,301.3139879,260.8011828,232.9486293,215.2242771,121.5384153,0,0
5180,1501.319625,108.966747,0,0,52.46547078,0,0,141.2531906,0,0,92.82352523,0,108.966747,72.64449801,117.0383579,234.0767158,573.0843732,278.1058945,456.7267535,264.5397533,348.197624,119.8342472,33.91535298,0
5181,966.3666555,29.22848107,0,29.22848107,0,29.22848107,27.40170101,0,0,0,100.4729037,74.89798275,51.14984188,62.11052228,20.09458074,144.3156253,398.2380546,249.4483033,123.7420717,182.6668678,219.9859053,170.8819086,19.64159869,0
5182,1516.545991,67.81303211,0,52.40097936,24.6592844,0,197.2742752,107.8843693,0,61.64821101,249.6752546,212.686328,277.4169495,86.30749541,120.2140115,27.74169495,30.8241055,430.5564567,230.3614163,260.5277923,353.7693179,90.49912784,98.72632128,52.10555846
5183,15.22636537,2.224373376,0.556093344,0.211845083,1.297551136,0.714977156,1.324031771,0.609054615,0.847380334,0.767938427,0.92682224,1.006264146,0.662015886,2.171412105,1.403473678,0.503132073,0,4.561617724,4.435779994,3.429078151,1.384215034,1.415674466,0,0
5184,1445.489619,0,35.25584437,32.05076761,67.30661198,0,73.7167655,0,60.89645845,0,73.7167655,166.6639916,105.7675331,201.9198359,76.92184226,150.6386078,400.6345951,145.5527741,547.0776683,200.7624471,346.3152212,90.34310119,115.4384071,0
5185,2335.724448,0,0,0,35.21192635,46.94923513,43.03679887,0,89.986034,27.38705383,125.1979603,211.2715581,316.9073371,266.0456657,172.1471955,504.7042776,496.8794051,273.6134353,800.8198106,343.6851687,617.298604,220.2254479,80.08198106,0
5186,2950.869609,78.30519911,94.79050419,107.154483,0,156.6103982,177.2170296,152.489072,115.3971355,0,222.5516185,177.2170296,333.8274278,469.8311947,251.4009024,255.5222287,358.5553854,743.7151046,871.6660904,335.8713376,455.8253867,415.8407037,127.9509857,0
5187,2070.78569,63.99779175,173.7082919,0,0,54.85525007,155.4232085,0,0,114.281771,105.1392293,77.71160427,502.8397923,137.1381252,237.7060837,150.8519377,297.1326046,321.052045,797.2792451,422.7185259,165.8768899,235.4381663,0,128.420818
5188,2419.977003,0,0,305.9290214,0,207.8748479,149.0423438,0,0,50.98817024,82.36550577,129.4315091,164.7310115,251.0186842,458.8935321,282.3960198,337.3063569,576.6010187,506.7099861,331.9824047,751.3286001,183.4639605,0,69.89103257
5189,2080.936601,0,0,0,81.48245725,0,47.00910995,47.00910995,34.4733473,0,178.6346178,125.3576265,604.850548,100.2861012,144.1612705,501.4305062,216.2419058,419.1459977,670.6335964,448.732774,197.2451754,345.179057,0,0
5190,1162.279223,0,14.73571123,0,36.83927807,0,12.89374733,71.83659224,0,0,31.31338636,79.20444786,88.41426738,114.201762,71.83659224,197.0901377,443.9133008,165.3836049,408.8650232,195.2445335,119.4437146,241.1844238,32.15792317,0
5191,1509.440354,138.799113,46.26637099,92.53274199,72.29120468,40.48307462,0,199.5237249,43.37472281,176.3905394,69.39955649,219.7652622,150.3657057,37.59142643,40.48307462,109.8826311,72.29120468,330.3925238,239.6965368,505.3062128,155.4788347,278.5662455,0,0
5192,2190.566431,107.9096764,53.95483821,107.9096764,205.0283852,507.1754791,125.8946225,158.2675254,215.8193528,0,169.058493,111.5066656,161.8645146,183.4464499,28.77591371,0,53.95483821,474.1932039,494.8102998,716.4440798,226.7880541,170.0910405,108.2397531,0
5193,2797.590864,38.92300332,87.57675748,53.51912957,77.84600665,0,252.9995216,180.0188904,0,92.4421329,248.1341462,199.480392,126.4997608,369.7685316,564.3835482,457.3452891,48.65375416,1165.66286,670.2561445,495.4067155,155.4217147,310.8434293,0,0
5194,1898.220216,27.02092834,141.8598738,165.5031861,54.04185669,30.39854439,27.02092834,0,87.81801711,60.79708877,233.055507,307.3630599,124.9717936,219.5450428,287.0973636,131.7270257,0,556.66282,205.9652434,818.2943454,233.7983844,33.3997692,50.0996538,0
5195,1088.177578,21.54807086,0,0,51.17666829,48.48315943,53.87017715,0,180.4650935,91.57930115,32.32210629,0,183.1586023,118.5143897,45.78965058,121.2078986,140.0624606,227.3803895,454.760779,172.1594378,194.8974767,38.97949535,0,0
5196,2860.526507,114.4210603,213.2392487,88.41627387,41.60765829,182.033505,41.60765829,0,135.2248894,36.406701,124.8229749,88.41627387,416.0765829,322.4593518,275.6507362,452.4832839,327.660309,775.736002,639.1006835,590.6171834,484.8350013,370.2376373,0,0
5197,2419.977003,38.98697128,86.32829354,41.77175494,36.20218761,153.1631014,116.9609138,284.0479336,130.8848321,80.75872621,150.3783178,261.7696643,200.5044237,139.2391831,125.3152648,373.1610108,200.5044237,526.5523732,771.7959442,382.291449,602.2893584,57.70436966,25.24566173,54.09784656
5198,1653.583279,0,22.91339417,30.55119222,68.74018251,26.7322932,34.37009125,38.18899028,0,26.7322932,122.2047689,190.9449514,198.5827495,290.2363261,106.9291728,416.2599941,80.19687959,306.3113604,503.0479253,291.3693429,383.5117846,131.987822,37.35504396,0
5199,1688.096374,26.92875572,26.92875572,77.42017269,20.19656679,47.1253225,57.2236059,25.24570848,0,0,90.88455054,210.380904,139.6929203,339.9755409,151.4742509,235.6266125,238.992707,239.5076907,453.0446679,545.3849824,375.1325276,37.51325276,0,37.51325276
5200,1041.483391,0,0,84.94368085,0,33.23883164,0,0,0,0,144.0349371,29.54562812,62.78445976,118.1825125,240.0582285,73.8640703,254.8310425,301.0712159,312.2220017,149.4205294,46.83330025,231.9363441,0,0
5201,2277.864259,89.83943007,191.2710447,147.8003527,0,147.8003527,188.3729985,176.780814,0,43.47069197,211.5573676,828.8411936,17.38827679,14.49023066,0,144.9023066,75.34919942,535.968061,675.1136153,587.5034515,417.4366629,0,0,61.84246858
5202,1307.43724,0,38.45403646,0,0,76.90807293,0,48.06754558,0,28.84052735,0,38.45403646,394.1538737,33.64728191,139.3958822,192.2701823,317.2458008,248.7319627,392.2311719,178.5767937,261.4874479,169.0101798,57.3996837,0
5203,1574.406179,88.53043865,157.9191608,122.0284425,57.42514939,0,26.31986014,88.53043865,0,47.85429116,0,227.307883,157.9191608,74.1741513,59.81786395,174.6681627,291.9111761,342.5682596,502.1205996,248.7139419,391.8417764,37.54172708,16.4245056,35.19536913
5204,1283.075055,78.76302319,116.8741634,165.1482744,35.57039757,38.11114025,0,0,33.02965489,0,40.65188294,96.54822197,289.6446659,30.4889122,147.3630756,78.76302319,132.1186195,153.1472409,321.2356761,390.3386995,306.2944819,112.0589568,0,0
5205,1495.229079,372.1459042,0,325.6276662,0,0,46.51823802,0,73.10008832,0,0,392.0822919,86.39101347,66.45462575,0,132.9092515,0,411.2840912,538.1287175,180.657498,134.5321794,134.5321794,96.09441384,0
5206,1818.028025,83.69438479,0,0,195.2868978,55.79625653,74.3950087,74.3950087,0,153.4397054,162.7390815,627.7078859,260.3825305,65.09563261,65.09563261,0,0,202.3778878,468.8421067,536.3014026,404.7557755,77.57819031,128.1726623,0
5207,1196.792318,36.19787729,56.55918327,31.67314263,29.4107753,33.93550996,11.31183665,33.93550996,79.18285658,0,29.4107753,90.49469324,113.1183665,117.6431012,85.96995858,199.0883251,248.8604064,231.5711163,372.9729484,237.7190221,159.8455493,153.6976436,40.98603829,0
5208,1773.36402,71.89313595,63.90500973,27.95844176,51.92282041,39.94063108,0,0,35.94656797,27.95844176,27.95844176,127.8100195,467.3053837,71.89313595,123.8159564,219.673471,415.3825633,231.3083504,636.0979637,115.6541752,221.6705025,568.6330282,0,0
5209,1756.107473,0,45.83641038,0,63.02506427,0,169.0217633,0,0,191.9399685,51.56596168,37.24208343,320.8548727,120.3205772,180.4808659,378.1503856,197.6695198,229.7710712,633.5116677,331.5268313,433.2825914,36.10688262,91.90842847,0
5210,2383.433726,415.9011871,293.2636575,58.65273151,0,442.5615196,95.97719702,154.6299285,90.64513051,0,58.65273151,207.9505935,426.5653201,0,138.633729,0,0,569.2576086,989.5506094,446.8938236,305.9094626,71.82222165,0,0
5211,2993.503432,90.7122252,113.3902815,102.0512534,391.1964712,260.7976475,170.0854223,85.04271113,28.34757038,130.3988237,79.37319705,215.4415349,703.0197453,396.8659853,226.780563,0,0,1062.442465,753.7598569,610.1865508,516.8639019,28.71466122,0,21.53599591
5212,1391.689795,90.40036274,149.8742856,90.40036274,97.53723348,128.4636734,102.2951473,107.0530611,0,0,157.0111563,252.1694329,97.53723348,52.33705211,49.9580952,16.6526984,0,45.6291736,370.7370355,553.2537299,119.7765807,233.8495147,68.4437604,0
5213,1005.955205,272.4715429,97.31126534,162.9963694,208.0028297,13.38029898,0,75.41623064,26.76059797,36.4917245,57.17036839,0,55.95397757,0,0,0,0,242.5223076,177.6219718,288.6357041,181.0377789,116.1374431,0,0
5214,1324.693787,0,116.5419754,0,0,27.1931276,0,34.96259262,0,34.96259262,23.30839508,0,202.0060907,205.8908232,163.1587656,411.7816465,104.8877779,266.1215197,521.8938693,90.18562614,356.3071459,50.26739817,29.56905775,10.34917021
5215,1012.045752,97.35563158,0,81.5070404,104.1478849,18.11267564,86.03520931,115.4683072,0,156.2218274,15.84859119,115.4683072,117.7323917,61.1302803,0,0,43.01760465,293.5370795,429.3527431,153.3402654,96.38530967,39.43035396,0,0
5216,1668.399778,73.69256971,0,47.16324462,29.47702788,117.9081115,0,85.48338086,91.37878644,58.95405577,138.5420311,194.548384,185.7052757,206.3391952,26.5293251,412.6783904,0,392.5646537,412.869722,446.7115025,335.0336269,64.29938293,16.92089025,0
5217,2509.712212,232.0415184,0,0,97.70169196,48.85084598,280.8923644,0,116.0207592,183.1906724,0,250.3605856,170.9779609,274.7860086,500.7211713,42.74449023,311.4241431,515.4421169,1037.02045,165.6778233,589.076705,202.4951174,0,0
5218,1525.132806,40.56204271,28.3934299,0,28.3934299,36.50583844,0,93.29269823,0,32.44963417,32.44963417,296.1029118,64.89926833,312.3277289,279.8780947,146.0233537,133.8547409,275.0239486,635.0552995,280.024384,30.00261257,150.0130629,45.00391886,110.0095794
5219,2051.461116,103.8188824,99.66612709,0,33.22204236,74.74959532,99.66612709,128.7354142,120.4299036,45.68030825,224.2487859,145.3464353,203.4850095,149.4991906,352.9842001,232.5542965,37.37479766,735.040894,853.8513834,291.4817338,58.61317474,72.87043346,39.60349645,0
5220,2008.785848,132.1058391,66.05291955,0,221.4715538,104.9075781,489.5686978,108.793044,54.39652198,182.6168952,120.4494415,62.16745369,62.16745369,132.1058391,58.28198784,101.0221123,112.6785098,1039.987742,414.7570163,213.5689114,99.04645165,102.1416533,102.1416533,37.14241937
5221,1688.721335,74.59016496,0,47.73770557,29.83606598,119.3442639,0,86.52459135,92.49180455,59.67213197,140.2295101,196.9180355,187.9672157,208.8524619,26.85245938,417.7049238,0,363.0750869,768.3682073,371.5186936,98.50874452,70.36338894,16.88721335,0
5222,1548.502596,46.64164445,46.64164445,0,171.019363,40.42275852,43.53220148,0,0,37.31331556,83.95496001,71.51718815,139.9249333,254.974323,74.62663112,264.3026519,273.6309808,247.7604153,789.7363238,314.8621944,77.42512978,0,46.45507787,72.26345446
5223,1474.328915,58.19719401,0,135.7934527,0,58.19719401,81.47607161,193.9906467,81.47607161,139.6732656,0,93.11551041,205.6300855,128.0338268,162.9521432,69.83663281,65.95681988,450.416649,361.3807997,337.8124867,272.3449505,52.37402895,0,0
5224,1330.045865,88.15865962,15.3319408,68.99373361,43.44049894,39.60751374,10.22129387,38.32985201,25.55323467,25.55323467,34.49686681,53.66179281,201.8705539,135.4321438,75.38204228,173.7619958,300.2505074,172.9828437,430.5350776,253.7081707,442.0672671,30.75250554,0,0
5225,2265.853536,44.27067299,44.27067299,112.6889858,76.46752607,0,0,0,56.34449289,56.34449289,470.8789763,197.2057251,378.3130237,44.27067299,112.6889858,402.4606635,269.6486446,435.3993068,817.4844129,177.7140028,559.7991088,213.2568034,62.19990098,0
5226,2406.072275,411.9345529,79.57826589,0,98.30256375,177.8808296,149.7943829,131.070085,84.25934036,149.7943829,32.76752125,229.3726487,215.3294254,117.0268616,51.49181911,28.08644679,449.3831486,492.1511471,724.5558554,464.8094167,437.4676863,287.0881691,0,0
5227,2122.586563,50.53777531,0,39.30715858,202.1511013,247.0735682,39.30715858,0,39.30715858,33.69185021,123.5367841,207.7664096,623.2992289,230.2276431,185.3051762,101.0755506,0,585.5411209,799.0196545,195.1803736,134.1865069,207.379147,201.2797603,0
5228,1574.920619,269.6362149,52.08881425,0,64.34500583,116.4338201,98.0495327,85.79334111,55.15286214,98.0495327,21.44833528,150.1383469,140.9462033,76.60119742,33.70452686,18.38428738,294.1485981,287.3617537,525.7160765,267.3132592,262.8580382,77.96636727,118.0633562,35.6417679
5229,1227.422005,65.17284982,135.7767705,103.1903455,0,160.2165891,65.17284982,138.4923059,0,0,29.8708895,195.5185495,168.3631954,143.9233767,0,0,21.72428327,170.2464526,505.2475367,172.9923631,291.0665157,24.71319473,63.15594209,0
5230,1158.328713,270.2766998,139.5934603,89.10220871,109.8927241,37.1259203,29.70073624,32.67080986,99.4974664,0,59.40147248,144.0485708,44.55110436,11.8802945,17.82044174,43.06606755,29.70073624,424.1987585,253.5800697,206.6207975,148.7043618,103.3103988,21.91432701,0
5231,1849.26163,166.1445996,0,0,238.381382,0,0,0,115.5788519,86.68413891,122.8025301,0,599.5652941,325.0655209,0,93.90781715,101.1314954,466.5310495,607.05245,202.3508167,213.5925287,359.7347852,0,0
5232,1642.997833,418.376106,76.26647765,67.55030878,15.25329553,17.43233775,39.22275993,93.6988154,52.29701325,21.79042219,135.1006176,172.1443353,331.2144172,76.26647765,21.79042219,76.26647765,28.32754884,345.658014,583.5784652,444.4174466,112.2266279,76.31410699,80.8031721,0
5233,927.6790484,92.0597529,61.3731686,198.2825447,207.7245706,16.52354539,23.60506485,80.25722048,37.76810375,0,25.96557133,77.89671399,16.52354539,56.65215563,0,33.04709078,0,81.03220604,486.1932362,58.67849403,206.7718361,19.55949801,16.76528401,58.67849403
5234,1804.554206,34.7029655,78.08167237,57.83827583,0,72.29784479,37.59487929,49.16253446,28.91913792,115.6765517,263.164155,37.59487929,193.758224,228.4611895,216.8935344,196.6501378,193.758224,232.0141122,640.8008813,486.1248065,419.8350602,25.7793458,0,0
5235,987.6276397,11.45075524,34.35226573,0,12.40498485,19.08459207,0,7.633836829,6.679607225,21.94728088,65.84184265,85.88066433,137.4090629,208.0220536,108.7821748,164.1274918,104.0110268,210.3433243,279.3622275,226.7763965,126.534656,83.80866826,60.80236717,0
5236,1458.07167,89.53071657,0,0,121.5059725,0,0,0,0,0,51.16040947,223.8267914,159.8762796,281.3822521,121.5059725,198.2465867,211.036689,122.5812466,400.0019625,503.2282754,354.8404506,77.41973468,0,0
5237,1371.705055,106.2944877,35.43149589,98.70202427,27.83903249,98.70202427,25.30821135,0,113.8869511,0,192.3424063,116.4177722,108.8253088,124.0102356,283.4519671,40.49313816,0,800.8930924,388.1521347,89.57356955,91.32991405,0,1.756344501,0
5238,917.5182703,0,0,0,44.06161185,25.91859521,0,20.73487616,23.32673568,49.24533089,88.1232237,69.98020705,194.389464,178.8383069,28.51045473,75.16392609,119.2255379,178.2742753,204.421169,368.4335023,102.2105845,49.91679709,0,14.26194202
5239,2555.435714,75.36137494,130.1696476,54.80827269,301.4454998,89.06344311,0,294.5944657,137.0206817,75.36137494,534.3806587,315.1475679,198.6799885,54.80827269,143.8717158,0,150.7227499,1140.442385,934.5291764,411.8264167,0,68.63773612,0,0
5240,2355.268384,88.5439242,0,88.5439242,88.5439242,0,147.573207,0,94.44685248,0,135.7673504,0,200.6995615,407.3020513,242.0200595,737.866035,123.9614939,300.4168857,865.2006307,793.1005782,0,396.5502891,0,0
5241,3218.93453,283.1737737,0,0,167.5926416,0,346.7433964,0,63.56962267,0,86.68584909,780.1726418,658.8124531,369.8596228,109.8020755,92.4649057,260.0575473,933.3005441,1109.48483,542.8380716,242.848611,314.274673,76.18779952,0
5242,1637.917444,44.61253738,60.54558644,156.1438808,25.4928785,98.78490419,47.79914719,41.42592756,133.8376121,63.73219625,200.7564182,178.4501495,95.59829438,133.8376121,124.2777827,127.4643925,105.1581238,615.1986571,352.6616506,368.3355017,180.2492881,94.04310682,27.42923949,0
5243,2062.637972,294.0011475,250.0167239,32.40957532,34.72454498,34.72454498,141.2131496,76.39399896,104.1736349,37.03951465,180.5676339,175.9376946,166.6778159,268.5364812,69.44908996,74.07902929,122.6933923,683.1667168,630.6154309,232.1015128,451.065204,26.27564295,39.41346443,0
5244,696.0133058,32.87620454,0,23.25390077,129.9011009,32.07434589,83.39329931,12.82973836,13.631597,68.15798501,24.85761806,97.02489631,96.22303767,42.4985083,0,20.84832483,18.44274889,173.5317727,141.4661191,247.0941546,133.9212594,0,0,0
5245,2210.985333,0,0,196.4073266,0,0,241.3004298,0,0,202.0189645,84.17456853,230.077154,224.4655161,645.3383587,325.4749983,61.72801692,0,609.9269885,832.2962031,203.3089962,139.7749349,216.0158084,209.6624023,0
5246,2573.725115,0,0,148.8931885,0,56.72121465,0,0,113.4424293,205.6144031,141.8030366,0,510.4909318,432.4992617,631.023513,241.0651623,92.1719738,410.4439676,1137.171228,275.2388959,321.1120453,304.2114113,79.67441725,45.87314932
5247,1289.402752,0,99.18482707,0,169.5740592,41.59363716,70.38923211,0,0,73.58874266,73.58874266,0,124.7809115,118.3818904,41.59363716,198.3696541,278.3574179,220.8151502,339.1089806,457.4028111,208.9857671,63.09004291,0,0
5248,2781.00499,0,129.3490693,121.2647525,113.1804356,0,0,56.59021781,161.6863366,210.1922376,145.5177029,97.01180197,315.2883564,436.5531088,0,420.3844752,573.986495,315.1805655,1168.022096,472.7708482,658.1711809,64.89011643,0,101.970183
5249,1921.403155,27.15764177,0,67.89410442,40.73646265,40.73646265,95.05174619,20.36823133,88.26233575,88.26233575,88.26233575,149.3670297,285.1552386,183.3140819,115.4199775,169.7352611,461.6799101,95.7964536,818.3754179,520.037891,418.7673543,68.42603829,0,0
5250,2961.866841,77.94386425,147.2272991,0,173.2085872,0,0,0,155.8877285,147.2272991,155.8877285,510.9653323,684.1739195,554.2674791,181.8690166,173.2085872,0,423.1238345,2004.801025,151.1156552,292.1569333,0,90.6693931,0
5251,1894.985132,176.865279,105.659777,13.78171005,135.5201488,101.0658737,68.90855025,20.67256507,149.3018589,174.5683273,124.0353904,248.0707809,227.3982158,140.1140522,82.6902603,39.04817847,87.28416365,981.0708849,391.2604124,201.4699139,93.43532237,96.35517619,96.35517619,35.03824589
5252,2611.319994,457.9091933,0,0,49.50369657,309.3981036,327.9619898,0,0,0,321.7740277,241.3305208,266.0823691,173.262938,278.4582932,185.6388621,0,1412.348168,572.3905045,294.6625674,206.6024898,54.190817,0,71.12544731
5253,2051.461116,0,39.62049365,17.60910829,83.64326438,198.1024683,259.7343473,114.4592039,286.1480097,0,22.01138536,132.0683122,184.8956371,233.3206849,26.41366244,365.388997,88.04554145,798.5117635,558.3090379,564.8010034,129.8393111,0,0,0
5254,1624.708432,117.3545416,44.33393795,109.5309055,0,39.11818055,36.51030184,20.86302963,41.72605925,33.90242314,174.7278731,119.9624203,174.7278731,26.07878703,260.7878703,216.4539324,208.6302963,504.2198582,759.4422556,236.5475878,0,124.4987304,0,0
5255,1210.148682,39.29054162,0,45.18412287,92.33277282,68.75844784,0,0,0,15.71621665,39.29054162,51.07770411,102.1554082,121.800679,245.5658852,102.1554082,286.8209539,492.1778707,235.940938,190.27495,197.885948,45.665988,30.443992,17.75899533
5256,1495.666549,0,0,0,33.28634753,0,84.32541375,64.35360523,130.9263003,0,133.1453901,270.7289599,184.1844563,55.47724589,115.3926714,230.7853429,193.0608157,490.0227814,502.8218839,263.2958228,204.78564,0,34.74042107,0
5257,1514.972028,0,74.4686711,0,86.10440096,0,37.23433555,0,39.56148152,39.56148152,123.3387365,134.9744664,225.7331593,197.8074076,97.74013082,258.3132029,200.1345536,784.3306645,312.7985388,161.0679043,74.69815853,77.03247598,77.03247598,28.01180945
5258,2380.670329,41.22372864,87.60042337,36.07076256,46.37669472,103.0593216,41.22372864,0,164.8949146,139.1300842,77.29449121,144.2830503,355.5546595,407.0843204,175.2008467,97.90635553,463.7669472,812.9118197,767.2892176,481.111077,228.1130106,91.24520425,0,0
5259,1046.560153,93.44287082,0,53.72965072,168.1971675,70.08215312,35.04107656,0,121.4757321,0,114.4675168,100.4510861,60.73786604,182.2135981,14.01643062,21.02464594,11.68035885,165.9742974,355.0005806,225.9094604,299.6758148,0,0,0
5260,2495.487123,175.4639383,220.0262084,147.6125195,247.8776271,116.9759589,94.69482385,58.48797944,52.91769568,144.8273777,403.8455723,33.42170254,398.2752885,192.1747896,86.33939822,122.5462426,0,484.8744409,555.9893589,1002.073845,277.9946795,135.7648435,0,38.78995527
5261,2057.557583,116.0444624,31.24273987,62.48547974,58.02223119,84.8017225,209.772682,107.1179653,84.8017225,26.77949132,0,330.2803929,508.810335,165.1401965,129.434208,89.26497105,53.55898263,342.9262638,988.0926245,348.7385734,377.8001211,0,0,0
5262,2320.721738,85.82550806,154.4859145,175.0840364,226.5793413,188.8161177,278.0746461,199.1151787,0,85.82550806,243.7444429,278.0746461,192.249138,20.59812193,89.25852838,102.9906097,0,551.9319489,643.1962869,595.3911575,365.057352,134.7235466,30.421446,0
5263,2098.200696,78.8797254,0,78.8797254,78.8797254,0,131.466209,0,84.13837376,0,120.9489123,0,178.7940442,362.8467368,215.6045828,657.331045,110.4316156,603.2694847,491.4439217,394.3322485,235.4222379,67.6838934,214.8227921,91.2261172
5264,2042.316416,0,0,0,98.07734199,57.69255411,0,46.15404329,51.9232987,109.6158528,196.154684,155.7698961,432.6941558,398.0786234,63.46180952,167.3084069,265.3857489,696.1211125,295.2420282,292.5333858,419.8395814,154.3926203,151.6839778,32.50370953
5265,1481.44146,53.50578635,217.3672571,80.25867953,0,0,36.78522812,0,0,26.75289318,0,113.699796,260.8407085,290.9377133,107.0115727,63.53812129,230.7437036,400.3895837,455.8281414,335.7112663,264.8731092,24.639359,0,0
5266,2707.847387,0,0,0,114.921905,0,0,208.2959528,0,0,229.84381,359.1309532,517.1485725,833.1838113,0,308.8526197,136.4697622,551.7877694,1083.138955,567.1152074,306.5487608,61.30975215,137.9469423,0
5267,2417.249131,28.02607688,84.07823063,0,30.36158328,46.71012813,0,18.68405125,16.34854484,53.71664735,161.149942,210.1955766,336.3129225,509.1403966,266.2477303,401.7071019,254.5701983,347.3328848,760.3773964,605.4857046,558.5488282,145.5043166,0,0
5268,2031.13956,0,0,22.2387543,0,122.3131487,181.6164935,48.18396765,18.53229525,74.129181,129.7260668,259.4521335,511.4913489,122.3131487,203.8552478,252.0392154,85.24855816,512.4151472,666.7570591,222.252353,234.599706,395.1152943,0,0
5269,2625.545083,184.6086387,231.4933723,155.3056802,260.7963308,123.0724258,99.63005897,61.53621289,55.67562119,152.3753843,424.8928985,35.16355022,419.0323068,202.1904138,90.83917141,128.9330175,0,1125.954911,323.1440103,535.207267,368.5861367,85.83512773,116.1298787,70.68775225
5270,1593.21002,108.2343763,139.9831267,165.959377,160.186877,46.18000057,134.2106267,30.30562537,90.91687612,12.98812516,165.959377,194.8218774,132.7675016,155.8575019,31.74875039,10.10187512,12.98812516,442.5583388,661.7300875,370.9060363,118.015557,0,0,0
5271,2350.187995,440.3162519,176.1265008,0,49.53557834,99.07115668,44.03162519,253.1818448,176.1265008,181.6304539,0,302.7174232,170.6225476,242.1739386,176.1265008,38.52767204,0,932.1420738,366.9069865,396.6562016,495.820252,158.6624806,0,0
5272,2230.290812,587.1192907,152.4985171,102.936499,137.2486654,0,163.9359058,60.99940682,0,26.68724049,259.247479,60.99940682,243.9976273,171.5608317,49.56201804,213.4979239,0,1093.492097,249.0130518,75.78658099,443.8928315,368.1062505,0,0
5273,1732.412681,380.2857104,21.12698391,112.6772475,169.0158713,73.94444369,0,140.8465594,59.85978775,0,151.4100514,172.5370353,281.6931188,56.33862377,45.77513181,66.90211572,0,504.2927638,610.8783007,311.802466,272.0317433,17.49911799,0,15.90828908
5274,1342.238798,92.568193,80.99716887,23.14204825,73.28315279,23.14204825,65.56913671,53.99811258,169.7083538,158.1373297,38.57008042,304.7036353,131.1382734,96.42520104,0,30.85606433,0,499.3886895,223.3552789,187.5341492,235.9980305,31.60687908,103.2491383,61.1066329
5275,1256.888262,0,83.79255078,127.8938933,30.87093976,57.33174527,343.9904716,0,0,132.3040275,39.69120826,145.5344303,136.7141618,52.92161102,44.10134252,61.74187952,0,548.3372488,381.3538891,40.61757399,142.161509,117.3396582,27.07838266,0
5276,1879.743965,86.34866268,239.1193736,13.28440964,73.06425304,106.2752771,219.1927591,531.3763857,53.13763857,0,152.7707109,219.1927591,0,172.6973254,13.28440964,0,0,412.49937,459.4929691,370.7272819,62.65813215,224.5249735,349.8412378,0
5277,654.3541152,37.43817077,29.299438,21.16070522,27.67169144,35.81042422,29.299438,11.39422589,68.36535532,17.90521211,40.69366388,118.8254985,37.43817077,102.548033,39.06591733,14.649719,22.78845177,66.68110245,233.0174789,104.0518302,160.4743015,68.14662118,16.12070609,5.86207494
5278,2508.696134,304.7063272,773.6067374,472.0579888,328.3881661,64.73035966,165.7728723,121.566773,61.57278114,47.3636778,72.62430596,42.62731002,0,39.4697315,0,14.20910334,0,1248.594177,914.8685444,172.6167065,74.80057281,51.78501195,46.03112173,0
5279,820.9908775,34.74126208,42.96945573,63.99706172,26.51306843,13.71365608,33.82701834,43.88369946,55.76886807,13.71365608,42.96945573,89.59588641,162.7353855,31.99853086,45.71218694,61.2543305,57.59735555,326.1078747,158.2862784,151.6115558,59.11897143,110.6096885,0,15.25650876
5280,2930.368429,247.5243087,55.89258584,55.89258584,343.3401702,311.4015497,0,151.7084473,95.81586144,263.493619,55.89258584,399.232756,47.90793072,303.4168946,151.7084473,183.6470678,263.493619,714.4013326,1124.520616,535.8009994,310.8968762,105.8372345,138.9113702,0
5281,2653.995262,115.0967333,304.6678235,108.3263372,54.16316862,169.2599019,230.1934666,0,196.3414862,67.70396077,304.6678235,548.4020823,487.4685176,0,0,0,67.70396077,1054.200209,511.6878206,490.1106234,191.1123185,357.5649831,0,49.31930801
5282,1808.618517,0,0,103.8281001,50.23940326,50.23940326,53.58869681,117.2252743,277.9913647,0,304.7857131,294.7378324,348.3265292,60.28728391,50.23940326,50.23940326,46.89010971,472.6038336,605.9023508,269.6265461,378.6889693,81.79681736,0,0
5283,1907.178066,255.84096,0,190.7178066,125.5946531,0,51.16819201,65.12315346,0,0,200.0211142,251.1893062,465.1653819,227.9310371,0,74.4264611,0,704.4882242,470.9562162,291.91501,272.4540094,167.3646058,0,0
5284,1800.489895,0,103.874417,43.28100708,199.0926326,49.05180803,77.90581275,0,0,213.5196349,121.1868198,461.6640756,245.2590401,187.5510307,98.10361606,0,0,522.0355316,620.5830554,303.6329112,135.8357761,175.7874749,42.61514544,0
5285,923.6147372,0,59.12765426,24.46661555,16.31107704,0,20.3888463,63.20542352,20.3888463,22.42773092,20.3888463,65.24430814,191.6551552,226.3161939,46.89434648,93.78869296,53.01100037,247.5890321,232.5183954,94.72971663,234.6713435,105.4944572,8.611792421,0
5286,2170.342221,354.8337281,258.3740739,34.44987652,151.5794567,27.55990121,0,48.22982713,20.66992591,24.11491356,48.22982713,134.3545184,392.7285923,382.3936294,137.7995061,155.0244443,0,780.3477647,536.4890883,609.6466912,121.9293382,121.9293382,0,0
5287,1415.396401,0,0,0,67.97101363,39.98294919,0,31.98635935,35.98465427,75.96760347,135.9420273,107.9539628,299.8721189,275.8823494,43.98124411,115.9505527,183.9215663,285.7064662,407.2138139,279.1385014,170.7670832,213.458854,59.11168266,0
5288,2635.705862,0,0,0,75.84765069,246.5048648,82.16828825,0,0,0,391.8795286,493.0097295,480.3684544,0,676.3082187,189.6191267,0,757.8116432,617.3392411,495.3500497,295.731373,85.02276973,269.8548778,114.595907
5289,1094.315811,215.1744572,116.808991,0,65.57697742,65.57697742,49.18273307,147.5481992,47.13345252,38.93633034,0,116.808991,55.3305747,92.2176245,63.52769688,20.49280544,0,441.667716,231.8465701,159.9741333,171.5664618,60.28010822,17.38849275,11.5923285
5290,962.2256943,55.05271385,43.08473258,31.11675131,40.69113633,52.6591176,43.08473258,16.75517378,100.5310427,26.3295588,59.83990636,174.7325266,55.05271385,150.796564,57.44631011,21.54236629,33.51034756,79.242116,464.1323937,169.8045343,160.7482925,88.29835783,0,0
5291,2535.114158,153.8887188,40.49703127,36.44732814,121.4910938,275.3798126,24.29821876,137.6899063,28.34792189,40.49703127,360.4235783,400.9206096,534.5608128,24.29821876,117.4413907,48.59643753,190.336047,1023.176371,537.1004571,370.5993154,397.4543383,139.6461188,40.28253428,26.85502286
5292,2954.754297,165.8280473,165.8280473,0,0,0,0,135.6774932,226.1291554,0,75.37638512,331.6560945,1296.473824,0,135.6774932,271.3549864,150.7527702,474.5514477,949.1028953,1190.85552,340.2444342,0,0,0
5293,2106.329318,52.65823295,31.59493977,63.18987954,21.06329318,49.14768409,98.29536818,179.037992,147.4430523,126.3797591,38.6160375,270.3122625,235.2067739,98.29536818,108.8270148,203.6118341,382.6498261,374.4585454,976.266922,254.0968701,187.2292727,314.2777078,0,0
5294,1492.618316,143.2647044,0,53.30779699,29.98563581,39.98084774,176.5820775,0,56.6395343,113.2790686,123.2742805,86.6251701,393.1450028,103.2838567,36.64911043,0,136.6012298,448.5669702,298.5236631,437.6263124,164.1098672,50.01443571,93.77706695,0
5295,2409.120508,87.72707732,80.97884061,141.7129711,0,215.943575,236.1882851,0,87.72707732,87.72707732,0,688.3201452,458.8800968,87.72707732,0,236.1882851,0,895.5185562,456.5388718,586.4768584,333.6245602,136.9616615,0,0
5296,2234.355123,560.5083299,107.4947482,0,115.1729445,345.5188335,53.7473741,383.909815,307.127852,145.8857297,0,184.2767112,30.7127852,0,0,0,0,1238.571659,446.8710247,330.7549316,218.1575081,0,0,0
5297,1775.087949,154.3554738,84.19389482,143.831237,45.60502636,0,298.1867108,0,0,38.58886846,129.7989212,347.2998162,73.66965797,140.323158,182.4201055,94.71813168,42.09694741,350.5425782,452.4733988,532.0291613,350.5425782,64.63905697,24.86117576,0
5298,1709.042891,44.97481292,84.95242441,0,99.94402871,0,0,0,89.94962584,84.95242441,89.94962584,294.8348847,394.7789134,319.8208919,104.9412301,99.94402871,0,192.7491982,822.3965791,415.4816051,278.4155086,0,0,0
5299,1536.309662,0,0,35.45329989,94.54213304,76.81548309,159.5398495,64.99771646,29.54441657,0,59.08883315,271.8086325,319.079699,171.3576161,206.810916,0,47.27106652,400.7764335,422.485157,359.0288884,197.0484131,156.9707698,0,0
5300,1966.110579,514.6886333,102.9377267,97.79084032,0,72.05640866,0,334.5476116,0,77.20329499,447.779111,0,66.90952233,87.49706766,82.35018132,82.35018132,0,432.3811647,639.0539227,244.7440555,407.9067592,54.38756789,0,187.6371092
5301,2478.2138,32.98787088,82.4696772,94.84012878,140.1984512,41.2348386,37.11135474,0,0,45.35832246,119.5810319,709.2392239,123.7045158,292.767354,127.8279997,276.2734186,354.6196119,425.1329113,938.4031334,290.3346711,658.4375577,134.7982402,0,31.10728619
5302,2397.943652,0,199.8286377,0,133.2190918,0,474.5930145,324.7215362,0,66.60954589,258.1119903,224.8072174,308.0691497,8.326193236,91.5881256,99.91431884,208.1548309,393.4126304,1091.251701,215.44025,618.2198478,79.61922282,0,0
5303,2002.689381,0,0,0,29.487451,66.34676476,0,66.34676476,100.7487909,34.40202617,0,248.1860459,430.0253271,221.1558825,415.2816016,196.5830067,194.1257191,260.4653819,648.2693949,382.0158934,665.6337537,46.30495678,0,0
5304,1379.833678,108.66822,42.96185444,68.23353352,27.79884699,128.8855633,0,0,0,37.90751862,83.39654096,78.34220515,333.5861639,108.66822,53.07052607,199.6462647,108.66822,470.314662,199.4719773,197.6419591,283.6528117,104.311034,102.4810159,21.96021768
5305,2759.667356,0,0,158.4253482,76.65742654,76.65742654,81.76792164,178.8673286,424.1710935,0,465.0550544,449.723569,531.4914907,91.98891185,76.65742654,76.65742654,71.54693144,780.7310397,509.6438731,1068.083436,86.7478933,206.0262466,108.4348666,0
5306,2602.175294,355.161763,70.32906199,137.1416709,63.29615579,130.1087647,98.46068679,0,242.6352639,0,312.9643259,168.7897488,467.6882622,270.7668887,112.5264992,77.36196819,94.94423369,406.1198435,947.6129682,496.3686976,711.9631825,0,40.11060183,0
5307,2730.201099,0,0,48.38331061,0,0,89.85471971,82.94281819,48.38331061,41.4714091,69.11901516,193.5332424,711.9258561,241.9165531,407.8021894,677.3663486,117.5023258,478.6716212,1165.654041,354.5715713,412.1894516,79.77860354,239.3358106,0
5308,2034.187793,0,169.5156494,0,113.0104329,0,402.5996674,275.4629303,0,56.50521647,218.9577138,190.7051056,261.3366262,7.063152059,77.69467265,84.75782471,176.5788015,452.0417318,1277.017892,0,75.34028863,214.7198226,15.06805773,0
5309,3371.346202,121.2714461,274.8819446,0,250.6276553,0,0,0,121.2714461,0,363.8143384,331.4752861,679.1200983,460.8314953,226.3733661,291.0514707,250.6276553,1429.276222,1112.871562,130.9260661,0,698.2723526,0,0
5310,3128.503604,0,56.57932049,63.23571114,0,49.92292985,0,0,66.56390646,103.174055,329.491337,83.20488308,579.1059862,342.8041183,602.4033535,539.1676423,312.8503604,1341.646738,385.0465974,637.7334269,439.1937751,102.2780024,138.3761209,84.22894318
5311,1135.975001,42.70582712,0,42.70582712,42.70582712,0,71.17637853,0,45.55288226,0,65.48226824,0,96.7998748,196.4468047,116.7292608,355.8818926,59.78815796,408.4404499,280.8028093,319.0941015,63.8188203,63.8188203,0,0
5312,1744.605615,211.9614298,97.82835222,0,228.2661552,0,48.91417611,130.437803,717.4079163,0,228.2661552,0,0,81.52362685,0,0,0,279.551048,383.0884732,388.2653445,269.1973055,424.5034433,0,0
5313,1915.306688,134.5198677,166.5484077,486.833807,76.86849585,83.27420383,352.3139393,0,89.67991182,96.08561981,0,89.67991182,249.8226115,0,0,0,89.67991182,405.5542632,344.2099208,545.2830429,347.6179399,272.6415215,0,0
5314,2116.490096,90.44829471,66.32874946,120.5977263,168.8368168,0,138.6873852,108.5379537,54.26897683,48.23909051,247.2253389,162.8069305,428.1219283,180.8965894,241.1954526,60.29886314,0,893.6291518,329.2317928,466.4117064,270.4404012,156.7770442,0,0
5315,2127.666952,0,0,34.52603574,43.15754467,60.42056254,21.57877234,51.78905361,56.10480807,103.5781072,69.05207147,233.0507412,146.7356519,189.8931966,267.576777,215.7877234,634.4159067,315.7668268,924.7457072,398.4676624,345.839858,112.7738667,30.07303113,0
5316,3373.378358,108.6184384,0,49.65414326,148.9624298,133.44551,310.3383954,55.86091117,127.2387421,49.65414326,186.2030372,263.7876361,499.6448166,831.7068997,217.2368768,297.9248596,93.10151862,553.4448869,1535.150698,303.0769619,869.6991079,112.0067033,0,0
5317,1768.991482,347.8354038,188.8249335,0,106.0069802,106.0069802,79.50523516,238.5157055,76.19251703,62.9416445,0,188.8249335,89.44338955,149.0723159,102.6942621,33.12718132,0,773.9337735,552.8098382,248.7644272,33.78282345,116.7042992,42.99632075,0
5318,1764.927171,236.7585229,0,176.4927171,116.2269113,0,47.35170459,60.26580584,0,0,185.1021179,232.4538225,430.4700417,210.9303204,0,68.87520667,0,481.3437739,485.354972,356.9966323,356.9966323,84.23516044,0,0
5319,1791.345194,83.89219918,42.76857213,111.8562656,213.8428607,78.95736394,146.4001123,64.1528582,50.99329754,87.18208935,176.0091238,289.5103344,157.9147279,134.8854967,60.86296803,32.89890164,59.21802295,303.4749506,649.0991998,282.4003012,387.7735479,59.00901817,54.7940883,54.7940883
5320,1841.133007,231.3723298,137.8388348,59.07378633,63.99660186,88.6106795,152.6072814,78.76504845,113.2247571,44.30533975,157.5300969,241.2179609,88.6106795,191.9898056,0,191.9898056,0,840.0169346,310.691195,138.0849756,304.9376544,195.620382,0,51.78186583
5321,1755.782471,0,0,0,0,79.2934019,124.6039173,30.20701025,0,90.62103074,120.828041,105.7245359,426.6740198,313.3977313,249.2078345,117.0521647,98.17278331,754.6784304,354.2368143,441.5125511,66.74026935,138.6144056,0,0
5322,1089.235422,0,27.15545372,51.29363481,33.189999,0,0,0,27.15545372,51.29363481,24.13818109,226.2954477,108.6218149,307.7618089,42.2418169,96.55272435,93.53545172,127.1256195,531.616227,309.1463929,0,66.45202837,54.89515387,0
5323,1813.698906,76.72161194,168.7875463,177.9941397,131.9611725,208.6827845,153.4432239,79.79047642,165.7186818,73.65274747,193.3384621,196.4073266,58.30842508,128.8923081,0,0,0,822.8819112,348.4652991,130.14969,247.7042488,214.117232,50.38052518,0
5324,1905.14591,485.625428,0,198.452699,114.4021441,39.69053979,30.35158925,289.5074667,53.6989656,0,126.0758323,203.1221742,329.1980065,0,35.02106452,0,0,706.0246608,683.6111795,308.1853678,207.324702,0,0,0
5325,1446.894814,265.4666955,68.89975304,58.76743641,34.44987652,131.7201161,164.1435293,64.84682639,143.878896,107.4025562,58.76743641,141.8524327,91.19084961,48.63511979,24.3175599,42.55572982,0,143.4937005,677.6091414,350.7623791,179.3671257,95.66246703,0,0
5326,2965.931153,0,0,211.8522252,123.5804647,0,0,0,132.4076407,653.2110277,414.8772743,723.8284361,308.9511617,150.0619928,0,247.1609294,0,512.4068048,952.4738255,651.0580579,500.3501741,349.6422904,0,0
5327,1625.72451,137.3227788,31.0083694,31.0083694,190.4799834,172.7609152,0,84.16557408,53.15720468,146.1823129,31.0083694,221.4883528,26.57860234,168.3311482,84.16557408,101.8846423,146.1823129,598.4173107,515.8270281,141.997328,263.7093233,97.07980585,8.693713957,0
5328,167.6528401,10.20495548,23.32561253,18.58759749,18.58759749,8.7471047,11.29834357,13.12065705,5.831403133,12.75619435,23.32561253,6.924791221,1.822313479,10.56941818,0,2.551238871,0,62.57465158,56.67138256,28.33569128,10.23233296,9.838781695,0,0
5329,1622.676276,373.888543,159.5257783,199.4072229,89.73325031,124.6295143,171.9887298,52.34439601,0,79.76288916,22.43331258,117.1517435,137.0924657,42.37403487,34.89626401,0,17.448132,1021.09873,514.507112,0,87.07043434,0,0,0
5330,742.7528854,177.5921104,67.90286576,24.02716788,9.401935259,26.11648683,36.56308156,30.29512472,8.357275786,124.3144773,26.11648683,76.26014154,67.90286576,25.07182736,42.8310384,0,0,87.87031904,225.4785545,129.3185827,172.424777,56.36963863,48.07998589,23.21102767
5331,1512.939872,0,330.8394315,118.9535034,193.2994431,230.4724129,44.60756379,48.32486078,286.2318677,0,63.19404871,111.5189095,52.04215776,33.45567285,0,0,0,282.0089434,571.6397501,211.5067075,76.21863335,280.1034776,17.1491925,74.31316752
5332,1098.380122,302.6931266,91.95740556,74.07679892,35.76121327,120.0555017,8.940303318,37.03839946,11.4946757,0,104.7292674,128.995805,145.5992255,10.21748951,14.04904807,0,12.77186188,267.2864175,292.3445192,0,112.7614574,359.1661235,0,66.82160438
5333,2505.647901,0,0,222.5829354,0,0,273.4590349,0,0,228.9424478,95.39268658,260.74001,254.3804975,731.3439304,368.8517214,69.95463683,0,986.7374477,809.3464458,576.5207559,99.78243853,0,0,33.26081284
5334,2456.876166,0,0,64.44265352,112.7746437,96.66398028,72.49798521,0,0,193.3279606,144.9959704,177.2172972,169.1619655,475.2645697,483.3199014,330.2685993,136.9406387,922.7181979,822.6644174,455.8005556,133.4050407,122.2879539,0,0
5335,1939.692556,0,0,111.3527208,53.88034877,53.88034877,57.47237202,125.7208138,298.1379299,0,326.8741159,316.0980461,373.5704182,64.65641853,53.88034877,53.88034877,50.28832552,965.3974418,707.3649458,133.4650841,57.83486978,40.03952524,35.5906891,0
5336,1638.933522,215.733882,83.71762585,90.15744323,51.51853899,0,112.696804,270.4723297,115.9167127,41.85881293,122.3565301,199.6343386,93.37735191,128.7963475,80.49771717,0,32.19908687,1246.457263,207.085463,86.77867021,37.47260759,61.13951765,0,0
5337,693.9811502,362.9441647,0,51.84916639,87.74474312,0,0,83.75634571,0,0,83.75634571,23.93038449,0,0,0,0,0,168.431677,296.3544697,169.4977003,49.03707052,0,10.66023272,0
5338,1105.492667,217.3721536,118.0020262,0,66.24675156,66.24675156,49.68506367,149.055191,47.61485269,39.33400874,0,118.0020262,55.89569663,93.15949439,64.17654058,20.70210986,0,309.5379467,203.4106507,100.2313351,327.2258293,91.38739378,38.32374578,35.37576533
5339,1030.302908,0,152.2249342,0,0,25.98962291,35.27163109,51.97924582,0,79.82527036,98.38928672,12.99481145,150.3685325,76.11246709,122.522508,142.942926,81.681672,583.0577821,11.70798759,145.1790461,187.3278015,103.0302908,0,0
5340,683.820372,96.23299937,55.47549375,45.28611735,75.85424656,26.03951748,13.5858352,11.32152934,90.5722347,46.41827028,126.8011286,15.85014107,37.36104681,30.56812921,0,12.45368227,0,186.4964651,188.0506023,138.3182116,138.3182116,32.63688139,0,0
5341,966.2900056,0,28.66114423,155.5890687,36.85004258,0,53.22783929,0,139.211272,32.75559341,69.60563599,114.6445769,159.6835179,57.32228847,0,77.79453435,40.94449176,564.1846895,273.4316149,63.09960344,64.33685056,0,1.237247126,0
5342,2703.783075,212.9352972,84.18372213,133.7035587,54.4718202,252.5511664,0,0,0,74.27975482,163.4154606,153.5114933,653.6618424,212.9352972,103.9916567,391.2067087,212.9352972,659.1615624,1037.569126,494.3711718,286.8573466,97.6535648,128.1703038,0
5343,1908.194143,44.08369308,31.4883522,37.78602264,34.63718742,25.19068176,72.42321007,31.4883522,0,28.33951698,223.5673006,333.7765333,409.3485786,220.4184654,185.781278,170.0371019,59.82786918,728.1267126,552.3719889,460.3099907,125.5390884,0,0,41.8463628
5344,2534.09808,318.4683404,131.9368839,332.1169835,50.04502491,109.1891453,0,109.1891453,90.99095439,63.69366807,295.7206018,54.59457263,45.4954772,95.54050211,154.6846225,368.5133653,313.9187926,412.1725792,1043.152824,559.7405397,340.9328742,178.0992626,0,0
5345,2061.621894,0,20.71981803,46.61959057,55.25284808,74.24601461,91.51252964,184.7517108,46.61959057,44.89293907,167.4851958,226.1913468,443.7494362,196.8382713,202.0182258,202.0182258,58.70615109,719.6675506,444.1512606,230.3886218,536.7817374,130.6327237,0,0
5346,1723.26798,50.80888394,194.7673885,0,199.0014621,266.7466407,0,190.5333148,0,50.80888394,114.3199889,194.7673885,220.1718304,80.44739958,80.44739958,80.44739958,0,706.9817356,703.8255671,50.4986954,157.8084231,104.1535593,0,0
5347,2167.293987,0,49.36888354,64.1795486,54.30577189,0,419.6355101,118.4853205,49.36888354,123.4222088,701.0381462,64.1795486,404.824845,0,69.11643695,49.36888354,0,512.0892805,925.0645067,221.3547213,287.4307575,171.7976941,49.55702715,0
5348,1889.904743,129.5009674,226.6266929,72.84429415,125.4540622,44.51595754,206.3921668,0,178.0638301,97.12572554,121.4071569,84.98500984,222.5797877,129.5009674,125.4540622,125.4540622,0,240.8894128,940.0562451,377.9809485,244.8063138,39.16901021,27.41830715,19.58450511
5349,1951.88549,137.2419485,172.0970465,115.4575122,193.8814828,91.49463233,74.06708331,45.74731616,41.39042891,113.2790686,315.8743259,26.14132352,311.5174386,150.3126103,67.53175243,95.85151958,0,592.7634893,444.572617,139.7228225,635.1037385,139.7228225,0,0
5350,1098.380122,39.66372663,0,0,103.7359004,0,0,103.7359004,0,0,27.45950305,61.02111789,384.4330427,192.2165213,27.45950305,79.32745325,79.32745325,330.0758679,421.3734483,179.7860046,66.01517357,74.44264254,0,26.68698506
5351,1285.338441,48.03455513,23.18909558,18.22000367,53.00364704,53.00364704,24.84545955,0,54.66001101,26.50182352,134.1654816,142.4473014,337.8982499,226.9218639,54.66001101,87.7872904,0,215.7370174,583.625405,256.6135049,206.6533535,11.35457986,11.35457986,0
5352,1544.438284,17.90653083,53.7195925,0,19.39874174,29.84421806,0,11.93768722,10.44547632,34.32085076,102.9625523,134.2989813,214.87837,325.3019768,170.1120429,256.6602753,162.6509884,214.2173907,635.7419336,217.6725099,366.2426357,31.09607284,79.4677417,0
5353,1186.778892,42.09265036,0,0,16.36936403,0,18.70784461,54.95429353,17.53860432,0,31.56948777,70.15441727,93.53922303,216.3094533,61.96973526,367.1414504,196.4323684,134.5016078,498.4471347,201.7524117,280.8710045,27.69150748,0,43.51522605
5354,2812.503402,412.909476,40.11120624,181.6801694,113.2551706,120.3336187,33.03275808,139.2094805,61.34655072,226.5103411,294.93534,212.3534448,257.1836165,448.3017168,40.11120624,127.4120669,103.8172397,760.1360546,865.3856622,637.3448458,502.8592361,46.77760336,0,0
5355,1261.968651,0,0,0,93.74624263,0,0,0,52.88249584,0,0,52.88249584,141.8212389,62.49749509,139.417489,218.7412328,499.9799607,181.3314178,396.9687795,316.1047688,291.6005232,75.9631615,0,0
5356,2662.123885,266.9056499,284.2371856,235.7088856,273.8382642,0,124.7870571,83.1913714,45.06199284,294.6361071,13.86522857,377.8274785,360.4959427,128.2533642,79.72506426,93.59029283,0,846.452012,956.2969295,245.5356981,452.3026018,161.5366435,0,0
5357,2153.068898,146.2682675,189.173626,224.2780102,216.4770359,62.40779414,181.3726517,40.9551149,122.8653447,17.5521921,224.2780102,263.2828815,179.4224081,210.6263052,42.90535847,13.65170497,17.5521921,213.527494,1008.324277,521.9560964,266.9093675,142.3516627,0,0
5358,2346.123683,330.4008501,158.2592307,19.43534412,205.4593521,0,108.2826315,38.87068824,111.0591093,158.2592307,319.2949391,302.6360728,213.7887853,111.0591093,97.17672061,113.835587,58.30603237,1006.126118,288.7536841,478.2482893,329.3596709,76.70019734,103.7708552,63.1648684
5359,1271.113351,139.6827858,71.83686129,0,0,0,57.86858271,111.7462287,199.5468369,27.93655717,35.91843064,133.6963807,303.3111921,105.7598236,55.87311434,0,27.93655717,300.3392827,542.5483816,129.824077,168.5775329,100.7589852,29.06509187,0
5360,1684.657023,126.5035494,188.2125978,33.93997666,0,135.7599066,107.9908348,30.85452424,154.2726212,67.87995332,0,253.0070987,154.2726212,219.0671221,30.85452424,98.73447756,83.30721544,478.8872757,649.9184456,68.41246795,444.6810417,42.75779247,0,0
5361,1375.769366,0,0,0,66.06802042,38.86354143,0,31.09083314,34.97718728,73.84072871,132.1360408,104.9315619,291.4765607,268.1584358,42.74989557,112.7042701,178.7722906,155.9205282,577.8231339,233.8807923,325.5987501,32.10128522,0,50.44487677
5362,1733.428759,146.4204129,33.06267387,33.06267387,203.0992823,184.2063259,0,89.74154336,56.67886949,155.8668911,33.06267387,236.1619562,28.33943475,179.4830867,89.74154336,108.6344999,155.8668911,520.9361819,346.6857517,508.2304214,190.586408,58.08347673,108.9065189,0
5363,1398.123078,0,236.1877822,40.72203141,62.44044817,62.44044817,40.72203141,59.72564607,43.43683351,160.1733236,168.3177298,249.7617927,70.58485445,92.3032712,0,111.3068859,0,555.3520242,269.5568305,258.1899762,100.6778523,188.3650141,0,25.98138125
5364,2825.712414,335.6210147,75.78539041,270.6621086,0,324.7945303,638.7625763,0,0,0,335.6210147,519.6712485,86.61187475,151.5707808,0,0,86.61187475,542.1248897,1099.392933,648.1269631,251.3763455,178.6892094,106.0020734,0
5365,1689.737412,129.6473718,0,177.1847415,168.5415833,0,56.18052778,51.85894872,0,289.545797,371.6557992,0,0,116.6826346,82.11000214,246.3300064,0,400.2009661,686.7646208,350.7934394,103.755806,148.22258,0,0
5366,1641.981755,135.9819259,0,98.58689626,30.59593332,241.3679184,64.59141479,44.19412591,0,0,173.3769555,261.7652073,197.1737925,234.5688221,115.584637,44.19412591,0,756.9419438,372.6483416,122.2752371,199.9103082,190.2059243,0,0
5367,1514.972028,0,0,85.52261446,0,0,189.3715035,51.9244445,0,0,207.697778,167.9908498,247.4047061,317.6554251,33.59816997,134.3926799,79.41385629,402.2436552,410.9880825,218.6106822,188.0051867,295.124421,0,0
5368,2685.493675,250.6460763,149.736617,19.53086309,192.053487,143.2263293,97.65431545,29.29629463,211.5843501,247.3909325,175.7777678,351.5555356,322.259241,198.5637747,117.1851785,55.33744542,123.6954662,1205.731854,694.2092493,497.8211064,178.1194784,45.67166114,63.94032559,0
5369,2208.953178,36.51162277,82.15115124,77.58719839,173.4302082,114.0988212,177.994161,82.15115124,31.94766993,109.5348683,451.8313318,164.3023025,497.4708603,114.0988212,0,27.38371708,68.4592927,576.2486551,607.4621239,516.2227535,283.3222554,225.6973899,0,0
5370,1797.441661,479.9986254,326.8075748,0,142.978314,0,102.1273671,0,51.06368356,0,0,0,490.2113622,112.3401038,91.9146304,0,0,668.7498802,299.103322,251.1339213,316.0336987,42.32594179,138.2647432,81.83015412
5371,2449.763621,222.1119016,424.6256943,104.5232478,320.1024465,222.1119016,195.9810897,52.26162391,411.5602883,32.66351494,117.5886538,97.99054483,169.8502777,32.66351494,45.72892092,0,0,849.4536394,394.3891897,212.3634099,697.7654895,182.0257799,0,113.7661124
5372,1509.891639,74.61673795,0,65.83829819,57.05985843,35.11375904,171.1795753,109.730497,221.6556039,39.50297892,131.6765964,35.11375904,182.152625,173.3741852,79.00595783,63.64368825,70.22751807,380.9149119,495.648319,165.2161063,174.3947789,293.7175224,0,0
5373,3419.10186,145.7322104,235.4135707,0,84.07627524,0,128.9169554,140.1271254,0,0,924.8390277,78.47119023,941.6542827,538.0881615,151.3372954,50.44576514,0,1614.92634,687.6053556,574.0558473,485.7395631,56.77475413,0,0
5374,1957.981957,177.9983597,75.64930287,0,462.7957352,40.04963093,164.6484827,0,93.44913884,80.09926186,302.5972115,71.19934388,249.1977036,80.09926186,44.49958992,115.6989338,0,1040.729148,317.5105876,194.0342479,205.7938993,0,199.9140736,0
5375,879.923391,130.0462593,143.557559,69.24541081,160.4466836,52.35628622,43.91172393,35.46716163,60.80084851,0,18.57803705,111.4682223,15.20021213,28.7115118,0,10.13347475,0,128.962842,284.7102742,268.8379244,65.47344285,94.24207682,25.79256839,11.90426234
5376,1489.570082,63.01057877,138.6232733,146.1845428,108.3781955,171.3887743,126.0211575,65.53100192,136.1028501,60.49015562,158.7866585,161.3070817,47.88803987,105.8577723,0,0,0,157.5506818,409.6317726,335.1532685,538.5368759,48.69748346,0,0
5377,1874.663575,201.6283487,16.80236239,52.80742466,151.2212615,120.0168742,180.0253113,19.20269988,52.80742466,86.41214944,259.2364483,127.2178867,232.832736,180.0253113,98.41383687,96.01349938,0,224.0722143,896.2888574,210.7609937,441.4888184,77.64878715,24.40390453,0
5378,1355.44781,134.510088,89.67339202,289.7140357,303.5099422,24.14283631,34.48976616,117.2652049,55.18362586,0,37.93874278,113.8162283,24.14283631,82.77543879,0,48.28567262,0,153.6174185,569.2880802,230.4261277,320.7893151,31.62711557,0,49.69975304
5379,2153.068898,378.2015906,175.6999515,101.2508195,101.2508195,288.8626322,89.33895841,0,98.27285425,101.2508195,59.55930561,0,279.9287364,110.1847154,119.1186112,77.42709729,172.7219863,213.527494,1008.324277,521.9560964,266.9093675,142.3516627,0,0
5380,1591.177864,0,0,0,70.09594115,140.1918823,0,0,0,91.12472349,98.13431761,70.09594115,350.4797057,434.5948351,336.4605175,0,0,282.265461,499.5848867,514.5724333,189.8422569,19.98339547,44.9626398,39.96679093
5381,1423.525024,210.1582904,63.44401221,63.44401221,107.0617706,39.65250763,0,0,71.37451374,67.40926297,0,218.088792,305.3243088,130.8532752,146.7142782,0,0,395.6917016,525.9804326,226.7989021,197.8458508,77.20813689,0,0
5382,1058.753087,92.06548583,237.245675,56.65568359,102.6884265,46.03274292,99.14744628,0,88.52450561,74.36058471,138.0982287,38.95078247,67.27862426,0,0,0,17.70490112,258.4915564,347.016062,194.7539123,132.7867584,86.75401549,38.95078247,0
5383,2817.583791,42.36968107,28.24645405,84.73936214,395.4503567,120.0474297,310.7109945,42.36968107,275.402927,49.43129458,49.43129458,374.2655161,621.421989,254.2180864,84.73936214,84.73936214,0,575.0171002,1502.232174,388.1365427,237.1945538,115.00342,0,0
5384,1186.778892,175.3972643,193.6203567,93.39334852,216.3992222,70.61448303,59.22505028,47.83561754,82.00391578,0,25.05675204,150.3405123,20.50097894,38.72407134,0,13.6673193,0,308.4182227,209.2193792,115.4313816,488.7797565,52.30484479,12.62530736,0
5385,640.1290258,136.5608588,23.47139761,32.00645129,121.6245149,29.87268787,81.08300993,19.20387077,10.6688171,0,66.146666,6.401290258,64.01290258,0,49.07655864,0,0,100.6008579,164.0370677,174.2893844,100.6008579,27.55310121,55.10620242,17.94155428
5386,810.8300993,25.42672785,146.9099831,165.7445964,63.0959543,37.66922645,54.62037835,47.08653306,77.22191422,77.22191422,0,41.43614909,74.39672224,0,0,0,0,143.4320392,210.7572821,143.4320392,163.9223305,122.9417479,0,26.34466027
5387,1016.077819,15.31775606,28.93353923,25.52959343,0,20.42367475,0,57.86707845,10.21183737,15.31775606,25.52959343,171.8992625,219.5545035,127.6479672,108.9262653,136.1578316,52.76115976,254.5980867,437.4458035,78.69395407,67.12131376,178.2186607,0,0
5388,1249.775717,48.62940533,162.9085079,41.33499453,41.33499453,58.3552864,68.08116746,97.25881066,21.8832324,14.5888216,55.92381613,58.3552864,367.1520102,170.2029187,43.7664648,0,0,326.0284479,343.6883222,292.0671512,160.2973202,127.6944754,0,0
5389,2448.747543,0,49.13874668,0,53.23364224,85.99280669,94.18259781,0,0,53.23364224,307.1171668,102.3723889,454.5334068,458.6283024,114.6570756,208.8396734,466.8180935,265.7151589,844.0363872,666.8929479,479.3293063,192.7737427,0,0
5390,724.4634847,30.64566348,67.42045966,71.09793928,52.71054119,83.35620467,61.29132696,31.87149002,66.19463312,29.41983694,77.22707197,78.45289851,23.29070425,51.48471465,0,0,0,202.8497757,133.3012812,65.68468928,214.4411915,59.8889814,25.11473414,23.18283151
5391,1088.219344,20.59721155,127.0161379,58.35876607,78.95597763,147.6133495,41.19442311,109.851795,37.76155452,106.4189264,65.22450326,61.79163466,140.7476123,0,0,92.687452,0,268.8755641,470.5322371,161.6886838,127.1708749,27.25090176,32.70108212,0
5392,2316.657427,109.4273669,0,77.3998449,432.3715474,106.7584068,277.5718576,42.7033627,45.37232287,226.8616144,82.73776523,322.9441804,320.2752203,141.4548889,0,69.39296439,61.38608388,735.1397262,710.9574983,372.4063087,362.7334175,72.5466835,0,62.87379237
5393,1270.097273,177.135228,214.8235744,41.45718103,79.14552742,150.7533856,177.135228,37.68834639,82.91436206,0,150.7533856,18.84417319,94.22086597,0,0,0,45.22601567,231.7433497,423.9645778,215.5752091,211.9822889,62.87610264,95.212384,28.74336121
5394,756.9779749,207.7624513,153.563551,77.6850905,63.23205041,41.55249027,52.39227034,25.29282016,14.45304009,0,57.81216037,12.64641008,50.58564033,0,0,0,0,134.283377,237.6696938,244.7997847,90.31448366,9.506787754,21.39027245,19.01357551
5395,1179.666347,200.4287484,412.3105681,0,40.08574967,34.359214,183.2491414,0,0,131.7103203,0,103.077642,0,0,74.44496368,0,0,406.6744514,453.2402282,152.1148711,114.8622496,52.77454712,0,0
5396,2392.863263,103.1406579,0,309.4219737,82.51252631,82.51252631,391.9345,61.88439473,103.1406579,123.7687895,165.0250526,443.5048289,319.7360394,0,0,72.19846052,134.0828553,440.2300365,1164.479451,546.7373034,78.10532906,0,163.3111426,0
5397,831.1516557,56.11150418,63.1254422,80.66028726,26.30226758,122.7439154,43.83711264,89.42770979,124.4973999,8.767422528,59.61847319,33.31620561,33.31620561,68.38589572,12.27439154,0,8.767422528,273.2862781,155.8409354,273.2862781,47.42984992,33.87846423,0,47.42984992
5398,1456.039514,83.30574335,65.19579914,47.08585494,61.5738103,79.68375451,65.19579914,25.35392189,152.1235313,39.84187725,90.54972103,264.4051854,83.30574335,228.185297,86.92773219,32.59789957,50.70784378,424.8064544,369.3969169,181.6201508,403.258301,76.95769102,0,0
5399,1978.303513,100.9338527,0,222.0544759,0,87.47600567,0,208.5966289,0,80.74708216,107.6627762,107.6627762,275.8858641,289.3437111,336.4461757,161.4941643,0,463.5551427,632.1206491,501.0141441,145.1536305,182.612632,53.84731455,0
5400,1353.415654,48.68401635,42.19281417,55.17521853,0,38.94721308,136.3152458,142.806448,0,38.94721308,155.7888523,126.5784425,369.9985242,55.17521853,55.17521853,55.17521853,32.4560109,498.6268201,240.8333621,329.0258609,254.4014388,0,30.52817266,0
5401,1046.560153,35.7798343,181.1354111,122.9931804,33.54359465,33.54359465,91.68582539,35.7798343,73.79590824,15.65367751,64.85094967,89.44958575,64.85094967,40.25231359,84.97710646,22.36239644,55.90599109,149.5085933,708.3859541,53.39592619,103.232124,0,32.03755571,0
5402,707.1901618,47.74279573,53.7106452,68.63026887,22.3794355,104.4373657,37.29905917,76.0900807,105.929328,7.459811833,50.72672047,28.34728497,28.34728497,58.1865323,10.44373657,0,7.459811833,72.77736592,291.8445886,98.50673771,162.4626047,70.5719912,11.02687362,0
5403,836.2320448,142.3924534,196.7604811,36.24535179,93.20233316,0,93.20233316,0,113.9139628,62.13488878,0,59.54593508,38.83430548,0,0,0,0,407.5616374,141.2663843,147.7613904,40.59378858,66.57381327,32.47503086,0
5404,976.4507837,137.5120039,65.86709429,8.088941404,85.51166627,0,45.06695925,16.17788281,46.22252231,65.86709429,132.8897516,125.9563733,88.97835544,46.22252231,40.44470702,47.37808537,24.26682421,246.3386476,320.5370354,106.8456785,112.7815495,189.9478728,0,0
