varialbe_names,hhtotals,hsize,hsize,hsize,hsize
variable_categories,1,1,2,3,4
geo,,,,,
5069027,0,0,0,0,0
5069048,0,0,0,0,0
5069055,298.896861,46.41255605,62.19282511,111.3901345,78.90134529
5069015,0,0,0,0,0
5069007,0,0,0,0,0
5069012,0,0,0,0,0
5069002,0,0,0,0,0
5069005,0,0,0,0,0
5069009,0,0,0,0,0
5069006,0,0,0,0,0
5069003,0,0,0,0,0
5069024,0,0,0,0,0
5069018,0,0,0,0,0
5069029,0,0,0,0,0
5069025,0,0,0,0,0
5069020,0,0,0,0,0
5069013,0,0,0,0,0
5069010,0,0,0,0,0
5069004,0,0,0,0,0
5069016,0,0,0,0,0
5069022,0,0,0,0,0
5069026,0,0,0,0,0
5069023,0,0,0,0,0
5069014,0,0,0,0,0
5069011,0,0,0,0,0
5069030,0,0,0,0,0
5069019,0,0,0,0,0
5069032,0,0,0,0,0
5069035,0,0,0,0,0
5069031,0,0,0,0,0
5069054,11.7922272,1.831091181,2.453662182,4.394618834,3.112855007
5069051,0,0,0,0,0
5069040,0,0,0,0,0
5069052,0,0,0,0,0
5069053,0,0,0,0,0
5069050,0,0,0,0,0
5069049,0,0,0,0,0
5069046,0,0,0,0,0
5069045,0,0,0,0,0
5069043,0,0,0,0,0
5069047,0,0,0,0,0
5069044,0,0,0,0,0
5069037,0,0,0,0,0
5069036,0,0,0,0,0
5069039,0,0,0,0,0
5069042,0,0,0,0,0
5069038,0,0,0,0,0
5069033,0,0,0,0,0
5069041,0,0,0,0,0
5069008,0,0,0,0,0
5069017,0,0,0,0,0
5069021,0,0,0,0,0
5069028,0,0,0,0,0
5069034,0,0,0,0,0
930000009,0,0,0,0,0
914001015,0,0,0,0,0
5069001,11.31091181,1.756352765,2.353512706,4.215246637,2.985799701
1060003,0,0,0,0,0
1060004,0,0,0,0,0
1060005,0,0,0,0,0
1060006,0,0,0,0,0
1060007,0,0,0,0,0
1060009,0,0,0,0,0
1060010,0,0,0,0,0
1060001,0,0,0,0,0
1060008,0,0,0,0,0
1060002,0,0,0,0,0
914001010,0,0,0,0,0
914001008,0,0,0,0,0
1038003,101.5742424,24.20145903,20.51133558,34.67278339,22.18866442
1038005,83.73333333,19.95061728,16.90864198,28.58271605,18.29135802
1038009,24.02575758,5.724466891,4.851627385,8.201290685,5.248372615
1038013,0,0,0,0,0
1038010,73.98030303,17.62682379,14.93916947,25.25347924,16.16083053
1038008,219.8,52.37037037,44.38518519,75.02962963,48.01481481
1038011,31.16212121,7.424803591,6.292704826,10.63731762,6.807295174
1038016,297.3484848,70.84736251,60.04489338,101.5011223,64.95510662
1038014,18.79242424,4.477553311,3.794837262,6.414870932,4.105162738
1038019,94.67575758,22.55780022,19.11829405,32.31795735,20.68170595
1038020,338.0257576,80.53928171,68.25903479,115.3864759,73.84096521
1038024,131.5469697,31.34287318,26.56386083,44.90409652,28.73613917
1038028,246.9181818,58.83164983,49.86127946,84.28653199,53.93872054
1038027,327.0833333,77.93209877,66.04938272,111.6512346,71.45061728
1038006,0,0,0,0,0
1038001,0,0,0,0,0
1038015,0,0,0,0,0
1038002,0,0,0,0,0
1038029,423.6621212,100.9433221,85.55196409,144.6187991,92.54803591
1038018,247.6318182,59.0016835,50.00538721,84.53013468,54.09461279
1038022,541.65,129.0555556,109.3777778,184.8944444,118.3222222
1038021,11.18030303,2.663860831,2.257687991,3.8164422,2.442312009
1038017,279.7454545,66.65319865,56.49023569,95.49225589,61.10976431
1038012,161.0439394,38.37093154,32.52031425,54.97300786,35.17968575
1038004,18.31666667,4.364197531,3.698765432,6.252469136,4.001234568
1038007,108.2348485,25.78843996,21.85634119,36.94640853,23.64365881
1038025,89.68030303,21.36756453,18.10953984,30.6127385,19.59046016
1038023,176.9818182,42.16835017,35.73872054,60.41346801,38.66127946
1038026,192.2060606,45.79573513,38.81301908,65.61032548,41.98698092
930000004,0,0,0,0,0
911201001,0,0,0,0,0
913001008,0,0,0,0,0
913001004,0,0,0,0,0
912001005,0,0,0,0,0
2053039,105.6593258,13.88224719,14.65348315,21.41465169,55.70894382
2053034,82.22638844,10.80346709,11.40365971,16.66534831,43.35391332
2053032,93.94285714,12.34285714,13.02857143,19.04,49.53142857
2053037,356.0328732,46.77804173,49.37682183,72.15946067,187.718549
2053035,56.89348315,7.47505618,7.890337079,11.53096629,29.9971236
2053031,139.9643018,18.3894703,19.41110754,28.36746067,73.79626324
2053028,125.0812199,16.43402889,17.3470305,25.35101124,65.94914928
2053026,167.0916212,21.95364366,23.17329053,33.86552809,88.09915891
2053022,149.3585875,19.62375602,20.71396469,30.27146067,78.7494061
2053015,236.3348957,31.05130016,32.77637239,47.89950562,124.6077175
2053008,279.9286035,36.77894061,38.82221509,56.73492135,147.5925265
2053010,259.2400642,34.06073836,35.95300161,52.5418427,136.6844815
2053009,193.7967255,25.4623435,26.87691814,39.27802247,102.1794414
2053012,344.105297,45.21091493,47.72263242,69.74202247,181.4297271
2053016,237.8126485,31.24545746,32.98131621,48.19901124,125.3868636
2053019,214.3797111,28.16667737,29.73149278,43.44970787,113.0318331
2053014,342.0997753,44.94741573,47.44449438,69.33555056,180.3723146
2053021,58.16012841,7.641476726,8.06600321,11.78768539,30.66496308
2053025,236.7571108,31.10677368,32.83492777,47.98507865,124.8303307
2053020,229.1572392,30.1082504,31.78093098,46.44476404,120.8232937
2053027,540.7519743,71.04770465,74.99479936,109.5976629,285.1118074
2053033,168.3582665,22.12006421,23.34895666,34.12224719,88.76699839
2053029,4.749919743,0.624077047,0.658747994,0.962696629,2.504398074
2053036,78.32089888,10.29033708,10.86202247,15.87379775,41.29474157
2053042,82.33194222,10.81733547,11.41829856,16.68674157,43.40956661
2053048,327.8500161,43.07518459,45.4682504,66.44746067,172.8591204
2053041,264.3066453,34.72642055,36.65566613,53.5687191,139.3558395
2053053,0.211107544,0.027736758,0.029277689,0.042786517,0.111306581
2053056,1.266645265,0.166420546,0.175666132,0.256719101,0.667839486
2053057,107.0315249,14.06253612,14.84378812,21.69276404,56.4324366
2053013,0,0,0,0,0
2053007,11.18869984,1.470048154,1.551717496,2.267685393,5.899248796
2053030,4.538812199,0.596340289,0.629470305,0.919910112,2.393091493
2053003,282.5674478,37.12565008,39.1881862,57.26975281,148.9838587
2053046,191.3689888,25.14337079,26.54022472,38.78597753,100.8994157
2053052,53.19910112,6.989662921,7.377977528,10.78220225,28.04925843
2053055,72.1987801,9.485971108,10.0129695,14.63298876,38.06685072
2053044,71.24879615,9.361155698,9.881219904,14.44044944,37.56597111
2053050,74.62651685,9.80494382,10.34966292,15.12503371,39.3468764
2053040,47.18253612,6.199165329,6.543563403,9.562786517,24.87702087
2053047,71.67101124,9.416629213,9.939775281,14.52602247,37.78858427
2053045,128.6700482,16.90555377,17.8447512,26.07838202,67.84136116
2053049,15.72751204,2.066388443,2.181187801,3.187595506,8.292340289
2053054,13.40532905,1.761284109,1.859133226,2.71694382,7.067967897
2053051,191.4745425,25.15723917,26.55486356,38.80737079,100.955069
2053058,65.76,8.64,9.12,13.328,34.672
2053018,242.1403531,31.814061,33.58150883,49.07613483,127.6686485
2053023,345.7941573,45.43280899,47.95685393,70.08431461,182.3201798
2053004,0,0,0,0,0
2053006,0.844430177,0.11094703,0.117110754,0.171146067,0.445226324
2053024,0,0,0,0,0
2053043,31.45502408,4.132776886,4.362375602,6.375191011,16.58468058
2053002,0,0,0,0,0
2053001,0,0,0,0,0
2053005,88.03184591,11.56622793,12.20879615,17.84197753,46.4148443
2053011,82.7541573,10.87280899,11.47685393,16.77231461,43.63217978
2053017,138.8032103,18.23691814,19.25008026,28.13213483,73.18407705
2053038,512.1469021,67.289374,71.02767255,103.8000899,270.0297657
913002205,0,0,0,0,0
913002204,0,0,0,0,0
913002203,0,0,0,0,0
920000004,0,0,0,0,0
930000010,0,0,0,0,0
1065002,325.1809524,42.4952381,40.64761905,72.05714286,169.9809524
1065003,109.4217143,14.29942857,13.67771429,24.24685714,57.19771429
1065001,32.58514286,4.258285714,4.073142857,7.220571429,17.03314286
1065005,178.7489524,23.3592381,22.34361905,39.60914286,93.43695238
1065004,217.5024762,28.42361905,27.18780952,48.19657143,113.6944762
1065006,118.1379048,15.43847619,14.7672381,26.17828571,61.75390476
1065008,74.2887619,9.708190476,9.286095238,16.46171429,38.8327619
1065007,0.134095238,0.01752381,0.016761905,0.029714286,0.070095238
911002205,0,0,0,0,0
1004004,4.296496783,1.75957512,0.952098866,0.940046982,0.644775815
1004011,25.19640486,10.31886426,5.583495046,5.512817894,3.781227658
1004014,75.22510469,30.80747625,16.66979879,16.45878868,11.28904096
1004013,37.72178531,15.44847309,8.359105301,8.253293841,5.660913083
1004009,65.46695945,26.8111531,14.50740476,14.32376672,9.824634869
1004007,59.20426923,24.24634869,13.11959963,12.95352875,8.884792156
1004012,101.5866612,41.60351343,22.51149014,22.22653457,15.24512307
1004015,0.291287917,0.119293228,0.064549076,0.063731999,0.043713615
1004016,0,0,0,0,0
1004017,10.12225513,4.14543969,2.24308038,2.214686957,1.519048105
1004018,0.145643959,0.059646614,0.032274538,0.031865999,0.021856807
1004003,0,0,0,0,0
1004002,0,0,0,0,0
1004008,0,0,0,0,0
1004010,69.61781228,28.51108161,15.42722909,15.23194771,10.44755388
1004005,100.3486876,41.09651721,22.23715657,21.95567358,15.05934021
1004001,16.02083546,6.561127566,3.550199162,3.505259933,2.4042488
1004006,147.7557961,60.51149014,32.74251864,32.32805638,22.17373098
920000007,0,0,0,0,0
2083006,43.55394032,13.0661821,5.93917368,3.95944912,20.58913542
2083004,15.23335884,4.570007651,2.077276205,1.384850803,7.201224178
2083002,13.33970926,4.001912777,1.819051262,1.212700842,6.306044376
2083005,32.69701607,9.80910482,4.458684009,2.972456006,15.45677123
2083003,0.378729916,0.113618975,0.051644989,0.034429992,0.17903596
2083001,4.797245601,1.43917368,0.654169855,0.436113236,2.267788829
6075019,0,0,0,0,0
6075002,18.58002557,4.68107633,2.597035498,3.526838331,7.775075411
6075012,0.196797779,0.049581494,0.027507541,0.03735592,0.082352824
6075005,0.231526798,0.058331169,0.032361813,0.043948141,0.096885675
6075018,0,0,0,0,0
6075013,14.15786372,3.566950998,1.978924869,2.687428834,5.92455902
6075014,0.324137518,0.081663637,0.045306538,0.061527398,0.135639945
6075017,261.9378433,65.9929683,36.61253721,49.72072954,109.6116083
6075007,132.8963823,33.48209113,18.5756807,25.22623305,55.61237739
6075011,13.72953914,3.459038335,1.919055514,2.606124773,5.745320522
6075003,4.503196228,1.134541241,0.629437264,0.854791346,1.884426377
6075008,38.01670029,9.577977986,5.313809705,7.216284784,15.90862782
6075006,3.681276094,0.927465591,0.514552828,0.698775445,1.540482231
6075001,1.898519747,0.478315588,0.265366867,0.360374758,0.794462534
6075010,11.87732476,2.992388981,1.66016101,2.254539643,4.970235123
6075009,17.61918936,4.439001978,2.462733974,3.344453545,7.37299986
6075015,14.43569588,3.636948401,2.017759044,2.740166603,6.04082183
6075004,3.067730079,0.772887992,0.428794023,0.582312871,1.283735192
6075016,621.8462514,156.6687709,86.91897561,118.038115,260.2203899
1035004,0,0,0,0,0
1035007,28.04794836,4.036268634,5.127708621,9.287536499,9.596434609
1035006,499.2116183,71.8395574,91.26556017,165.3042877,170.802213
1035002,239.8727524,34.51913324,43.85338866,79.42923006,82.07100046
1035001,112.6104195,16.20531735,20.58736745,37.28876594,38.5289688
1035003,103.6099585,14.91009682,18.94190871,34.30843707,35.44951591
1035005,20.09405256,2.891655141,3.673582296,6.653757492,6.87505763
1035010,358.5532503,51.59797142,65.55048409,118.7279852,122.6768096
1035009,0,0,0,0,0
1035008,0,0,0,0,0
913002106,0,0,0,0,0
1034022,91.56456716,13.36640782,13.9459304,30.24733966,34.00488927
1034020,107.316234,15.66580385,16.34502052,35.45072816,39.85468141
1034017,113.3351635,16.54443486,17.26174602,37.43901482,42.08996784
1034015,187.6113159,27.38711533,28.57452872,61.97531833,69.67435354
1034007,329.7605041,48.13776244,50.22485424,108.9327267,122.4651607
1034014,183.385259,26.7702042,27.9308704,60.57928726,68.10489712
1034011,222.8284571,32.52804142,33.93834811,73.6089105,82.75315711
1034005,136.3863832,19.90940466,20.77260962,45.0537297,50.65063927
1034003,147.6558684,21.55450101,22.48903182,48.7764792,54.83585641
1034008,252.5389181,36.8651136,38.46346119,83.4234319,93.78691139
1034002,240.8852459,35.16393443,36.68852459,79.57377049,89.45901639
1034004,115.7683478,16.89962611,17.63233718,38.24279028,42.99359427
1034001,72.48327973,10.5809606,11.03971553,23.9440479,26.9185557
1034012,175.3173321,25.59246477,26.70206814,57.91413706,65.10866212
1034009,472.6780663,69.00057521,71.99220854,156.143959,175.5413235
1034006,30.99108427,4.524014955,4.720161058,10.23756112,11.50934714
1034010,53.53005464,7.81420765,8.153005464,17.68306011,19.87978142
1034013,922.8171621,134.7109577,140.5515727,304.842419,342.7122127
1034018,334.1146234,48.77336785,50.88801736,110.3710618,124.0821764
1034021,87.46657254,12.76819097,13.32177687,28.89361257,32.48299213
1034023,223.0845818,32.56542997,33.9773577,73.69351845,82.84827568
1034019,117.3050958,17.12395743,17.86639475,38.75043794,43.5643057
1034016,279.1758831,40.75352315,42.52045912,92.22265799,103.6792428
5070031,157.23892,18.64493123,17.16024226,29.83188996,91.60185657
5070018,52.67074206,6.245542537,5.748212298,9.992868059,30.68411917
5070041,0,0,0,0,0
5070040,0,0,0,0,0
5070043,0,0,0,0,0
5070027,42.87553065,5.084055018,4.6792136,8.134488029,24.977774
5070030,56.27950416,6.673458991,6.142053924,10.67753439,32.78645686
5070024,77.76023094,9.220580744,8.486349314,14.75292919,45.30037169
5070019,30.76040075,3.647478349,3.357030999,5.835965359,17.91992604
5070022,109.2939379,12.95975548,11.92777495,20.73560876,63.67079866
5070029,0,0,0,0,0
5070033,0,0,0,0,0
5070034,0,0,0,0,0
5070036,0,0,0,0,0
5070016,0,0,0,0,0
5070014,0,0,0,0,0
5070012,0,0,0,0,0
5070049,900.6439124,106.7957208,98.29161714,170.8731533,524.6834211
5070047,145.209713,17.21854305,15.84743684,27.54966887,84.59406426
5070050,4.983528613,0.590932247,0.543876531,0.945491594,2.903228241
5070052,3.007301749,0.356597045,0.328201355,0.570555273,1.751948076
5070051,1.288843607,0.152827305,0.140657723,0.244523688,0.75083489
5070010,0,0,0,0,0
5070008,130.430973,15.46612328,14.23456161,24.74579725,75.98449086
5070007,17.09865852,2.027508915,1.866059131,3.244014264,9.961076206
5070006,35.91577517,4.25878757,3.919661893,6.814060112,20.9232656
5070001,241.3574461,28.61946001,26.34050301,45.79113602,140.6063471
5070003,2.148072678,0.254712175,0.234429539,0.40753948,1.251391483
5070002,112.6449312,13.35710647,12.29348503,21.37137035,65.62296938
5070011,481.0823569,57.04533877,52.50283957,91.27254203,280.2616366
5070005,7.561215826,0.896586857,0.825191978,1.434538971,4.404898021
5070042,168.4088979,19.96943454,18.37927586,31.95109526,98.10909228
5070044,0.171845814,0.020376974,0.018754363,0.032603158,0.100111319
5070032,1.116997792,0.132450331,0.12190336,0.21192053,0.650723571
5070023,0,0,0,0,0
5070020,29.72932586,3.525216505,3.244504821,5.640346409,17.31925813
5070037,0,0,0,0,0
5070048,65.64510104,7.784004075,7.164166714,12.45440652,38.24252373
5070039,4.725759891,0.560366786,0.515744986,0.896586857,2.753061263
5070045,26.03464086,3.087111564,2.841286013,4.939378502,15.16686478
5070038,0,0,0,0,0
5070021,618.9026999,73.38767193,67.5438388,117.4202751,360.5509141
5070013,222.024792,26.32705043,24.23063716,42.12328069,129.3438237
5070004,0,0,0,0,0
5070015,0,0,0,0,0
5070009,312.9312277,37.10646969,34.15169525,59.3703515,182.3027113
5070025,204.2387502,24.21803362,22.28956057,38.7488538,118.9823022
5070028,0.343691628,0.040753948,0.037508726,0.065206317,0.200222637
5070035,179.3211071,21.26337239,19.57017792,34.02139582,104.466161
5070026,107.317711,12.72542028,11.71209977,20.36067244,62.5195185
920000013,0,0,0,0,0
5070017,0,0,0,0,0
5070046,2.835455935,0.336220071,0.309446992,0.537952114,1.651836758
1041008,132.9833439,22.5068522,20.19186169,41.15538689,49.1292431
1041007,202.9631035,34.35062197,30.81741514,62.81256589,74.98250053
1041005,0.436010964,0.073792958,0.066202825,0.134935695,0.161079486
1041003,17.44043854,2.951718322,2.648113009,5.397427788,6.443179422
1041002,143.6656125,24.31477968,21.81383091,44.46131141,53.07569049
1041006,30.52076745,5.165507063,4.634197765,9.44549863,11.27556399
1041004,168.5182374,28.52097828,25.58739195,52.152646,62.25722117
1041001,337.4724858,57.11574953,51.24098672,104.4402277,124.6755218
3092010,99.32537019,23.74861511,11.3745872,32.22006498,31.98210291
3092012,395.4672686,94.55590178,45.28829765,128.2852615,127.3378076
3092007,45.79972302,10.95067647,5.244913178,14.8569298,14.74720358
3092009,320.542479,76.64144562,36.70802706,103.9804783,103.212528
3092005,83.87352189,20.05409076,9.605065516,27.2076542,27.00671141
3092002,96.37951422,23.04426334,11.03723234,31.26446149,31.03355705
3092003,592.1726324,141.587994,67.81469053,192.0943326,190.6756152
3093004,0,0,0,0,0
3092018,0.055582188,0.013289656,0.006365186,0.018030255,0.017897092
3092024,0,0,0,0,0
3092026,6.781026952,1.621338021,0.776552679,2.199691062,2.18344519
3092022,220.7724513,52.78651326,25.28251838,71.6161713,71.08724832
3092016,0.222328753,0.053158624,0.025460744,0.072121018,0.071588367
3093006,0,0,0,0,0
3092017,0.555821881,0.132896559,0.063651859,0.180302546,0.178970917
3092011,0,0,0,0,0
3092015,0,0,0,0,0
3092030,0,0,0,0,0
3092001,0,0,0,0,0
3093008,0,0,0,0,0
3092006,0,0,0,0,0
3093009,0,0,0,0,0
3092013,0,0,0,0,0
3092008,218.6603281,52.28150634,25.04064131,70.93102163,70.40715884
3092029,0,0,0,0,0
3092027,0,0,0,0,0
3092025,0,0,0,0,0
3092021,0,0,0,0,0
3092023,0,0,0,0,0
3092019,0,0,0,0,0
3092020,0,0,0,0,0
3092014,0,0,0,0,0
3092028,0,0,0,0,0
3092004,6.391951635,1.528310429,0.731996378,2.07347928,2.058165548
914002203,0,0,0,0,0
914002202,0,0,0,0,0
914002204,0,0,0,0,0
914002201,0,0,0,0,0
914002205,0,0,0,0,0
2054014,171.3609564,21.31460172,21.9477087,47.65185215,80.4467938
2054020,398.3564429,49.54926199,51.02102224,110.7744887,187.01167
2054015,175.3230594,21.80742488,22.45517017,48.75362908,82.30683528
2054007,47.54523645,5.913877933,6.089537673,13.22132314,22.3204977
2054009,235.4149555,29.28190949,30.15166917,65.4639125,110.5174643
2054012,55.3043549,6.878989956,7.083316391,15.37896963,25.96307892
2054006,193.9779612,24.12780059,24.84446794,53.94116212,91.06453056
2054010,1.981051519,0.246411581,0.253730736,0.550888464,0.930020738
2054016,36.15419022,4.497011345,4.630585939,10.05371447,16.97287846
2054017,194.1430488,24.14833489,24.86561217,53.98706949,91.14203229
2054024,65.20961249,8.111047859,8.351970073,18.13341195,30.61318261
2054027,89.14731834,11.08852112,11.41788314,24.78998089,41.85093319
2054033,424.2752003,52.77314683,54.34066604,117.9819461,199.1794413
2054031,262.3242386,32.62900012,33.59817834,72.94681413,123.150246
2054036,0,0,0,0,0
2054039,0,0,0,0,0
2054021,269.4230065,33.51197495,34.50738015,74.92083113,126.4828203
2054026,6.933680316,0.862440532,0.888057577,1.928109625,3.255072582
2054035,0.330175253,0.041068597,0.042288456,0.091814744,0.155003456
2054038,15.84841215,1.971292644,2.029845891,4.407107714,7.440165901
2054023,0,0,0,0,0
2054018,1.981051519,0.246411581,0.253730736,0.550888464,0.930020738
2054008,312.8410523,38.91249543,40.06831212,86.99446997,146.8657748
2054011,104.9957305,13.05981377,13.44772903,29.1970886,49.29109909
2054003,104.9957305,13.05981377,13.44772903,29.1970886,49.29109909
2054001,2.806489652,0.349083072,0.359451877,0.780425324,1.317529378
2054037,221.5475948,27.55702842,28.37555402,61.60769325,104.0073192
2054040,0,0,0,0,0
2054004,0.990525759,0.12320579,0.126865368,0.275444232,0.465010369
2054005,0,0,0,0,0
2054034,207.350059,25.79107876,26.55715041,57.65965925,97.34217054
2054022,0.49526288,0.061602895,0.063432684,0.137722116,0.232505184
2054030,59.92680844,7.453950311,7.675354776,16.66437604,28.13312731
2054025,0.49526288,0.061602895,0.063432684,0.137722116,0.232505184
2054013,329.349815,40.96592526,42.18273492,91.58520717,154.6159476
2054019,69.17171553,8.60387102,8.859431546,19.23518887,32.47322409
2054032,0,0,0,0,0
2054029,0,0,0,0,0
2054028,0,0,0,0,0
2054002,0,0,0,0,0
912001003,0,0,0,0,0
912001001,0,0,0,0,0
1012019,0,0,0,0,0
1012034,0,0,0,0,0
1012031,0,0,0,0,0
1012033,0,0,0,0,0
1012023,0,0,0,0,0
1012025,0,0,0,0,0
1012027,0,0,0,0,0
1012030,0,0,0,0,0
1012032,0,0,0,0,0
1013001,172.2718569,48.4700186,39.37903491,56.46460225,27.95820112
1013003,577.6780829,162.5341941,132.0494584,189.3423788,93.75205165
1013006,31.77229456,8.939380676,7.26272021,10.41383083,5.156362841
1013002,238.7048364,67.16145092,54.56472262,78.23897582,38.73968706
1013004,842.7910603,237.1257796,192.6507277,276.2370062,136.7775468
1013008,144.0068935,40.51745268,32.91804355,47.20035015,23.37104716
1013007,24.75763213,6.965751176,5.659262501,8.114673378,4.017945071
1013013,97.3800197,27.39862129,22.25976584,31.91771529,15.80391728
1013010,39.1995842,11.02910603,8.96049896,12.84823285,6.361746362
1013017,6.808348835,1.915581573,1.556297188,2.231535179,1.104934894
1013016,40.2311522,11.31934566,9.196301565,13.18634424,6.52916074
1013015,183.2064777,51.5465587,41.87854251,60.048583,29.73279352
1013011,365.5877011,102.8609257,83.56844294,119.8266769,59.33165554
1013014,615.4334719,173.1569647,140.6798337,201.7172557,99.87941788
1013012,70.55925156,19.85239085,16.12889813,23.12681913,11.45114345
1013005,218.8987307,61.58884998,50.03731262,71.74723712,35.525331
1013009,101.7126053,28.61762775,23.25013678,33.33778313,16.50705766
1042013,48.15268615,6.135721018,7.719132893,15.07068803,19.2271442
1042012,287.6028618,36.64698826,46.10427555,90.01310942,114.8384886
1042010,275.9294833,35.15954074,44.23297061,86.35960929,110.1773627
1042005,23.78450861,3.030674321,3.812783823,7.444006512,9.497043955
1042006,86.67483506,11.04429783,13.89443921,27.12723845,34.60885957
1042007,91.63602091,11.67646303,14.68974381,28.67997601,36.58983806
1042004,70.91577414,9.036243681,11.36817753,22.19501328,28.31633965
1042002,130.7418387,16.65941222,20.95861537,40.91920144,52.20460972
1042001,152.1916717,19.39259704,24.39713821,47.63250793,60.7694285
1042003,111.1889298,14.16793762,17.82417959,34.79958872,44.39722389
1042009,355.6002913,45.31137006,57.00462685,111.2947477,141.9895467
1042011,8.755033845,1.11558564,1.403478708,2.740125096,3.495844401
1042008,59.8260646,7.623168537,9.590437837,18.72418816,23.88827007
3090046,0,0,0,0,0
3090037,157.7538252,16.94418552,17.22082528,45.59945436,77.98936001
3090039,380.3049562,40.84818688,41.51509606,109.9288621,188.0128112
3090036,257.4001023,27.6470956,28.09847675,74.40266,127.25187
3090035,189.1801296,20.31965443,20.65140389,54.68336933,93.52570194
3090028,228.2296465,24.5139252,24.91415255,65.97080823,112.8307605
3090021,55.92948733,6.007332045,6.105410936,16.16667046,27.65007389
3090026,67.83103331,7.285665568,7.40461521,19.60686598,33.53388655
3090027,93.88997385,10.08463112,10.24927816,27.13932022,46.41674434
3090029,72.26494259,7.761907468,7.888632488,20.88850745,35.72589519
3090034,99.33512561,10.6694896,10.84368535,28.71326589,49.10868478
3090055,176.5007048,18.95776969,19.2672843,51.01832443,87.25732636
3090056,89.61164033,9.625099466,9.782243947,25.90264863,44.30164829
3090054,81.59948846,8.764521996,8.907616233,23.58670001,40.34065022
3090053,81.36612482,8.739456633,8.882141639,23.5192452,40.22528135
3090050,276.6914971,29.71916562,30.20437649,79.97892463,136.7890304
3090040,1.244606116,0.133681937,0.135864499,0.359759009,0.615300671
3090014,0,0,0,0,0
3090031,802.6153689,86.20813914,87.61561896,231.9995908,396.79202
3090006,20.84715244,2.239172445,2.275730363,6.025963397,10.30628623
3090017,0,0,0,0,0
3090030,35.93800159,3.860065932,3.923087416,10.38804138,17.76680687
3090022,183.1904627,19.67631011,19.99755598,52.9520291,90.56456747
3090020,32.74869842,3.517505968,3.574934637,9.466158918,16.1900989
3090018,23.49194043,2.523246561,2.564442424,6.79045129,11.61380016
3090016,21.85839491,2.347789019,2.386120268,6.318267591,10.80621803
3090051,108.5918836,11.66374901,11.85417756,31.38897351,53.68498352
3090041,1072.53932,115.2004092,117.0812322,310.0223258,530.235353
3090047,130.2169149,13.98647266,14.21482324,37.63978629,64.37583267
3090052,63.16376037,6.784358304,6.895123338,18.25776969,31.22650904
3090049,0,0,0,0,0
3090042,4.044969876,0.434466295,0.441559623,1.169216778,1.99972718
3090033,147.0190974,15.79117881,16.04899398,42.49653291,72.68239172
3090025,198.2035239,21.28884847,21.63642151,57.29162214,97.98663181
3090023,49.55088098,5.322212118,5.409105377,14.32290554,24.49665795
3090024,53.59585086,5.756678413,5.850664999,15.49212231,26.49638513
3090019,0.388939411,0.041775605,0.042457656,0.11242469,0.19228146
3090015,0,0,0,0,0
3090011,0,0,0,0,0
3090010,0,0,0,0,0
3090012,0,0,0,0,0
3090009,0,0,0,0,0
3090007,0,0,0,0,0
3090005,0,0,0,0,0
3090008,0,0,0,0,0
3090004,0,0,0,0,0
3090001,0,0,0,0,0
3090003,0,0,0,0,0
3090002,0,0,0,0,0
3090013,0,0,0,0,0
3090032,121.7380357,13.07576447,13.28924633,35.18892804,60.18409685
3090038,60.67454814,6.51699443,6.623394339,17.53825168,29.9959077
3090043,276.069194,29.65232466,30.13644424,79.79904513,136.48138
3090045,813.116733,87.33608048,88.76197567,235.0350574,401.9836194
3090048,15.71315221,1.687734455,1.715289303,4.541957486,7.768170967
3090044,298.549892,32.06695464,32.59049676,86.29719222,147.5952484
914002104,0,0,0,0,0
914002101,0,0,0,0,0
914001001,0,0,0,0,0
914002102,0,0,0,0,0
914002207,0,0,0,0,0
914002208,0,0,0,0,0
914002103,0,0,0,0,0
914002105,0,0,0,0,0
914002206,0,0,0,0,0
3093007,0,0,0,0,0
3093002,0,0,0,0,0
3093001,33.28301887,26.81132075,5.547169811,0.924528302,0
3093005,0,0,0,0,0
3093003,0,0,0,0,0
3094002,2.716981132,2.188679245,0.452830189,0.075471698,0
1017010,254.9160305,67.25124461,45.08463326,93.17490873,49.40524394
1017008,312.5648855,82.46000664,55.28045138,114.2462662,60.5781613
1017011,176.7748092,46.63624295,31.26452041,64.61334218,34.26070362
1017009,94.80534351,25.01128443,16.76734152,34.65250581,18.37421175
1017001,17.79007634,4.693328908,3.146365748,6.502489213,3.447892466
1017002,107.6412214,28.39761036,19.03750415,39.34417524,20.86193163
1017003,0.450381679,0.118818453,0.079654829,0.16461998,0.087288417
1017007,2.702290076,0.71291072,0.477928974,0.987719881,0.523730501
1017005,115.2977099,30.41752406,20.39163624,42.1427149,22.34583472
1017006,204.0229008,53.82475938,36.08363757,74.57285098,39.54165284
1017012,70.03435115,18.4762695,12.38632592,25.5984069,13.57334882
1017004,0,0,0,0,0
912001008,0,0,0,0,0
1012004,0,0,0,0,0
1012026,0,0,0,0,0
1012014,0,0,0,0,0
1012015,0,0,0,0,0
1012020,0,0,0,0,0
1012028,0,0,0,0,0
1012024,0,0,0,0,0
1012009,0,0,0,0,0
1012022,0,0,0,0,0
1012012,0,0,0,0,0
1012005,0,0,0,0,0
1012007,0,0,0,0,0
1012018,0,0,0,0,0
1012013,0,0,0,0,0
1012029,0,0,0,0,0
1020001,0,0,0,0,0
1020002,42,6,3,10,23
1020003,0,0,0,0,0
911002203,0,0,0,0,0
2056065,231.0694341,27.35759494,38.05379747,65.65338794,100.0046538
2056071,419.7761386,49.6996308,69.1310654,119.2703214,181.675121
2056069,394.4473737,46.70081751,64.95978376,112.0737,170.7130724
2056067,327.9408507,38.82674051,54.00712025,93.17730827,141.9296817
2056061,490.1338189,58.02966772,80.71795886,139.2609363,212.125256
2056057,487.9119974,57.76661392,80.35205696,138.6296538,211.1636727
2056058,327.7927293,38.80920359,53.98272679,93.13522276,141.8655761
2056047,14.81214321,1.753691983,2.439345992,4.208550509,6.410554728
2056009,0.740607161,0.087684599,0.1219673,0.210427525,0.320527736
2056014,599.0030715,70.9193038,98.6471519,170.1937826,259.2428332
2056024,350.0109441,41.43974156,57.64174578,99.44804852,151.4814082
2056018,299.3534143,35.44211498,49.29918249,85.05480578,129.5573111
2056053,159.6749038,18.90479958,26.29614979,45.36817448,69.10577997
2056050,179.5231757,21.25474684,29.56487342,51.00763217,77.69592331
2056042,306.3151216,36.26635021,50.44567511,87.03282452,132.5702718
2056039,166.932854,19.76410865,27.49142932,47.43036423,72.24695179
2056037,1.777457185,0.210443038,0.292721519,0.505026061,0.769266567
2056031,88.57661641,10.48707806,14.58728903,25.16713204,38.33511727
2056029,302.6120858,35.82792722,49.83583861,85.9806869,130.9676331
2056020,199.9639334,23.67484177,32.93117089,56.81543187,86.54248883
2056017,189.891676,22.48233122,31.27241561,53.95361752,82.18331162
2056010,77.31938757,9.154272152,12.73338608,21.96863366,33.46309568
2056006,153.6019251,18.18578586,25.29601793,43.64266878,66.47745253
2056003,186.484883,22.07898207,30.71136603,52.98565091,80.70888403
2056032,178.1900828,21.09691456,29.34533228,50.62886262,77.11897338
2056030,178.7825686,21.16706224,29.44290612,50.79720464,77.37539557
2056019,43.25145818,5.120780591,7.122890295,12.28896749,18.71881981
2056011,256.5463204,30.37394515,42.24947257,72.89209481,111.0308079
2056066,6.96170731,0.824235232,1.146492616,1.978018739,3.012960722
2056060,0.888728593,0.105221519,0.146360759,0.252513031,0.384633284
2056046,7.406071606,0.876845992,1.219672996,2.104275254,3.205277364
2056055,570.1193922,67.49960443,93.89042722,161.9871091,246.7422515
2056040,0,0,0,0,0
2056049,0,0,0,0,0
2056025,0,0,0,0,0
2056027,0,0,0,0,0
2056022,2056.221721,243.4475211,338.6300105,584.2309816,889.9132074
2056015,2804.383074,332.0265032,461.8413766,796.8048678,1213.710327
2056012,0,0,0,0,0
2056036,0,0,0,0,0
2056028,0,0,0,0,0
2056013,0,0,0,0,0
2056007,0,0,0,0,0
2056004,0,0,0,0,0
2056002,740.6071606,87.68459916,121.9672996,210.4275254,320.5277364
2056001,0,0,0,0,0
2056008,399.1872596,47.26199895,65.74037447,113.4204362,172.7644499
2056041,0,0,0,0,0
2056068,0,0,0,0,0
2056063,0,0,0,0,0
2056044,698.6887953,82.72165084,115.0639504,198.5173275,302.3858665
2056043,376.376559,44.56131329,61.98378165,106.9392684,162.8921956
2056045,253.2876489,29.98813291,41.71281646,71.9662137,109.6204859
2056033,325.4227864,38.52861287,53.59243143,92.46185468,140.8398874
2056054,0,0,0,0,0
2056051,199.6676905,23.63976793,32.88238397,56.73126086,86.41427774
2056072,19.8482719,2.349947257,3.268723629,5.639457682,8.590143336
2056048,0,0,0,0,0
2056062,48.28758687,5.717035865,7.952267932,13.71987466,20.89840841
2056059,185.2999116,21.93868671,30.51621835,52.64896687,80.19603965
2056016,318.7573219,37.73945148,52.49472574,90.56800695,137.9551378
2056034,123.2370315,14.5907173,20.29535865,35.01514023,53.33581534
2056035,142.1965748,16.83544304,23.41772152,40.40208488,61.54132539
2056005,208.2587336,24.65690928,34.29720464,59.17222015,90.13239948
2056021,308.0925788,36.47679325,50.73839662,87.53785058,133.3395383
2056038,630.2566937,74.61959388,103.7941719,179.0738241,272.7691037
2056026,513.9813694,60.85311181,84.64530591,146.0367027,222.4462491
2056023,306.0188788,36.23127637,50.39688819,86.94865351,132.4420607
2056056,176.5607471,20.90400844,29.07700422,50.16592207,76.41381236
2056052,150.6394965,17.83504747,24.80814873,42.80095867,65.19534159
2056064,94.94583799,11.24116561,15.63620781,26.97680876,41.09165581
2056073,252.6951632,29.91798523,41.61524262,71.79787168,109.3640637
2056074,288.2443069,34.12684599,47.469673,81.8983929,124.749395
2056070,278.0239281,32.91679852,45.78652426,78.99449305,120.3261122
912002305,0,0,0,0,0
912002304,0,0,0,0,0
912002303,0,0,0,0,0
913001102,0,0,0,0,0
913001103,0,0,0,0,0
913001104,0,0,0,0,0
913001106,0,0,0,0,0
912002306,0,0,0,0,0
912002302,0,0,0,0,0
913001105,0,0,0,0,0
913002103,0,0,0,0,0
920000002,0,0,0,0,0
1039021,66.01769169,13.78987968,13.0142959,21.6232759,17.59024022
1039014,23.016979,4.807822915,4.537416677,7.538925921,6.132813483
1039008,44.07126986,9.205676435,8.687921855,14.43499769,11.74267388
1039002,35.68523875,7.453989016,7.034754538,11.68825724,9.508237957
1039001,52.27887477,10.92009391,10.3059154,17.12329686,13.92956861
1039003,82.9681801,17.33052446,16.3558043,27.17519809,22.10665325
1039005,77.2585419,16.13788622,15.23024358,25.30507693,20.58533518
1039004,102.4166352,21.39294848,20.18974552,33.54529829,27.28864294
1039007,127.03945,26.5362009,25.04372616,41.61019578,33.84932713
1039006,172.0028508,35.92822706,33.90751687,56.33739991,45.82970696
1039009,110.6242401,23.10736595,21.80773907,36.23359745,29.47553767
1039012,232.6677567,48.60000838,45.86659959,76.20743722,61.99371148
1039028,0,0,0,0,0
1039024,173.7871127,36.30092651,34.2592546,56.92181277,46.30511885
1039030,39.61061502,8.273927808,7.808577537,12.97396554,10.55414413
1039026,149.8780028,31.30675387,29.54596906,49.09068042,39.93459942
1039013,95.45801367,19.93942062,18.81796839,31.26608812,25.43453654
1039020,52.45730097,10.95736385,10.34108917,17.18173815,13.9771098
1039011,33.18727204,6.932209785,6.542321721,10.87007924,8.8426613
1039023,57.63166059,12.03819226,11.36112858,18.87653545,15.3558043
1039019,69.22936318,14.46073869,13.6474238,22.67521905,18.44598164
1039017,130.4295476,27.24432985,25.71202784,42.72058022,34.75260973
1039010,13.02511215,2.720705991,2.567685406,4.266213893,3.470506854
1039015,162.7246887,33.99018991,32.07848069,53.29845302,43.35756509
1039016,356.4955352,74.46535027,70.27719784,116.7656899,94.9872972
1039022,124.5414833,26.01442167,24.55129334,40.79201778,33.18375047
1039018,60.66490588,12.67178133,11.95908271,19.87003731,16.16400453
1039025,234.9872972,49.08451767,46.32385863,76.96717394,62.61174695
1039027,1058.95946,221.1971241,208.7563409,346.8490337,282.1569614
1039029,117.2260093,24.48635392,23.10916866,38.39592504,31.23456169
1039031,45.32025322,9.46656605,8.934138264,14.8440867,12.07546221
1039033,21.05429086,4.397853519,4.150505178,6.896071773,5.609860395
1039032,119.5455498,24.9708632,23.5664277,39.15566176,31.85259716
1039034,13.73881692,2.869785771,2.708380497,4.499979038,3.660671614
1044002,212.054486,26.78459862,22.57391936,49.24155467,113.4544134
1044004,69.93846713,8.833926625,7.445187069,16.2405376,37.41881584
1044001,55.18685071,6.9706502,5.874827461,12.81503814,29.52633491
1044003,274.6171449,34.68688703,29.23392663,63.76934254,146.9269887
1044008,317.0280421,40.04380676,33.7487105,73.61765347,169.6178714
1044005,214.0301489,27.03414457,22.78423538,49.70032692,114.5114421
1044010,32.6642935,4.125826371,3.477224846,7.585034508,17.47620777
1044012,7.50751907,0.94827461,0.799200872,1.743334544,4.016709045
1044007,340.867708,43.05499455,36.28652379,79.15350527,182.3726843
1044009,113.0079186,14.27402833,12.03007628,26.24177261,60.46204141
1044011,26.21046131,3.310642935,2.790192517,6.086378496,14.02324737
1044006,149.8869597,18.9322194,15.9559753,34.80552125,80.19324373
913001108,0,0,0,0,0
913001107,0,0,0,0,0
1050003,0,0,0,0,0
1050005,0.795074758,0,0.099384345,0.099384345,0.596306069
1050002,7.204925242,0,0.900615655,0.900615655,5.403693931
1050004,0,0,0,0,0
1050001,0,0,0,0,0
1037007,249.0585353,45.03571839,35.87787604,87.63707362,80.50786723
1037005,34.71027143,6.27644424,5.000153133,12.21362122,11.22005283
1037002,0,0,0,0,0
1037010,181.6120363,32.83978408,26.16193867,63.9044447,58.70586884
1037004,210.0711688,37.98587344,30.26159029,73.91845641,67.90524865
1037006,188.5211898,34.08912369,27.15722982,66.33559205,60.93924429
1037019,270.1150033,48.84322959,38.91114429,95.0462846,87.31434478
1037021,105.9403545,19.15654071,15.26113089,37.27759274,34.24509016
1037015,260.4092875,47.08820489,37.51299721,91.63110141,84.17698404
1037020,73.3686306,13.26679683,10.56904406,25.81646951,23.7163202
1037016,106.2693618,19.21603308,15.30852571,37.39336166,34.35144137
1037012,296.6000919,53.63236476,42.72642701,104.3656828,95.87561732
1037011,366.0206347,66.18525324,52.72673328,128.7929252,118.315723
1037014,149.8628307,27.0987711,21.58833888,52.73274377,48.44297692
1037009,190.4952337,34.44607787,27.44159871,67.03020558,61.57735156
1037013,224.5474905,40.60353738,32.34696221,79.01228896,72.58470196
1037003,0,0,0,0,0
1037001,46.39003101,8.388423108,6.682669117,16.32341794,14.99552085
1037018,258.1062364,46.67175836,37.18123349,90.82071896,83.43252555
1037017,953.2986869,172.3791202,137.3264806,335.4404502,308.1526358
1037008,131.6029248,23.79694499,18.95792657,46.30756862,42.54048467
911301001,0,0,0,0,0
911002202,0,0,0,0,0
2081011,0,0,0,0,0
2081008,339.6803653,44.48690219,33.26123528,42.82384042,219.1083874
2081007,193.7945205,25.38067772,18.97620764,24.43186734,125.0057678
2081004,3.730593607,0.488584475,0.365296804,0.470319635,2.406392694
2081012,0,0,0,0,0
2081001,60.99847793,7.988784747,5.972923176,7.690138588,39.34663142
2081006,63.74733638,8.34879436,6.242089241,8.036689898,41.11976288
2081010,3.076103501,0.4028679,0.301209645,0.387807418,1.984218537
2081009,79.91324201,10.46599375,7.825042057,10.07474165,51.54746455
2081005,72.05936073,9.437394857,7.055996155,9.084595049,46.48137467
2081002,0,0,0,0,0
2081003,0,0,0,0,0
6074023,0,0,0,0,0
6074026,758.7779014,134.0491739,92.94076054,257.7318783,274.0560888
6074027,346.313677,61.18135782,42.41907475,117.6313573,125.0818871
6074031,2.516237041,0.444529942,0.308207427,0.854682902,0.90881677
6074009,915.1156818,161.668521,112.0901746,310.8346765,330.5223097
6074012,1.854069399,0.327548378,0.227100209,0.629766349,0.669654462
6074014,276.918508,48.92168994,33.91903836,94.06010253,100.0176772
6074018,192.4259169,33.99484241,23.56975741,65.36075035,69.50056671
6074019,226.3951169,39.99599663,27.73055766,76.89896952,81.76959311
6074001,58.66805311,10.36456654,7.186099471,19.92760661,21.18978049
6074003,13.7068702,2.421518369,1.678919402,4.65577265,4.950659776
6074021,192.4921336,34.00654057,23.57786813,65.383242,69.52448294
6074010,446.8307251,78.93915919,54.73115037,151.7736901,161.3867255
6074015,266.5224761,47.08507939,32.64565504,90.52891264,96.26282898
6074020,37.67733885,6.656250975,4.615000676,12.79775187,13.60833533
6074017,106.741424,18.85742807,13.07448346,36.25654837,38.55296405
6074022,59.66130458,10.54003889,7.307760297,20.26498144,21.54852395
6074005,264.7346234,46.76922917,32.42666556,89.92163795,95.61709075
6074002,207.3246888,36.6269276,25.3946698,70.42137279,74.88171864
6074007,0,0,0,0,0
6074006,0,0,0,0,0
6074011,2.251369984,0.397737317,0.27576454,0.764716281,0.813151847
6074024,103.2981522,18.24912394,12.65272593,35.08698229,37.30932005
6074016,1173.758363,207.3615198,143.7706537,398.6870821,423.9391072
6074025,123.7591324,21.86385426,15.15893895,42.03690378,44.69943537
6074030,186.5988416,32.96540465,22.85601389,63.38148468,67.3959384
6074029,194.6772869,34.39257973,23.84552195,66.12546663,70.31371856
6074013,130.5794591,23.06876436,15.99434329,44.35354428,47.16280714
6074004,77.27496387,13.65174848,9.465212283,26.24776175,27.91024135
6074008,1.125684992,0.198868658,0.13788227,0.38235814,0.406575924
6074028,0,0,0,0,0
1025019,238.2537619,55.7220754,40.89137587,83.56528774,58.07502292
1025021,316.6504234,74.0572515,54.34655628,111.0621865,77.1844291
1025023,215.185319,50.32689715,36.93215037,75.47424627,52.45202524
1025024,1.802222102,0.421498301,0.309314492,0.632112615,0.439296694
1025022,196.4422092,45.94331482,33.71527965,68.90027507,47.88333963
1025017,171.0308775,40.00018877,29.35394531,59.98748719,41.68925624
1025020,236.0910954,55.21627744,40.52019848,82.8067526,57.54786689
1025014,600.8608489,140.5275336,103.1254517,210.7463459,146.4615177
1025018,454.5204142,106.3018715,78.00911493,159.4188016,110.7906262
1025012,484.9779677,113.4251928,83.23652985,170.1015048,118.2147403
1025013,0,0,0,0,0
1025009,246.7242058,57.70311742,42.34515398,86.53621703,60.13971738
1025005,73.35043957,17.15498085,12.58909983,25.72698344,17.87937544
1025001,56.22932959,13.15074699,9.650612157,19.7219136,13.70605685
1025002,372.5193086,87.12369883,63.93530554,130.6576776,90.80262661
1025007,432.893749,101.2438919,74.29734103,151.8334502,105.5190659
1025003,115.702659,27.06019093,19.8579904,40.5816299,28.20284774
1025004,244.3813171,57.15516962,41.94304514,85.71447063,59.56863168
1025006,276.2806483,64.61568955,47.41791166,96.90286392,67.34418316
1025010,380.629308,89.02044118,65.32722075,133.5021843,92.77946173
1025008,438.3004153,102.5083868,75.2252845,153.729788,106.8369559
1025011,332.5099779,77.76643655,57.06852381,116.6247775,81.05024001
1025016,445.8697481,104.2786797,76.52440537,156.384661,108.682002
1025015,351.7937544,82.27646837,60.37818888,123.3883825,85.75071463
913001007,0,0,0,0,0
1022014,53.11111111,12.58678054,9.07864069,18.36989592,13.07579397
1022013,269.7777778,63.9345254,46.11493639,93.30984788,66.41846811
1022010,253.3333333,60.03736322,43.30397651,87.62209768,62.36989592
1022007,27.77777778,6.583044213,4.748243039,9.607686149,6.838804377
1022009,43.11111111,10.21688462,7.369273196,14.9111289,10.61382439
1022006,48.44444444,11.48082911,8.28093586,16.75580464,11.92687483
1022004,324.6666667,76.94262076,55.49746464,112.2946357,79.93194556
1022003,330.4444444,78.31189396,56.48509919,114.2930344,81.35441687
1022002,356.6666667,84.5262877,60.96744062,123.3626902,87.8102482
1022001,101.1111111,23.96228094,17.28360466,34.97197758,24.89324793
1022005,10.22222222,2.42256027,1.747353438,3.535628503,2.516680011
1022011,2.444444444,0.579307891,0.417845387,0.845476381,0.601814785
1022008,358.8888889,85.05293123,61.34730006,124.131305,88.35735255
1022012,318,75.36269015,54.35788631,109.988791,78.29063251
1043017,139.3614417,21.65752135,18.08923408,41.43177997,58.18290633
1043016,116.6702979,18.13119494,15.14390424,34.68576424,48.70943447
1043014,223.8859525,34.79308722,29.06058772,66.56068859,93.471589
1043008,336.0180217,52.21901688,43.615426,99.89724968,140.2863291
1043005,175.6672719,27.2996436,22.80176182,52.22540515,73.3404613
1043009,251.1153251,39.02467891,32.59498352,74.65590747,104.8397552
1043013,199.1147872,30.94351422,25.84526932,59.19628808,83.12971555
1043015,243.7407034,37.87862282,31.63775133,72.46345236,101.7608769
1043007,174.9109004,27.18209939,22.70358416,52.00053796,73.02467891
1043011,69.2079887,10.75529554,8.983256002,20.57534799,28.89408917
1043004,76.39351758,11.87196557,9.915943783,22.71158631,31.89402192
1043010,114.5902764,17.80794836,14.87391567,34.06737946,47.84103288
1043006,329.3997714,51.19050501,42.75637146,97.92966176,137.5232331
1043012,30.25485845,4.701768543,3.927106449,8.994687647,12.63129581
1043003,154.2997781,23.97901957,20.02824289,45.872907,64.41960863
1043001,10.77829332,1.675005043,1.399031672,3.204357474,4.499899133
1043002,166.5908143,25.88911304,21.62362988,49.52699886,69.55107256
1030003,283.0613887,19.40609994,36.47008436,62.23335496,164.9518494
1030001,264.1759896,18.11135626,34.03685918,58.08124594,153.9465282
1030005,0,0,0,0,0
1030006,0,0,0,0,0
1030007,0,0,0,0,0
1030002,153.0595717,10.49344581,19.72044127,33.6513952,89.19428942
1030004,145.70305,9.989097988,18.77261518,32.03400389,84.9073329
1003014,0,0,0,0,0
1003015,0,0,0,0,0
1003012,0,0,0,0,0
1003016,0,0,0,0,0
1003013,0,0,0,0,0
1003010,0,0,0,0,0
1003011,0,0,0,0,0
1003006,0,0,0,0,0
1003002,0,0,0,0,0
1003004,0,0,0,0,0
1003003,0,0,0,0,0
1003001,0,0,0,0,0
1003005,0,0,0,0,0
1003007,0,0,0,0,0
1003008,0,0,0,0,0
1003017,0,0,0,0,0
1003009,0,0,0,0,0
912341001,0,0,0,0,0
1024019,474.1978022,108.8695055,84.13186813,173.4024725,107.793956
1024022,148.472967,34.08741758,26.34197802,54.29291209,33.75065934
1024021,335.7538462,77.08461538,59.56923077,122.7769231,76.32307692
1024018,362.1345055,83.14126374,64.24967033,132.4236813,82.31989011
1024015,409.8813187,94.1032967,72.72087912,149.8835165,93.17362637
1024002,92.44131868,21.2232967,16.40087912,33.80351648,21.01362637
1024001,184.0105495,42.24637363,32.64703297,67.28813187,41.82901099
1024007,397.6720879,91.30021978,70.55472527,145.4189011,90.39824176
1024012,138.443956,31.78489011,24.56263736,50.62554945,31.47087912
1024016,106.1767033,24.37675824,18.8378022,38.82620879,24.13593407
1024008,0,0,0,0,0
1024003,59.95604396,13.76510989,10.63736264,21.92445055,13.62912088
1024006,277.541978,63.71994505,49.24131868,101.4902747,63.09043956
1024020,0,0,0,0,0
1024005,0.436043956,0.10010989,0.077362637,0.159450549,0.099120879
1024004,0,0,0,0,0
1024010,113.8074725,26.12868132,20.19164835,41.61659341,25.87054945
1024014,0,0,0,0,0
1024013,32.48527473,7.458186813,5.763516484,11.87906593,7.384505495
1024011,129.7230769,29.78269231,23.01538462,47.43653846,29.48846154
1024017,381.1024176,87.49604396,67.61494505,139.3597802,86.63164835
1024009,323.7626374,74.33159341,57.44175824,118.392033,73.59725275
911202201,0,0,0,0,0
911002201,0,0,0,0,0
1019002,0,0,0,0,0
1019001,0,0,0,0,0
1066021,86.00967127,18.74718489,15.05807301,18.53836724,33.66604613
1066020,21.37618053,4.659280785,3.742417363,4.607382855,8.367099528
1066001,0,0,0,0,0
1066003,98.80171631,21.53541591,17.29762986,21.29554123,38.67312931
1066002,147.6134671,32.17471849,25.8433073,31.81633672,57.77910461
1066004,147.7817835,32.21140574,25.87277515,31.85261533,57.84498729
1066016,0,0,0,0,0
1066007,157.8807664,34.41264076,27.64084635,34.02933164,61.79794769
1066008,208.5439975,45.45550309,36.51067018,44.94919179,81.6286324
1066005,3.366327643,0.733745005,0.589357065,0.725572103,1.317653469
1066011,405.1375318,88.30621141,70.92912278,87.32260262,158.579595
1066010,282.2665728,61.52451871,49.4175899,60.83922085,110.4852434
1066013,403.6226843,87.97602615,70.6639121,86.99609517,157.9866509
1066015,104.3561569,22.74609517,18.27006902,22.4927352,40.84725754
1066014,349.4248093,76.16273157,61.17526335,75.31438431,136.7724301
1066018,227.9003814,49.67453687,39.8994733,49.12123138,89.20513985
1066022,27.77220305,6.053396295,4.862195786,5.985969851,10.87064112
1066017,364.7416001,79.50127134,63.85683799,78.61573738,142.7677534
1066023,5.217807846,1.137304758,0.913503451,1.12463676,2.042362877
1066019,103.8512078,22.63603342,18.18166546,22.38389938,40.64960952
1066012,0.168316382,0.03668725,0.029467853,0.036278605,0.065882673
1066009,426.3453959,92.92880494,74.64207228,91.89370687,166.8808118
1066006,134.8214221,29.38648747,23.60375045,29.05916273,52.77202143
930000007,0,0,0,0,0
930000008,0,0,0,0,0
914001012,0,0,0,0,0
914001014,0,0,0,0,0
940000003,0,0,0,0,0
1031012,142.6700849,19.45196268,18.78120535,35.08060856,69.35630831
1031011,304.4701185,41.51214592,40.08069261,74.86500799,148.012272
1031008,360.4296882,49.14180045,47.44725561,88.6246953,175.2159368
1031006,174.1361688,23.74211986,22.92342607,42.81768513,84.65293772
1031003,350.9541061,47.84987812,46.19988232,86.2947802,170.6095654
1031004,162.3363873,22.13331092,21.3700933,39.91628142,78.91670169
1031009,81.5257628,11.11540725,10.73211734,20.04606203,39.63217618
1031010,329.3211734,44.90039506,43.35210557,80.97554005,160.0931327
1031001,0,0,0,0,0
1031002,43.98100361,5.996469698,5.789694881,10.81432294,21.3805161
1031007,58.64133815,7.995292931,7.719593175,14.41909725,28.5073548
1031005,118.5341683,16.16121711,15.60393376,29.14591914,57.62309826
913002108,0,0,0,0,0
1016014,114.8183544,28.92683972,25.84951635,38.15880984,21.88318844
1016016,98.26888698,24.75743847,22.12366842,32.65874862,18.72903147
1016015,107.6229338,27.11405657,24.22958247,35.76747888,20.51181584
1016009,140.6190768,35.42696216,31.6581364,46.73343945,26.80053875
1016005,113.1736868,28.51248929,25.47924575,37.61221991,21.56973185
1016013,179.2687645,45.16419738,40.35949553,59.57830293,34.1667687
1016011,157.9908779,39.80353863,35.56911963,52.50679564,30.11142402
1016006,32.99614301,8.312905596,7.428553937,10.96596057,6.288722909
1016008,125.8170687,31.69780825,28.32570099,41.81413004,23.97942941
1016003,18.91367699,4.765029999,4.258111914,6.285784254,3.604750826
1016012,104.7447655,26.38894331,23.58160891,34.81094649,19.96326681
1016010,151.0010408,38.04254928,33.99546957,50.18378842,28.7792335
1016007,62.90853435,15.84890413,14.1628505,20.90706502,11.98971471
1016004,37.72456226,9.504163095,8.493081915,12.53740664,7.189910616
1016017,156.860169,39.51867271,35.31455859,52.13101506,29.89592262
1016002,75.96308314,19.1378107,17.10187339,25.24562263,14.47777642
1016001,0.308375168,0.077690707,0.069425738,0.102485613,0.058773111
1027003,28.98875594,6.909506344,5.59918225,10.86356804,5.616499309
1027001,261.3517528,62.29351813,50.48012747,97.94185557,50.63625158
1027004,127.1277734,30.30106428,24.55474716,47.64127232,24.63068968
1027006,82.13480849,19.57693464,15.86434971,30.78010943,15.91341471
1027007,353.4514461,84.24559557,68.26919608,132.4563165,68.48033792
1027011,232.3629968,55.38401179,44.88094522,87.07828754,45.01975227
1027012,251.0849017,59.8464013,48.49708376,94.09434189,48.64707474
1027017,38.80265769,9.248662137,7.494738741,14.54133846,7.517918345
1027013,187.2190488,44.62389514,36.16138536,70.16054356,36.2732247
1027016,397.5385124,94.75380314,76.78461908,148.9779929,77.02209729
1027021,314.9507546,75.06890746,60.83278215,118.0281402,61.02092478
1027026,76.85039986,18.31738921,14.84366544,28.79977151,14.88957369
1027024,323.4058084,77.08418015,62.46587698,121.1966809,62.65907041
1027028,452.7983284,107.9250496,87.45806025,169.6866695,87.7285491
1027027,104.3293248,24.86702543,20.15122362,39.09752871,20.21354699
1027025,148.8693404,35.48319404,28.75413385,55.78894835,28.84306416
1027023,63.56388672,15.15053214,12.27737358,23.82063616,12.31534484
1027018,23.85533041,5.685947929,4.607660393,8.939811196,4.621910889
1027022,314.3468222,74.92495941,60.71613252,117.8018159,60.90391438
1027019,172.8756539,41.20512898,33.39095665,64.78534063,33.49422765
1027014,190.3896939,45.37962239,36.77379592,71.34874632,36.88752931
1027002,0,0,0,0,0
1027015,161.8538873,38.57807708,31.2621009,60.65492153,31.35878781
1027009,438.6059167,104.5422705,84.71679394,164.3680476,84.97880464
1027008,89.83494679,21.41227226,17.35163249,33.66574469,17.40529734
1027010,0,0,0,0,0
1027005,0,0,0,0,0
1027020,185.4072515,44.19205099,35.81143647,69.48157056,35.92219349
914001006,0,0,0,0,0
1040009,201.3614323,30.10182768,32.14957106,63.27527042,75.83476315
1040019,183.2058933,27.38772846,29.25083924,57.57012309,68.99720254
1040013,98.84682332,14.7767624,15.78198433,31.0613577,37.22671889
1040021,85.82618426,12.83028721,13.70309586,26.96978739,32.3230138
1040022,74.45604874,11.1305483,11.88772846,23.39686684,28.04090513
1040016,133.5073977,19.95822454,21.31592689,41.95300261,50.28024369
1040018,67.85403456,10.14360313,10.83364416,21.32226781,25.55451946
1040017,154.0469974,23.02872063,24.59530026,48.4073107,58.0156658
1040011,149.6456546,22.37075718,23.8925774,47.02424468,56.35807535
1040008,182.6557255,27.30548303,29.16299888,57.39723984,68.79000373
1040003,168.3513614,25.16710183,26.87914957,52.90227527,63.40283476
1040004,527.9777446,78.92819843,84.29746363,165.9102947,198.8417879
1040010,159.7320651,23.87859008,25.50298396,50.19377098,60.15672013
1040006,68.77098098,10.28067885,10.98004476,21.61040656,25.8998508
1040002,159.9154544,23.90600522,25.53226408,50.25139873,60.2257864
1040001,71.15504165,10.63707572,11.36068631,22.35956733,26.7977123
1040005,153.130051,22.89164491,24.44889966,48.11917195,57.67033445
1040012,67.85403456,10.14360313,10.83364416,21.32226781,25.55451946
1040014,42.179535,6.305483029,6.734427452,13.25438269,15.88524183
1040015,0,0,0,0,0
1040020,4.584732065,0.68537859,0.732002984,1.440693771,1.72665672
1040023,159.7320651,23.87859008,25.50298396,50.19377098,60.15672013
1040007,35.21074226,5.263707572,5.621782917,11.06452816,13.26072361
912002308,0,0,0,0,0
1068001,137.7956892,20.23329107,12.9074443,28.43126245,76.22369136
1068002,88.42963231,12.98460424,8.283282014,18.24560768,48.91613838
1068005,0,0,0,0,0
1068004,367.0259011,53.8924108,34.37964137,75.72812896,203.02572
1068003,196.7487774,28.8896939,18.42963231,40.59500091,108.8344503
914001013,0,0,0,0,0
1006001,0,0,0,0,0
1006002,0,0,0,0,0
1006003,0,0,0,0,0
1006005,0,0,0,0,0
1006010,31.56227758,13.52669039,6.119217082,9.017793594,2.898576512
1006007,8.457295374,3.62455516,1.639679715,2.416370107,0.776690391
1006009,34.613879,14.83451957,6.710854093,9.889679715,3.178825623
1006006,21.01245552,9.005338078,4.073843416,6.003558719,1.929715302
1006004,0,0,0,0,0
1006008,2.354092527,1.008896797,0.456405694,0.672597865,0.216192171
920000008,0,0,0,0,0
1007001,0,0,0,0,0
1007003,1.252525253,0.626262626,0.208754209,0,0.417508418
1007004,0.04040404,0.02020202,0.006734007,0,0.013468013
1007002,0.545454545,0.272727273,0.090909091,0,0.181818182
1007005,4.161616162,2.080808081,0.693602694,0,1.387205387
1007006,0,0,0,0,0
912001007,0,0,0,0,0
1033008,73.70682474,6.155559116,14.30967639,20.94488946,32.29669978
1033004,171.3425184,14.30951618,33.26497917,48.68952259,75.07850048
1033005,199.7026594,16.67798782,38.77090676,56.74847805,87.50528677
1033009,22.00865107,1.838032682,4.272829221,6.254085229,9.643703941
1033007,218.6094201,18.25696892,42.44152515,62.12111503,95.78981096
1033006,81.97853252,6.846363345,15.91557193,23.29541814,35.92117911
1033011,2.658763217,0.222044217,0.516180711,0.755527075,1.165011214
1033003,67.20762576,5.612784364,13.04790131,19.0980455,29.44889459
1033002,2.363345082,0.197372637,0.458827299,0.671579622,1.035565524
1033001,34.56392182,2.886574816,6.710349247,9.821851971,15.14514579
1033010,0,0,0,0,0
1033012,47.8577379,3.996795899,9.291252804,13.59948734,20.97020186
6076004,76.2795961,6.006267409,22.22318942,18.61942897,29.43071031
6076002,25.82451253,2.033426184,7.52367688,6.30362117,9.963788301
6076003,13.48711699,1.061977716,3.929317549,3.292130919,5.203690808
6076001,11.40877437,0.898328691,3.323816156,2.784818942,4.401810585
1015018,51.87713568,12.30942211,9.789949749,19.74786432,10.0298995
1015016,66.67977387,15.82179648,12.58341709,25.38272613,12.89183417
1015009,179.8045226,42.66407035,33.93165829,68.44547739,34.76331658
1015012,619.4021357,146.9719221,116.8899497,235.7853643,119.7548995
1015011,177.6316583,42.14849246,33.52160804,67.61834171,34.34321608
1015004,143.1374372,33.96369347,27.0120603,54.48756281,27.6741206
1015007,80.12437186,19.01193467,15.12060302,30.50062814,15.49120603
1015002,91.39610553,21.68649497,17.24773869,34.79139447,17.67047739
1015001,96.01344221,22.78209799,18.11909548,36.54905779,18.56319095
1015006,0,0,0,0,0
1015014,198.5454774,47.11092965,37.46834171,75.57952261,38.38668342
1015017,13.71620603,3.254585427,2.588442211,5.22129397,2.651884422
1015015,100.6307789,23.87770101,18.99045226,38.30672111,19.45590452
1015013,81.7540201,19.39861809,15.4281407,31.1209799,15.80628141
1015008,44.95113065,10.66601759,8.482914573,17.11136935,8.690829146
1015010,25.25954774,5.993592965,4.766834171,9.615452261,4.883668342
1015003,68.44522613,16.24070352,12.91658291,26.05477387,13.23316583
1015005,50.6548995,12.01940955,9.559296482,19.2826005,9.793592965
1015019,71.97613065,17.07851759,13.58291457,27.39886935,13.91582915
1036003,509.1306776,91.65735705,81.28105248,149.4187858,186.7734823
1036004,348.1475819,62.67602528,55.58062619,102.1737469,127.7171836
1036001,4.327502572,0.779068058,0.690871674,1.270027929,1.587534911
1036002,610.3942378,109.8875496,97.44744965,179.1374394,223.9217992
913002104,0,0,0,0,0
2096006,0.420731707,0.176829268,0.024390244,0.030487805,0.18902439
2096003,40.81097561,17.15243902,2.365853659,2.957317073,18.33536585
2096002,2.31402439,0.972560976,0.134146341,0.167682927,1.039634146
2096004,8.06402439,3.389227642,0.467479675,0.584349593,3.62296748
2096005,3.786585366,1.591463415,0.219512195,0.274390244,1.701219512
2096001,13.60365854,5.717479675,0.788617886,0.985772358,6.111788618
7079011,0,0,0,0,0
7079001,156.9232476,18.02496763,19.08525985,30.04161272,89.77140743
7079009,16.09469207,1.848714629,1.957462549,3.081191049,9.207323839
7079004,5.830220085,0.669687442,0.709080821,1.116145737,3.335306085
7079002,64.54299982,7.413722952,7.849824302,12.35620492,36.92324764
7079007,15.43776586,1.773256889,1.877566118,2.955428149,8.831514703
7079003,0,0,0,0,0
7079005,59.61605326,6.847789902,7.250601073,11.41298317,34.10467912
7079006,0,0,0,0,0
7079010,123.7484742,14.21435177,15.05049011,23.69058628,70.79304605
7079008,1.806547069,0.207508785,0.219715184,0.345847975,1.033475125
1047005,180.527897,24.87553648,25.05579399,56.15021459,74.44635193
1047001,250.0819352,34.45961764,34.70932501,77.78384705,103.1291455
1047003,325.262817,44.81904019,45.14381584,101.1676161,134.1323449
1047006,229.4501756,31.61669918,31.8458057,71.36667967,94.62099103
1047004,141.1399922,19.4481467,19.5890753,43.89925868,58.20351151
1047007,185.5295357,25.56472883,25.74998049,57.70589153,76.50893484
1047008,156.7701131,21.60187281,21.75840812,48.76074912,64.64908311
1047009,391.6908311,53.97237612,54.3634803,121.8289504,161.5260242
1047002,142.5467031,19.64198205,19.78431526,44.33679282,58.78361295
1067001,251.35363,38.66978923,16.38095238,46.99453552,149.3083528
1067006,146.6577451,22.56273001,9.557823129,27.41998439,87.11720754
1067007,158.8705253,24.44161927,10.3537415,29.70335675,94.37180774
1067005,129.4345935,19.91301439,8.43537415,24.19984387,76.8863611
1067004,47.07661425,7.242556039,3.068027211,8.801717408,27.96431359
1067002,79.33087989,12.20475075,5.170068027,14.83216237,47.12389874
1067003,123.276012,18.96554031,8.034013605,23.04839969,73.22805844
1064003,103.6499639,16.17658396,9.785834739,26.36184052,51.32570465
1064001,0,0,0,0,0
1064002,305.4485666,47.67116358,28.8381113,77.68634064,151.2529511
1064004,109.9014695,17.15225247,10.37605396,27.95181884,54.42134425
911002204,0,0,0,0,0
3091047,0.230700788,0.031898023,0.033804641,0.084556999,0.080441125
3091054,0,0,0,0,0
3091056,1.753325989,0.242424976,0.256915274,0.642633191,0.611352549
3091053,0,0,0,0,0
3091049,26.85357173,3.712929897,3.934860242,9.842434661,9.363346932
3091022,8.166807898,1.12919002,1.1966843,2.993317758,2.847615819
3091018,22.14727565,3.062210224,3.24524556,8.117471885,7.722347985
3091011,0,0,0,0,0
3091017,4.2448945,0.586923626,0.622005399,1.555848778,1.480116697
3091015,13.65748665,1.888362972,2.001234762,5.005774329,4.762114591
3091044,0,0,0,0,0
3091042,32.75951191,4.52951929,4.800259058,12.00709383,11.42263973
3091038,350.7574782,48.49775443,51.39657656,128.560461,122.3026862
3091041,43.78700958,6.054244798,6.41612091,16.04891837,15.2677255
3091043,0.415261419,0.057416442,0.060848354,0.152202598,0.144794025
3091032,20.07096856,2.775128016,2.941003789,7.356458896,6.998377861
3091035,151.939539,21.00803806,22.26373673,55.68923941,52.97852482
3091034,10.98135751,1.518345903,1.609100924,4.024913143,3.828997543
3091031,3281.118888,453.6664447,480.7831298,1202.60346,1144.065854
3091026,107.3220066,14.83896038,15.72591911,39.33591584,37.42121128
3091025,0,0,0,0,0
3091027,0,0,0,0,0
3091028,0,0,0,0,0
3091033,0.276840946,0.038277628,0.04056557,0.101468399,0.09652935
3091029,0.461401576,0.063796046,0.067609283,0.169113998,0.16088225
3091023,0.876662995,0.121212488,0.128457637,0.321316595,0.305676274
3091030,0,0,0,0,0
3091037,0,0,0,0,0
3091019,0.415261419,0.057416442,0.060848354,0.152202598,0.144794025
3091016,77.284764,10.68583776,11.32455482,28.3265946,26.94777682
3091021,0,0,0,0,0
3091013,16.70273706,2.309416878,2.447456027,6.121926713,5.823937439
3091006,0,0,0,0,0
3091010,81.43737819,11.26000218,11.93303836,29.84862058,28.39571707
3091012,18.45606305,2.551841854,2.7043713,6.764559904,6.435289988
3091003,39.81895602,5.505598799,5.83468108,14.59453799,13.88413815
3091002,0,0,0,0,0
3091004,18.04080163,2.494425412,2.643522946,6.612357306,6.290495963
3091005,21.73201424,3.004793783,3.184397206,7.965269287,7.57755396
3091055,0.415261419,0.057416442,0.060848354,0.152202598,0.144794025
3091014,52.55363952,7.266369678,7.700697277,19.26208433,18.32448824
3091040,0.276840946,0.038277628,0.04056557,0.101468399,0.09652935
3091007,21.73201424,3.004793783,3.184397206,7.965269287,7.57755396
3091009,0,0,0,0,0
3091001,45.7248962,6.322188192,6.700079896,16.75919716,15.94343094
3091052,38.61931192,5.339729079,5.658896946,14.1548416,13.4658443
3091051,1.799466147,0.248804581,0.263676202,0.659544591,0.627440774
3091046,820.8334039,113.4931664,120.2769136,300.8538017,286.2095222
3091048,122.1329972,16.88681347,17.89617708,44.76447517,42.58553149
3091050,165.6431658,22.90278064,24.27173242,60.71192514,57.75672764
3091045,2.722269299,0.376396673,0.398894767,0.997772586,0.949205273
3091036,1801.496314,249.0852833,263.9736826,660.2886922,628.1486557
3091039,85.17473096,11.77675015,12.48067355,31.21844396,29.69886329
3091020,70.40988052,9.735276671,10.31717651,25.80679603,24.5506313
3091024,0.046140158,0.006379605,0.006760928,0.0169114,0.016088225
3091008,41.71070248,5.767162589,6.111879139,15.28790538,14.54375537
1021002,55.49433962,4.381132075,0.730188679,27.01698113,23.36603774
1021001,20.50566038,1.618867925,0.269811321,9.983018868,8.633962264
1057021,10.1333114,0,2.041786625,6.049738148,2.041786625
1057015,4.907197499,0,0.988763675,2.929670149,0.988763675
1057013,4.945408681,0,0.996462943,2.952482795,0.996462943
1057008,10.43312221,0,2.102196266,6.228729676,2.102196266
1057010,36.11838447,0,7.27758493,21.56321461,7.27758493
1057011,15.0985605,0,3.042247265,9.01406597,3.042247265
1057014,17.45148748,0,3.516344493,10.4187985,3.516344493
1057018,15.07651559,0,3.03780538,9.000904828,3.03780538
1057006,0,0,0,0,0
1057012,11.67057662,0,2.351534096,6.967508431,2.351534096
1057003,16.5917359,0,3.343110965,9.90551397,3.343110965
1057009,23.42786323,0,4.720539607,13.98678402,4.720539607
1057007,8.528441776,0,1.718417373,5.09160703,1.718417373
1057016,4.960105289,0,0.9994242,2.961256889,0.9994242
1057022,0.412974692,0,0.083211319,0.246552055,0.083211319
1057027,0.37329385,0,0.075215925,0.222862,0.075215925
1057026,1.592377505,0,0.320852184,0.950673138,0.320852184
1057028,0.99643004,0,0.200773217,0.594883606,0.200773217
1057025,7.673099175,0,1.546072222,4.580954731,1.546072222
1057024,1.018474953,0,0.205215102,0.608044748,0.205215102
1057017,2.041358888,0,0.411318582,1.218721724,0.411318582
1057020,2.839384717,0,0.572114831,1.695155055,0.572114831
1057019,1.283013901,0,0.258517726,0.765978449,0.258517726
1057023,3.402999644,0,0.685679033,2.031641578,0.685679033
1057005,7.678977818,0,1.547256725,4.584464369,1.547256725
1057004,9.970179046,0,2.008916674,5.952345699,2.008916674
1057002,29.72389021,0,5.989142058,17.7456061,5.989142058
1057001,19.65083491,0,3.959496586,11.73184174,3.959496586
913002102,0,0,0,0,0
913002101,0,0,0,0,0
913001101,0,0,0,0,0
913002202,0,0,0,0,0
913002201,0,0,0,0,0
920000001,0,0,0,0,0
1029004,0,0,0,0,0
1029005,0,0,0,0,0
1029003,0,0,0,0,0
1029007,0,0,0,0,0
1029010,0,0,0,0,0
1029009,0,0,0,0,0
1029008,0,0,0,0,0
1029006,0,0,0,0,0
1029001,0,0,0,0,0
1029002,0,0,0,0,0
1026019,124.8609891,42.82471305,21.94544424,37.1384441,22.9523877
1026014,234.1890322,80.32194984,41.16083322,69.65679467,43.04945444
1026012,63.4759813,21.77093666,11.15647584,18.88018988,11.66837891
1026009,404.6033725,138.7705115,71.11268953,120.3445515,74.37561995
1026005,320.068301,109.7767465,56.25488876,95.20058098,58.83608474
1026007,320.3670115,109.879198,56.30738983,95.28942894,58.89099476
1026010,185.0511549,63.46868358,32.52440839,55.0413065,34.01675641
1026003,272.1252657,93.3332861,47.82846819,80.94048463,50.02302678
1026008,347.9977327,119.3559586,61.16373813,103.5078645,63.97017146
1026004,203.2724954,69.71822304,35.72697322,60.4610316,37.36626754
1026001,18.22134051,6.249539464,3.202564829,5.419725096,3.349511124
1026002,302.4443815,103.73211,53.15732606,89.95855179,55.59639365
1026006,162.9465779,55.88727505,28.63932974,48.46655803,29.95341505
1026011,230.3057957,78.99008077,40.4783194,68.50177129,42.3356242
1026013,150.2513816,51.53308771,26.40803458,44.69052005,27.61973927
1026017,336.3480232,115.3603514,59.11619668,100.0427944,61.82868074
1026016,23.59812952,8.093665864,4.147583959,7.018988239,4.337891455
1026015,408.3372538,140.0511549,71.76895281,121.4551509,75.06199518
1026018,84.68442681,29.04499079,14.8840513,25.1883945,15.56699022
1026021,22.85135327,7.837537197,4.016331302,6.796868358,4.200616409
1026020,0,0,0,0,0
911301101,0,0,0,0,0
914001007,0,0,0,0,0
1012010,0,0,0,0,0
1012008,0,0,0,0,0
1012016,0,0,0,0,0
1012003,0,0,0,0,0
1012011,0,0,0,0,0
1012001,0,0,0,0,0
1012002,0,0,0,0,0
1012006,0,0,0,0,0
1012017,0,0,0,0,0
1012021,0,0,0,0,0
913401001,0,0,0,0,0
3094001,10.9906661,0,3.996605855,1.998302927,4.995757319
3094003,0.009333899,0,0.003394145,0.001697073,0.004242681
1062001,0,0,0,0,0
1062003,0,0,0,0,0
1062002,0,0,0,0,0
1001004,0,0,0,0,0
1001009,0,0,0,0,0
1001007,0,0,0,0,0
1001006,0,0,0,0,0
1001008,0,0,0,0,0
1001001,0,0,0,0,0
1001003,0,0,0,0,0
1001005,0,0,0,0,0
1001010,0,0,0,0,0
1001002,0,0,0,0,0
1058003,0.065643649,0.014066496,0.009377664,0.014066496,0.028132992
1058002,13.8597613,2.969948849,1.979965899,2.969948849,5.939897698
1058001,0.074595055,0.015984655,0.010656436,0.015984655,0.031969309
2097001,7.84,2.94,0,0.98,3.92
2097002,0.16,0.06,0,0.02,0.08
1002001,0,0,0,0,0
1002003,0,0,0,0,0
1002002,0,0,0,0,0
1061004,0,0,0,0,0
1061013,117.0596718,30.09547489,22.76703133,35.66509199,28.5320736
1061026,0,0,0,0,0
1061024,0,0,0,0,0
1061025,0,0,0,0,0
1061011,0,0,0,0,0
1061021,6.850820487,1.76131278,1.332421681,2.087270015,1.669816012
1061019,0,0,0,0,0
1061010,165.6111387,42.57782198,32.20984585,50.45748384,40.36598707
1061007,45.57284933,11.71655893,8.863500746,13.88488314,11.10790651
1061003,0,0,0,0,0
1061005,0,0,0,0,0
1061006,0,0,0,0,0
1061009,0,0,0,0,0
1061014,490.2804575,126.048732,95.35504724,149.3759324,119.5007459
1061017,2.382894083,0.612630532,0.463451019,0.726006962,0.580805569
1061020,38.72202884,9.955246146,7.531079065,11.79761313,9.438090502
1061018,97.10293386,24.96469418,18.88562904,29.58478369,23.66782695
1061012,205.5246146,52.83938339,39.97265042,62.61810045,50.09448036
1061016,28.89259075,7.428145201,5.61934361,8.802834411,7.042267529
1061002,0,0,0,0,0
1061001,0,0,0,0,0
1061023,0,0,0,0,0
1061008,0,0,0,0,0
1061015,0,0,0,0,0
1061022,0,0,0,0,0
914001011,0,0,0,0,0
911002206,0,0,0,0,0
920000012,0,0,0,0,0
920000011,0,0,0,0,0
930000011,0,0,0,0,0
940000002,0,0,0,0,0
940000001,0,0,0,0,0
7078003,37.97349398,7.445783133,2.792168675,4.839759036,22.89578313
7078002,0.614457831,0.120481928,0.045180723,0.078313253,0.370481928
7078001,16.46746988,3.228915663,1.210843373,2.098795181,9.928915663
7078005,116.9927711,22.93975904,8.602409639,14.91084337,70.53975904
7078007,1.843373494,0.361445783,0.135542169,0.234939759,1.111445783
7078006,17.57349398,3.445783133,1.292168675,2.239759036,10.59578313
7078004,0,0,0,0,0
7078008,12.53493976,2.457831325,0.921686747,1.597590361,7.557831325
1023022,2.83571345,0.823247103,0.495317804,0.91074564,0.606402903
1023018,32.50163877,9.435678333,5.677104062,10.43854618,6.950310195
1023014,34.2466932,9.942291935,5.981915018,10.99900503,7.323481213
1023001,255.6504741,74.21889266,44.6548051,82.10722229,54.66955402
1023008,114.0829334,33.11986422,19.92701627,36.63999766,24.39605525
1023012,147.0208358,42.68219595,25.68032307,47.21865855,31.4396582
1023005,89.21590776,25.90062039,15.58346014,28.65345897,19.07836825
1023009,127.3889734,36.98279293,22.25119981,40.91349643,27.24148426
1023020,214.641695,62.31347302,37.49174763,68.93643919,45.90003512
1023013,67.62085918,19.63127707,11.81142456,21.71778064,14.46037692
1023006,341.376273,99.10628585,59.62864333,109.6397635,73.00158024
1023011,168.3977525,48.88821257,29.41425729,54.08427953,36.01100316
1023010,13.74230364,3.989582114,2.400386281,4.413613485,2.938721761
1023015,106.4483203,30.90342971,18.59346834,34.18799017,22.76343205
1023017,127.825237,37.10944633,22.32740255,41.05361114,27.33477701
1023019,213.9872995,62.12349292,37.37744352,68.72626712,45.76009599
1023021,362.0987943,105.1223224,63.24827344,116.2952125,77.43298607
1023003,249.5427836,72.44574505,43.58796676,80.14561629,53.36345546
1023004,282.2625541,81.94475009,49.30317219,90.65421983,60.36041203
1023002,138.7318272,40.27578134,24.23247103,44.55647899,29.66709587
1023007,174.9417067,50.78801358,30.55729837,56.18600023,37.41039448
1023016,462.4394241,134.2526045,80.77490343,148.5215966,98.89031956
912001006,0,0,0,0,0
1046002,0,0,0,0,0
1046001,425.6789055,85.9398971,63.8267072,117.3506782,158.561623
1046004,370.4139383,74.78250702,55.54022451,102.1152947,137.9759121
1046005,626.3362956,126.450421,93.91347053,172.6676801,233.304724
1046003,271.5708606,54.82717493,40.71959775,74.86634705,101.1577409
1063001,99.07127744,36.84170854,13.84382439,21.69016133,26.69558318
1063004,2.905316054,1.08040201,0.405977255,0.636075112,0.782861677
1063007,227.486247,84.59547739,31.78801904,49.8046813,61.29806929
1063008,0,0,0,0,0
1063009,0,0,0,0,0
1063012,172.5757736,64.1758794,24.11504893,37.78286168,46.5019836
1063011,207.7300979,77.24874372,29.02737371,45.47937054,55.97460989
1063010,335.5640042,124.7864322,46.89037292,73.46667548,90.42052367
1063006,1095.013621,407.2035176,153.0128273,239.7367099,295.060566
1063003,0,0,0,0,0
1063002,56.65366305,21.0678392,7.916556467,12.40346469,15.2658027
1063005,0,0,0,0,0
911401001,0,0,0,0,0
920000010,0,0,0,0,0
1014009,137.1643321,36.04826181,25.26161976,47.87877244,27.97567808
1014014,144.0664714,37.86221826,26.53279002,50.28804279,29.38342035
1014016,317.2474214,83.37603464,58.42760728,110.7388259,64.70495352
1014018,57.09951611,15.00636699,10.51604482,19.93123647,11.64586782
1014017,231.7863874,60.91595569,42.68820833,80.90767859,47.27454476
1014015,116.4579142,30.60639246,21.448109,40.65096142,23.75245129
1014011,179.0791417,47.06392461,32.98109003,62.50961416,36.52451292
1014010,141.5566026,37.20259773,26.07054629,49.41194448,28.87151407
1014006,116.9598879,30.73831657,21.54055775,40.82618108,23.85483255
1014004,34.13421622,8.97083917,6.286514708,11.91493697,6.961925379
1014001,46.05609321,12.10403667,8.482172418,16.07640392,9.393480199
1014003,128.0033108,33.64064689,23.57443015,44.68101363,26.10722017
1014002,11.41990322,3.001273399,2.103208965,3.986247294,2.329173564
1014007,60.61333248,15.92983573,11.16318604,21.1577741,12.36253661
1014005,113.0695912,29.71590475,20.82407997,39.4682287,23.06137782
1014008,108.8028142,28.59454985,20.03826563,37.97886158,22.19113715
1014012,10.41595569,2.737425188,1.918311473,3.635807971,2.124411053
1014013,0.125493442,0.032981026,0.023112186,0.043804915,0.025595314
1014019,16.94161467,4.452438559,3.120145167,5.913663568,3.455367376
3095001,9.120184014,6.313973548,1.929269695,0.175388154,0.701552616
3095003,42.79010926,29.62392179,9.051753882,0.822886717,3.291546866
3095002,0.089706728,0.062104658,0.018976423,0.001725129,0.006900518
7077001,49.14302258,20.20324262,9.282570932,5.460335843,14.19687319
7077002,32.8836132,13.51881876,6.21134916,3.6537348,9.499710481
7077003,7.973364215,3.277938622,1.506079907,0.885929357,2.303416329
1018006,5.219653179,2.276011561,1.153179191,0.971098266,0.819364162
1018003,0,0,0,0,0
1018001,93.20809249,40.64306358,20.59248555,17.34104046,14.63150289
1018002,9.196531792,4.010115607,2.031791908,1.710982659,1.443641618
1018008,0,0,0,0,0
1018009,0.248554913,0.108381503,0.054913295,0.046242775,0.039017341
1018005,1.988439306,0.867052023,0.439306358,0.369942197,0.312138728
1018004,62.13872832,27.09537572,13.7283237,11.56069364,9.75433526
1018007,0,0,0,0,0
2055071,462.6218736,44.00719133,68.27074998,110.2166564,240.1272759
2055061,128.2470574,12.19958051,18.92587292,30.55402838,66.56757557
2055056,165.2830739,15.72265445,24.39140918,39.37761875,85.79139156
2055047,198.313422,18.8646867,29.26581475,47.24688464,102.936036
2055039,127.3277236,12.11212832,18.79020358,30.33500308,66.09038865
2055051,68.22769719,6.490201815,10.06860316,16.25480568,35.41408654
2055050,118.7910531,11.30007227,17.53041685,28.30119679,61.65936723
2055040,189.9737517,18.07137041,28.03510003,45.26001234,98.60726888
2055046,134.0257266,12.74927999,19.77865163,31.93075879,69.56703622
2055031,115.5077183,10.98774302,17.04588349,27.5189636,59.95512823
2055043,212.6287618,20.22644223,31.37838019,50.65742134,110.366518
2055025,47.01735437,4.47255486,6.93851767,11.20157927,24.40470256
2055020,51.35135631,4.88482947,7.578101701,12.23412708,26.65429805
2055019,170.5364096,16.22238125,25.16666255,40.62919186,88.51817397
2055023,179.532747,17.07816339,26.49428395,42.7725108,93.18778884
2055030,148.5380664,14.12977527,21.92028906,35.38822949,77.09977263
2055029,218.2760976,20.76364854,32.21177756,52.00286243,113.2978091
2055024,58.37769278,5.553214065,8.615003085,13.90810611,30.30136952
2055033,97.77771041,9.301165066,14.42940337,23.29490438,50.7522376
2055034,145.1233983,13.80495285,21.41637437,34.57470697,75.32736406
2055036,118.5940531,11.28133251,17.50134485,28.2542628,61.55711289
2055048,33.88401516,3.22323786,5.000384243,8.072646514,17.58774654
2055049,122.4683881,11.64988103,18.07309421,29.17729796,63.56811492
2055041,84.7100379,8.058094651,12.50096061,20.18161629,43.96936635
2055045,0.131333392,0.01249317,0.019381334,0.031289328,0.06816956
2055054,142.7593972,13.58007579,21.06751036,34.01149907,74.10031198
2055063,271.137788,25.79214947,40.01276461,64.59681678,140.7360571
2055059,165.2174072,15.71640786,24.38171852,39.36197409,85.75730678
2055069,60.54469375,5.75935137,8.9347951,14.42438001,31.42616727
2055064,137.3747281,13.06785582,20.27287565,32.72863664,71.30536001
2055058,98.82837754,9.401110426,14.58445404,23.545219,51.29759408
2055062,108.5470486,10.32560501,16.01867278,25.86062924,56.34214154
2055065,93.11537499,8.857657531,13.741366,22.18413325,48.33221821
2055070,34.21234864,3.254470785,5.048837578,8.150869833,17.75817044
2055066,37.29868335,3.54806028,5.504298934,8.886169031,19.36015511
2055067,134.15706,12.76177316,19.79803296,31.96204812,69.63520578
2055078,23.57434388,2.242524015,3.478949502,5.6164343,12.23643606
2055073,33.88401516,3.22323786,5.000384243,8.072646514,17.58774654
2055074,73.21836609,6.964942275,10.80509386,17.44380012,38.00452983
2055080,245.4621098,23.34973473,36.22371376,58.47975324,127.4089081
2055079,106.511381,10.13196087,15.7182621,25.37564466,55.28551335
2055076,112.4213836,10.69415352,16.59042214,26.7836644,58.35314356
2055086,56.86735877,5.40954261,8.39211774,13.54827884,29.51741958
2055081,17.20467436,1.63660527,2.53895479,4.098901912,8.930212391
2055085,198.8387556,18.91465938,29.34334009,47.37204195,103.2087142
2055003,232.7227708,22.13789724,34.34372433,55.44468846,120.7964607
2055001,801.9216921,76.28329603,118.3424271,191.0526342,416.2433348
2055007,367.7334978,34.980876,54.26773597,87.61011721,190.8747687
2055055,130.3483916,12.39947123,19.23597427,31.05465762,67.65828853
2055100,81.82070327,7.783244911,12.07457125,19.49325108,42.46963603
2055103,18.51800828,1.76153697,2.732768133,4.411795188,9.611907993
2055002,7.026336477,0.668384595,1.036901384,1.673979025,3.647071473
2055072,43.60268617,4.14773244,6.434602979,10.38805676,22.632294
2055027,162.9847396,15.50402397,24.05223583,38.83005552,84.59842425
2055022,44.91602009,4.27266414,6.628416321,10.70095003,23.3139896
2055017,71.83936547,6.83376399,10.60158985,17.11526218,37.28874945
2055015,12.08267207,1.14937164,1.783082753,2.878618137,6.271599542
2055105,461.1772063,43.86976646,68.0575553,109.8724738,239.3774108
2055107,0,0,0,0,0
2055032,3.217668106,0.306082665,0.47484269,0.766588526,1.670154226
2055028,28.56501278,2.717264475,4.215440204,6.805428748,14.82687935
2055042,187.6097506,17.84649335,27.68623601,44.69680444,97.3802168
2055087,121.0237208,11.51245616,17.85989953,28.83311536,62.81824976
2055090,153.4630687,14.59826915,22.6470891,36.56157927,79.65613114
2055096,18.84634176,1.792769895,2.781221468,4.490018507,9.782331894
2055099,16.94200758,1.61161893,2.500192121,4.036323257,8.79387327
2055094,21.86700978,2.080112805,3.226992157,5.209673041,11.35023178
2055097,59.36269322,5.64691284,8.760363092,14.14277606,30.81264123
2055104,10.50667137,0.9994536,1.550506742,2.503146206,5.453564819
2055101,0,0,0,0,0
2055093,21.47300961,2.042633295,3.168848154,5.115805059,11.1457231
2055095,77.42103463,7.364723716,11.42529655,18.44505861,40.18595576
2055089,44.45635322,4.228938045,6.560581652,10.59143738,23.07539614
2055091,6.107002732,0.580932405,0.901232044,1.454953732,3.169884551
2055092,112.8810505,10.73787962,16.65825681,26.89317705,58.59173702
2055026,198.8387556,18.91465938,29.34334009,47.37204195,103.2087142
2055012,30.33801357,2.88592227,4.477088217,7.22783467,15.74716841
2055010,19.43734203,1.84898916,2.868437472,4.630820481,10.08909491
2055011,104.8040469,9.969549661,15.46630475,24.96888341,54.39930907
2055102,0,0,0,0,0
2055004,5999.966017,570.7504715,885.4362563,1429.45293,3114.326359
2055008,158.5194042,15.07925619,23.39327047,37.76621838,82.28065921
2055021,52.99302371,5.040994095,7.820368379,12.62524368,27.50641756
2055014,66.78302988,6.352776945,9.855408478,15.91062307,34.66422138
2055018,168.1724086,15.99750419,24.81779854,40.06598396,87.29112188
2055006,421.9741888,40.14055521,62.27222702,100.5326095,219.028797
2055013,198.0507553,18.83970036,29.22705208,47.18430598,102.7996968
2055005,263.126451,25.0300661,38.83050322,62.6881678,136.5777139
2055052,131.6617256,12.52440293,19.42978761,31.36755089,68.33998414
2055037,60.47902706,5.753104785,8.925104433,14.40873535,31.39208249
2055035,60.01936018,5.70937869,8.857269763,14.2992227,31.15348903
2055057,169.157409,16.09120296,24.96315854,40.30065392,87.80239358
2055044,11.29467172,1.07441262,1.666794748,2.690882171,5.86258218
2055053,145.6487318,13.85492553,21.49389971,34.69986428,75.6000423
2055075,75.77936723,7.208559091,11.18302988,18.05394201,39.33383626
2055082,238.9611069,22.73132282,35.26433771,56.93093152,124.0345148
2055077,158.9790711,15.12298229,23.46110514,37.87573103,82.51925267
2055084,113.209384,10.76911254,16.70671014,26.97140037,58.76216092
2055083,74.40036662,7.077380805,10.97952587,17.72540407,38.61805587
2055088,74.26903322,7.064887635,10.96014453,17.69411474,38.54988631
2055098,98.63137746,9.382370671,14.55538204,23.49828501,51.19533974
2055038,111.3050498,10.58796158,16.4256808,26.51770512,57.7737023
2055060,120.3670538,11.44999031,17.76299286,28.67666872,62.47740196
2055068,106.3143809,10.11322112,15.68919009,25.32871067,55.18325901
930000003,0,0,0,0,0
912002101,0,0,0,0,0
912002307,0,0,0,0,0
912001002,0,0,0,0,0
912002102,0,0,0,0,0
912001004,0,0,0,0,0
912002301,0,0,0,0,0
913202101,0,0,0,0,0
912302201,0,0,0,0,0
920000005,0,0,0,0,0
2055009,142.8250639,13.58632238,21.07720102,34.02714374,74.13439676
2055106,110.7797162,10.5379889,16.34815546,26.39254781,57.50102406
2055016,72.03636556,6.852503745,10.63066185,17.16219618,37.39100379
2051058,141.1324183,17.69416531,16.70665929,33.38094133,73.35065236
2051051,246.1648134,30.86236993,29.13995038,58.22342799,127.9390651
2051043,137.3979331,17.22596248,16.26458672,32.49765292,71.40973102
2051054,0,0,0,0,0
2051037,346.6847056,43.46482946,41.03907045,81.99860781,180.1821979
2051032,99.11946026,12.42688347,11.73334285,23.44394667,51.51528727
2051038,239.3182573,30.00399807,28.329484,56.6040659,124.3807093
2051042,42.94657933,5.384332554,5.08383458,10.15781677,22.32059543
2051063,428.2209649,53.68725793,50.69098827,101.2837382,222.5589805
2051067,145.3337141,18.2208935,17.20399093,34.3746408,75.53418887
2051057,0.466810645,0.058525354,0.055259072,0.110411052,0.242615168
2051053,226.0919557,28.34577971,26.76381031,53.47575276,117.5066129
2051048,134.9082764,16.91382726,15.96987167,31.90879397,70.11578346
2051052,372.9817052,46.76175772,44.15199814,88.2184304,193.849519
2051047,653.0680922,81.87697003,77.30744106,154.4650615,339.4186196
2051041,65.82030093,8.252074892,7.791529084,15.56795831,34.20873864
2051033,201.9734057,25.32196976,23.90875828,47.77118175,104.9714959
2051036,236.6729969,29.6723544,28.01634926,55.97840327,123.00589
2051040,291.4454459,36.53932925,34.50008032,68.93330002,151.4727364
2051035,130.8625841,16.40660753,15.49095972,30.95189819,68.01311867
2051014,96.62980349,12.11474825,11.4386278,22.85508773,50.22133971
2051013,41.2349403,5.16973959,4.881217984,9.752976244,21.43100648
2051011,78.89099898,9.8907848,9.338783087,18.65946776,41.00196334
2051010,84.95953737,10.6516144,10.05715102,20.09481143,44.15596052
2051009,166.1845896,20.83502597,19.67222946,39.30633445,86.3709997
2051025,247.2540382,30.99892909,29.26888821,58.48105378,128.5051672
2051030,179.0996841,22.45422743,21.20106377,42.36104021,93.08335267
2051046,79.51341318,9.968818605,9.412461849,18.80668249,41.32545023
2051062,151.557856,19.00123155,17.94077855,35.84678816,78.76905778
2051068,228.4260089,28.63840648,27.04010566,54.02780802,118.7196887
2051078,0,0,0,0,0
2051021,57.88451996,7.257143877,6.852124868,13.69097042,30.08428079
2051029,41.54614739,5.208756492,4.918057365,9.826583611,21.59274992
2051015,4.045692256,0.507219733,0.478911953,0.956895782,2.102664787
2051016,298.9144163,37.47573491,35.38422546,70.69987685,155.354579
2051019,0,0,0,0,0
2051006,0,0,0,0,0
2051008,126.1944777,15.82135399,14.938369,29.84778767,65.586967
2051069,60.52978028,7.588787549,7.165259607,14.31663305,31.45910008
2051060,193.259607,24.22949649,22.87725561,45.71017545,100.4426794
2051044,67.9987506,8.52519321,8.049404751,16.08320988,35.34094276
2051050,91.02807575,11.412444,10.77551895,21.5301551,47.3099577
2051031,94.29575026,11.82212148,11.16233245,22.30303247,49.00826387
2051070,183.7677905,23.03948096,21.75365449,43.46515073,95.50950435
2051064,238.0734289,29.84793046,28.18212647,56.30963643,123.7337355
2051055,39.21209417,4.916129723,4.641762008,9.274528352,20.37967409
2051039,291.756653,36.57834615,34.5369197,69.00690738,151.6344798
2051020,165.5621754,20.75699216,19.5985507,39.15911971,86.04751281
2051002,0,0,0,0,0
2051045,88.22721188,11.06129188,10.44396452,20.86768879,45.85426669
2051034,0,0,0,0,0
2051059,27.85303514,3.49201278,3.297124601,6.587859425,14.47603834
2051065,243.9863637,30.58925161,28.88207471,57.70817641,126.806861
2051061,0,0,0,0,0
2051049,29.87588127,3.745622646,3.536580577,7.066307316,15.52737073
2051004,0,0,0,0,0
2051012,0,0,0,0,0
2051007,0,0,0,0,0
2051005,0,0,0,0,0
2051003,0,0,0,0,0
2051001,0,0,0,0,0
2051027,94.14014671,11.80261303,11.14391276,22.26622878,48.92739215
2051076,0,0,0,0,0
2051028,0,0,0,0,0
2051018,0,0,0,0,0
2051074,0,0,0,0,0
2051071,0,0,0,0,0
2051024,105.8104128,13.26574687,12.52538954,25.02650508,54.99277134
2051056,135.0638799,16.93333571,15.98829136,31.94559766,70.19665518
2051066,355.3985043,44.55730273,42.07057312,84.05961411,184.7110143
930000005,0,0,0,0,0
930000006,0,0,0,0,0
913001001,0,0,0,0,0
913001002,0,0,0,0,0
913002109,0,0,0,0,0
920000009,0,0,0,0,0
2051023,0,0,0,0,0
2051077,0,0,0,0,0
2051075,0,0,0,0,0
2051026,2.800863869,0.351152123,0.331554429,0.662466311,1.455691006
2051022,0,0,0,0,0
2051017,0,0,0,0,0
2051073,134.2858622,16.83579346,15.89619291,31.76157924,69.79229657
2051072,52.12718868,6.53533118,6.17059632,12.32923412,27.09202706
4071052,168.1579567,14.05744482,15.36174382,26.47243904,112.2663291
4071063,138.1899708,11.55222106,12.62407662,21.75469808,92.25897506
4071062,76.87439863,6.426443551,7.02271151,12.10203116,51.32321242
4071059,442.3918534,36.98248473,40.41384929,69.64399185,295.3515275
4071054,105.9992954,8.861187868,9.683359938,16.68704794,70.76769968
4071056,548.3145043,45.83726537,50.09020752,86.31897396,366.0680575
4071005,95.65229262,7.996212914,8.738129576,15.0581604,63.85978973
4071008,105.3094952,8.803522871,9.620344581,16.57845544,70.30717235
4071011,58.63301591,4.901524743,5.356305389,9.230362746,39.14482303
4071018,170.4572907,14.24966147,15.57179501,26.83441405,113.8014202
4071022,154.8984642,12.94899543,14.15044862,24.38504982,103.4139704
4071010,183.3335609,15.32607475,16.74808169,28.8614741,122.3979303
4071017,210.2357682,17.57500963,19.20568063,33.09658171,140.3584962
4071020,210.9255683,17.63267463,19.26869599,33.20517422,140.8190235
4071026,119.3354324,9.976044476,10.90165685,18.786503,79.67122805
4071025,141.8689052,11.85976771,12.96015853,22.33385809,94.71512082
4071023,0.613155722,0.051257775,0.056013651,0.096526669,0.409357626
4071044,10.73022513,0.897011064,0.980238895,1.689216712,7.163758463
4071051,72.42901965,6.054824682,6.616612539,11.4022128,48.35536963
4071035,17.47493807,1.46084659,1.596389057,2.751010073,11.66669235
4071002,2.299333957,0.192216657,0.210051192,0.36197501,1.535091099
4071013,162.5629108,13.58971762,14.85061925,25.59163318,108.5309407
4071007,0,0,0,0,0
4071053,432.3514284,36.14313866,39.49662575,68.06336764,288.6482964
4071064,5.135179171,0.429283866,0.469114328,0.808410855,3.428370122
4071032,218.3600815,18.25417515,19.94786151,34.37556008,145.7824847
4071038,0.766444652,0.064072219,0.070017064,0.120658337,0.511697033
4071049,7.664446524,0.640722189,0.700170639,1.206583365,5.116970331
4071040,43.68734519,3.652116475,3.990972643,6.877525183,29.16673089
4071046,0.383222326,0.032036109,0.035008532,0.060329168,0.255848517
4071050,28.12851874,2.351450432,2.569626245,4.428160951,18.77928111
4071045,13.25949249,1.108449386,1.211295206,2.087389222,8.852358672
4071047,0,0,0,0,0
4071043,1.073022513,0.089701106,0.098023889,0.168921671,0.716375846
4071042,16.55520449,1.383959927,1.51236858,2.606220069,11.05265591
4071048,92.89309187,7.765552926,8.486068146,14.62379039,62.01768041
4071030,106.2292288,8.880409534,9.704365058,16.72324545,70.92120879
4071028,190.0016293,15.88350305,17.35723014,29.91120163,126.8496945
4071033,33.11040898,2.767919855,3.024737161,5.212440139,22.10531183
4071031,3.06577861,0.256288875,0.280068256,0.482633346,2.046788132
4071034,67.98364067,5.683205813,6.210513569,10.70239445,45.38752683
4071039,36.09954313,3.017801508,3.29780371,5.683007651,24.10093026
4071037,20.15749436,1.685099356,1.841448781,3.173314251,13.45763197
4071041,72.42901965,6.054824682,6.616612539,11.4022128,48.35536963
4071003,0,0,0,0,0
4071009,74.19184235,6.202190785,6.777651786,11.67972698,49.5322728
4071015,67.14055155,5.612726372,6.133494798,10.56967028,44.8246601
4071001,0,0,0,0,0
4071004,0,0,0,0,0
4071065,9.65720262,0.807309958,0.882215005,1.52029504,6.447382617
4071019,63.30832829,5.292365278,5.783409479,9.966378599,42.26617493
4071014,220.8127044,18.45920625,20.17191611,34.76166676,147.4199152
4071016,0,0,0,0,0
4071027,197.5127869,16.5114108,18.04339737,31.09365333,131.8643254
4071021,122.8610778,10.27077668,11.22373534,19.34153135,82.0250344
4071024,2.682556283,0.224252766,0.245059724,0.422304178,1.790939616
4071029,52.80803655,4.414575879,4.824175703,8.313359388,35.25592558
4071055,155.358331,12.98743876,14.19245885,24.45744482,103.7209886
4071057,577.2094677,48.25278802,52.72985083,90.86779325,385.3590356
4071061,155.5882644,13.00666043,14.21346397,24.49364232,103.8744977
4071058,10.5769362,0.88419662,0.966235482,1.665085044,7.061419057
4071060,124.0107448,10.36688501,11.32876094,19.52251885,82.79257995
4071012,102.47365,8.566455661,9.361281444,16.1320196,68.41389332
913002113,0,0,0,0,0
913002110,0,0,0,0,0
913002111,0,0,0,0,0
913002112,0,0,0,0,0
913002114,0,0,0,0,0
4071006,439.7859415,36.76463918,40.17579127,69.23375351,293.6117576
4071036,0,0,0,0,0
1028003,0.398613518,0.053148469,0.042749856,0.129404968,0.173310225
1028001,0.398613518,0.053148469,0.042749856,0.129404968,0.173310225
1028004,6.776429809,0.903523975,0.726747545,2.19988446,2.94627383
1028008,10.16464471,1.355285962,1.090121317,3.29982669,4.419410745
1028009,0,0,0,0,0
1028006,21.12651646,2.816868862,2.265742345,6.858463316,9.185441941
1028007,64.57538995,8.610051993,6.925476603,20.96360485,28.0762565
1028005,72.74696707,9.699595609,7.801848642,23.6164067,31.62911612
1028002,168.812825,22.50837666,18.10456384,54.80300404,73.39688042
8082002,45.54451977,31.68314418,5.657704319,1.41442608,6.789245182
8082001,27.46283038,19.10457765,3.411531724,0.852882931,4.093838068
8082003,125.0634854,87.00068551,15.5358367,3.883959174,18.64300404
8082005,271.7403839,189.0367888,33.75656943,8.439142357,40.50788331
8082004,13.18878056,9.174803869,1.638357834,0.409589458,1.966029401
8085003,32.04510703,18.08486239,3.490061162,2.220948012,8.249235474
8085001,12.12308869,6.841743119,1.320336391,0.840214067,3.120795107
8085002,56.83180428,32.0733945,6.189602446,3.93883792,14.62996942
8080002,15.62263824,1.075684613,4.008605939,1.806813998,8.731533691
8080003,899.3619981,61.92487131,230.7669032,104.0144323,502.6557913
8080008,98.70178833,6.796034915,25.32584886,11.4152149,55.16468966
8080007,64.54404407,4.444129984,16.56132814,7.464749583,36.07383636
8080014,71.53665105,4.925600502,18.35555812,8.273469594,39.98202283
8080009,4.321726386,0.297569111,1.10890989,0.499823116,2.415424268
8080011,9.11320564,0.627482691,2.338353464,1.053974832,5.093394653
8080013,1.986383556,0.136770896,0.509685291,0.229732364,1.110195005
8080006,337.3094023,23.2251767,86.55007256,39.01103899,188.523114
8080005,105.8420319,7.287670837,27.15796085,12.24100961,59.15539062
8080004,41.57983958,2.862947534,10.66895292,4.808857186,23.23908194
8080010,53.8605217,3.708524356,13.82004779,6.229162004,30.10278754
8080001,138.1341862,9.511122021,35.44379066,15.97571277,77.20356078
913002301,0,0,0,0,0
8080012,17.08558289,1.176414529,4.383982268,1.976008779,9.54917731
3098001,1,1,0,0,0
1005012,0,0,0,0,0
1005007,0,0,0,0,0
1005011,0.240172579,0.046021093,0.060402685,0.071907958,0.061840844
1005009,50.9966443,9.771812081,12.82550336,15.26845638,13.13087248
1005008,12.64908917,2.423777565,3.181208054,3.787152445,3.256951103
1005005,30.50191755,5.844678811,7.67114094,9.132310642,7.853787152
1005006,30.58197507,5.860019175,7.691275168,9.156279962,7.874400767
1005002,26.01869607,4.985618408,6.543624161,7.790028763,6.699424736
1005004,7.845637584,1.503355705,1.973154362,2.348993289,2.020134228
1005003,6.644774688,1.27325024,1.67114094,1.9894535,1.71093001
1005001,1.521093001,0.291466922,0.382550336,0.455417066,0.391658677
1005010,0,0,0,0,0
1049004,0,0,0,0,0
1049002,0,0,0,0,0
1049001,0,0,0,0,0
1049003,49,3,2,16,28
1049006,0,0,0,0,0
1049007,0,0,0,0,0
1049008,0,0,0,0,0
1049005,0,0,0,0,0
930000001,0,0,0,0,0
911002101,0,0,0,0,0
914001009,0,0,0,0,0
914001002,0,0,0,0,0
914001003,0,0,0,0,0
911202101,0,0,0,0,0
920000003,0,0,0,0,0
1032015,97.67842122,11.31640246,9.359430605,25.35554837,51.64703979
1032013,108.7275962,12.59648981,10.41814947,28.22371401,57.48924296
1032011,38.8113879,4.496441281,3.71886121,10.0747331,20.52135231
1032014,109.4703979,12.6825461,10.48932384,28.41653187,57.88199612
1032003,52.46036881,6.077725655,5.026690391,13.61776124,27.73819152
1032001,115.227111,13.34948237,11.04092527,29.91087027,60.92583306
1032012,109.3775477,12.67178907,10.48042705,28.39242963,57.83290197
1032009,53.94597218,6.24983824,5.169039146,14.00339696,28.52369783
1032005,38.25428664,4.431899062,3.665480427,9.930119702,20.22678745
1032006,50.78906503,5.884098997,4.866548043,13.18392106,26.85449693
1032008,74.83726949,8.670171466,7.170818505,19.42639922,39.5698803
1032010,10.21352313,1.183274021,0.978647687,2.651245552,5.400355872
1032004,37.41863475,4.335085733,3.585409253,9.713199612,19.78494015
1032007,76.6942737,8.885312197,7.348754448,19.90844387,40.55176318
1032002,174.0941443,20.16944355,16.68149466,45.19168554,92.05152054
913002107,0,0,0,0,0
913002105,0,0,0,0,0
2052031,38.90674334,4.633483426,6.351380676,10.71871101,17.20316823
2052034,230.4744751,27.44767536,37.62409808,63.49514458,101.9075571
2052032,100.8434872,12.00965659,16.46232301,27.78212988,44.58937775
2052029,81.4773504,9.703303857,13.30087343,22.44680736,36.02636576
2052027,33.14924321,3.947810991,5.411490262,9.132534042,14.65740791
2052026,88.97954755,10.59675582,14.52557912,24.51364401,39.3435686
2052019,2.268106114,0.270113384,0.37025986,0.624857592,1.002875278
2052020,131.5501546,15.66657625,21.47507188,36.24174036,58.16676613
2052014,1.395757609,0.166223621,0.227852222,0.384527749,0.617154017
2052037,172.8994738,20.59095101,28.22519395,47.63337493,76.44995389
2052035,247.3980361,29.46313677,40.38680627,68.15754354,109.3905496
2052036,390.8121304,46.54261379,63.79862204,107.6677698,172.8031248
2052039,31.05560679,3.69847556,5.06971193,8.555742418,13.73167688
2052033,24.42575815,2.908913362,3.987413877,6.72923561,10.8001953
2052030,68.91553193,8.207291271,11.25020344,18.98605761,30.4719796
2052021,231.1723539,27.53078718,37.7380242,63.68740845,102.2161341
2052015,125.7926545,14.98090381,20.53518147,34.65556339,55.6210058
2052003,217.9126566,25.95166278,35.57342809,60.03439484,96.35317094
2052009,86.71144144,10.32664243,14.15531926,23.88878642,38.34069332
2052012,11.51500027,1.371344871,1.879780828,3.17235393,5.091520642
2052018,0,0,0,0,0
2052006,1.57022731,0.187001573,0.256333749,0.432593718,0.694298269
2052013,142.5417458,16.97558726,23.26940813,39.26989638,63.02685401
2052028,1.046818206,0.124667716,0.170889166,0.288395812,0.462865513
2052025,41.69825856,4.965930668,6.807085119,11.48776651,18.43747627
2052005,129.1075788,15.37568491,21.07633049,35.5688168,57.0867466
2052024,0,0,0,0,0
2052040,0,0,0,0,0
2052016,0,0,0,0,0
2052008,44.66424348,5.319155862,7.29127109,12.30488797,19.74892855
2052022,0,0,0,0,0
2052044,0,0,0,0,0
2052002,0,0,0,0,0
2052004,0,0,0,0,0
2052001,0,0,0,0,0
2052017,0,0,0,0,0
2052010,342.4840232,40.78712092,55.90923887,94.35349645,151.434167
2052007,53.21325883,6.337275538,8.686865947,14.66012044,23.52899691
2052038,142.0183367,16.9132534,23.18396354,39.12569848,62.79542126
913001003,0,0,0,0,0
913002206,0,0,0,0,0
913001005,0,0,0,0,0
913001006,0,0,0,0,0
2052023,0,0,0,0,0
2052011,0,0,0,0,0
2052041,0,0,0,0,0
2052042,0,0,0,0,0
2052043,0,0,0,0,0
2052048,0,0,0,0,0
2052045,0,0,0,0,0
2052049,0,0,0,0,0
2052047,0,0,0,0,0
2052046,0,0,0,0,0
8073007,107.6795252,25.6379822,16.23738872,16.23738872,49.56676558
8073004,6.879525223,1.637982196,1.037388724,1.037388724,3.166765579
8073003,12.71216617,3.026706231,1.916913947,1.916913947,5.851632047
8073002,101.9964392,24.28486647,15.38041543,15.38041543,46.95074184
8073006,14.80593472,3.525222552,2.23264095,2.23264095,6.815430267
8073008,2.542433234,0.605341246,0.383382789,0.383382789,1.170326409
8073001,5.383976261,1.28189911,0.811869436,0.811869436,2.478338279
8073005,0,0,0,0,0
8072002,11.18344156,5.1875,2.560064935,1.684253247,1.751623377
8072003,34.62824675,16.0625,7.926948052,5.215097403,5.423701299
8072001,5.928571429,2.75,1.357142857,0.892857143,0.928571429
8072005,87.44642857,40.5625,20.01785714,13.16964286,13.69642857
8072004,26.81331169,12.4375,6.137987013,4.038149351,4.199675325
8084002,25.33459001,9.500471254,2.412818096,6.182846371,7.238454288
8084003,133.5132893,50.06748351,12.71555137,32.58360038,38.1466541
8084006,8.01206409,3.004524034,0.763053723,1.955325165,2.289161169
8084004,0.411687088,0.154382658,0.039208294,0.100471254,0.117624882
8084005,0.38001885,0.142507069,0.036192271,0.092742696,0.108576814
8084001,0.348350613,0.13063148,0.033176249,0.085014138,0.099528746
8086002,4.151273166,1.075787253,0.556878108,1.295163477,1.223444327
8086003,0,0,0,0,0
8086001,11.86078047,3.073677867,1.591080307,3.700467078,3.495555221
8086006,479.0272714,124.1381648,64.25975591,149.4526141,141.1767365
8086007,72.35076089,18.74943499,9.705589875,22.57284918,21.32288685
8086008,78.87419015,20.43995781,10.58068404,24.60810607,23.24544222
8086005,200.44719,51.94515594,26.88925719,62.53789363,59.07488323
8086009,126.4655718,32.77309025,16.96489378,39.45623022,37.27135754
8086010,124.6864547,32.31203857,16.72623173,38.90116016,36.74702426
8086004,870.1365075,225.4926925,116.725629,271.475516,256.4426699
1048012,29.57636266,5.234754452,6.805180788,13.61036158,3.926065839
1048009,0,0,0,0,0
1048008,0,0,0,0,0
1048004,28.17377226,4.986508365,6.482460874,12.96492175,3.739881274
1048005,55.24986508,9.778737183,12.71235834,25.42471668,7.334052887
1048003,0,0,0,0,0
1048007,0,0,0,0,0
1048001,0,0,0,0,0
1048002,0,0,0,0,0
1048006,0,0,0,0,0
1048011,0,0,0,0,0
1048010,0,0,0,0,0
930000002,0,0,0,0,0
912001009,0,0,0,0,0
914001005,0,0,0,0,0
914001004,0,0,0,0,0
920000006,0,0,0,0,0
1045017,105.3251932,14.91814529,18.34244204,38.63561051,33.42899536
1045026,329.2765585,46.63837197,57.34369912,120.7859248,104.5085626
1045023,100.6853168,14.26095827,17.53440495,36.93360124,31.9563524
1045015,2112.690366,299.2391551,367.9262236,774.9815559,670.5434312
1045016,354.950541,50.2748068,61.81483771,130.2037094,112.657187
1045021,174.6140134,24.73213807,30.40912931,64.05228233,55.42046368
1045027,332.2151468,47.05459042,57.85545595,121.863864,105.4412365
1045004,360.36373,51.04152499,62.75754766,132.1893869,114.3752705
1045009,282.7231324,40.04459557,49.23639361,103.7090984,89.73304482
1045011,264.0089645,37.39394127,45.97731066,96.84432767,83.79338485
1045014,87.53900052,12.39892839,15.24496651,32.11124163,27.78386399
1045022,395.0081401,55.94852138,68.79089129,144.8977228,125.3710046
1045002,185.285729,26.24366821,32.26761463,67.96690366,58.8075425
1045001,127.5965997,18.07264297,22.22102009,46.80525502,40.49768161
1045005,366.0862442,51.85205564,63.75412674,134.2885317,116.1915301
1045008,120.7914477,17.10876868,21.03589902,44.30897476,38.33780526
1045031,43.46017517,6.155651726,7.568614116,15.94215353,13.7937558
1045029,237.0976816,33.58225657,41.29069552,86.97267388,75.25205564
1045032,54.28655332,7.689088099,9.454034003,19.9135085,17.22992272
1045034,0,0,0,0,0
1045030,79.96053581,11.32552293,13.92517259,29.33129315,25.37854714
1045033,3.247913447,0.460030912,0.565625966,1.191406491,1.030850077
1045010,89.85893869,12.7275219,15.64898506,32.96224626,28.52018547
1045006,8.661102524,1.226749098,1.508335909,3.177083977,2.748933539
1045003,84.60041216,11.98270994,14.73320969,31.03330242,26.85119011
1045007,219.7754766,31.12875837,38.2740237,80.61850592,69.75418856
1045012,122.6473982,17.37164348,21.35911386,44.98977846,38.92686244
1045020,158.9930963,22.51960845,27.68873776,58.32218444,50.46256569
1045025,213.7436373,30.27441525,37.22357548,78.40589387,67.8397527
1045024,192.5548686,27.27326121,33.53353941,70.63338485,61.11468315
1045028,64.03029366,9.069180835,11.1509119,23.48772798,20.32247295
1045019,137.34034,19.4527357,23.91789799,50.3794745,43.59023184
1045018,21.18876868,3.001154044,3.690036064,7.772509016,6.725069552
1045013,74.39268418,10.53689851,12.95552808,27.28888202,23.61137558
