varialbe_names,ltotals
variable_categories,1
geo,
5069027,0
5069048,0
5069055,0
5069015,0
5069007,0
5069012,0
5069002,0
5069005,0
5069009,0
5069006,0
5069003,0
5069024,0
5069018,0
5069029,0
5069025,0
5069020,0
5069013,0
5069010,0
5069004,0
5069016,0
5069022,0
5069026,0
5069023,0
5069014,0
5069011,0
5069030,0
5069019,0
5069032,0
5069035,0
5069031,0
5069054,0
5069051,0
5069040,0
5069052,0
5069053,0
5069050,0
5069049,0
5069046,0
5069045,0
5069043,0
5069047,0
5069044,0
5069037,0
5069036,0
5069039,0
5069042,0
5069038,0
5069033,0
5069041,0
5069008,0
5069017,0
5069021,0
5069028,0
5069034,0
930000009,0
914001015,0
5069001,0
1060003,0
1060004,0
1060005,0
1060006,0
1060007,0
1060009,0
1060010,0
1060001,0
1060008,0
1060002,0
914001010,0
914001008,0
1038003,77.66727441
1038005,64.02548148
1038009,18.37094781
1038013,0
1038010,56.56796801
1038008,168.0668889
1038011,23.82766498
1038016,227.3632155
1038014,14.36935522
1038019,72.39244781
1038020,258.4665034
1038024,100.5854865
1038028,188.8024141
1038027,250.099537
1038006,0
1038001,0
1038015,0
1038002,0
1038029,323.9471094
1038018,189.3480859
1038022,414.1648333
1038021,8.548856902
1038017,213.9033131
1038012,123.1399175
1038004,14.00557407
1038007,82.76021044
1038025,68.57274579
1038023,135.3265859
1038026,146.9675825
930000004,0
911201001,0
913001008,0
913001004,0
912001005,0
2053039,379.6251272
2053034,295.4325415
2053032,337.5288344
2053037,1279.196358
2053035,204.41353
2053031,502.8800386
2053028,449.4063693
2053026,600.3462301
2053022,536.632922
2053015,849.1315282
2053008,1005.760077
2053010,931.4278845
2053009,696.2954381
2053012,1236.341573
2053016,854.4409706
2053019,770.2483849
2053014,1229.135901
2053021,208.9644806
2053025,850.6485118
2053020,823.3428083
2053027,1942.87665
2053033,604.8971807
2053029,17.06606466
2053036,281.4004439
2053042,295.8117874
2053048,1177.937707
2053041,949.6316868
2053053,0.758491763
2053056,4.550950576
2053057,384.5553236
2053013,0
2053007,40.20006342
2053030,16.3075729
2053003,1015.241224
2053046,687.5727828
2053052,191.1399242
2053055,259.4041828
2053044,255.9909699
2053050,268.1268381
2053040,169.5229089
2053047,257.5079534
2053045,462.3007293
2053049,56.50763631
2053054,48.16422693
2053051,687.9520287
2053058,236.2701841
2053018,869.9900517
2053023,1242.409507
2053004,0
2053006,3.03396705
2053024,0
2053043,113.0152726
2053002,0
2053001,0
2053005,316.291065
2053011,297.3287709
2053017,498.7083339
2053038,1840.101016
913002205,0
913002204,0
913002203,0
920000004,0
930000010,0
1065002,802.1992381
1065003,269.9359086
1065001,80.38532571
1065005,440.9614781
1065004,536.563779
1065006,291.4381562
1065008,183.2653105
1065007,0.33080381
911002205,0
1004004,47.31663211
1004011,277.4839781
1004014,828.4420504
1004013,415.4239904
1004009,720.9771571
1004007,652.007151
1004012,1118.757658
1004015,3.207907262
1004016,0
1004017,111.4747773
1004018,1.603953631
1004003,0
1004002,0
1004008,0
1004010,766.6898356
1004005,1105.124052
1004001,176.4348994
1004006,1627.210959
920000007,0
2083006,810.2100139
2083004,283.377802
2083002,248.1512796
2083005,608.2446191
2083003,7.045304469
2083001,89.24052327
6075019,0
6075002,1522.223671
6075012,16.12324137
6075005,18.96851926
6075018,0
6075013,1159.924953
6075014,26.55592697
6075017,21460.03427
6075007,10887.93006
6075011,1124.833192
6075003,368.9376997
6075008,3114.630863
6075006,301.5994563
6075001,155.541858
6075010,973.0850383
6075009,1443.504316
6075015,1182.687176
6075004,251.3328803
6075016,50946.59747
1035004,0
1035007,16.81208852
1035006,299.230083
1035002,143.7809959
1035001,67.49928077
1035003,62.10435685
1035005,12.04448133
1035010,214.9187137
1035009,0
1035008,0
913002106,0
1034022,318.4501798
1034020,373.2325184
1034017,394.1656071
1034015,652.4888298
1034007,1146.866032
1034014,637.7911292
1034011,774.9696682
1034005,474.3348831
1034003,513.5287514
1034008,878.2989573
1034002,837.7689344
1034004,402.6279196
1034001,252.0878346
1034012,609.7318826
1034009,1643.915543
1034006,107.7831378
1034010,186.1708743
1034013,3209.44335
1034018,1162.009117
1034021,304.197864
1034023,775.8604379
1034019,407.972538
1034016,970.9390096
5070031,838.1918433
5070018,280.7713661
5070041,0
5070040,0
5070043,0
5070027,228.5561365
5070030,300.0085559
5070024,414.5156383
5070019,163.974142
5070022,582.6120353
5070029,0
5070033,0
5070034,0
5070036,0
5070016,0
5070014,0
5070012,0
5070049,4801.052951
5070047,774.0678771
5070050,26.56564312
5070052,16.03099154
5070051,6.870424945
5070010,0
5070008,695.2870044
5070007,91.1476376
5070006,191.4558418
5070001,1286.601578
5070003,11.45070824
5070002,600.4751402
5070011,2564.500618
5070005,40.30649301
5070042,897.7355261
5070044,0.916056659
5070032,5.954368286
5070023,0
5070020,158.4778021
5070037,0
5070048,349.9336439
5070039,25.19155813
5070045,138.7825839
5070038,0
5070021,3299.178058
5070013,1183.545204
5070004,0
5070015,0
5070009,1668.139177
5070025,1088.73334
5070028,1.832113319
5070035,955.905124
5070026,572.0773837
920000013,0
5070017,0
5070046,15.11493488
1041008,42.70257221
1041007,65.17392579
1041005,0.140008433
1041003,5.600337339
1041002,46.13277883
1041006,9.800590344
1041004,54.11325954
1041001,108.3665275
3092010,1373.671239
3092012,5469.317776
3092007,633.4108007
3092009,4433.106903
3092005,1159.971964
3092002,1332.93001
3092003,8189.755668
3093004,0
3092018,0.768702428
3092024,0
3092026,93.78169622
3092022,3053.286044
3092016,3.074809712
3093006,0
3092017,7.68702428
3092011,0
3092015,0
3092030,0
3092001,0
3093008,0
3092006,0
3093009,0
3092013,0
3092008,3024.075352
3092029,0
3092027,0
3092025,0
3092021,0
3092023,0
3092019,0
3092020,0
3092014,0
3092028,0
3092004,88.40077923
914002203,0
914002202,0
914002204,0
914002201,0
914002205,0
2054014,79.3102431
2054020,184.3695728
2054015,81.14400595
2054007,22.00515415
2054009,108.9560758
2054012,25.59627306
2054006,89.77797268
2054010,0.916881423
2054016,16.73308597
2054017,89.85437946
2054024,30.18068018
2054027,41.25966404
2054033,196.3654381
2054031,121.4103818
2054036,0
2054039,0
2054021,124.6958735
2054026,3.209084981
2054035,0.152813571
2054038,7.335051385
2054023,0
2054018,0.916881423
2054008,144.7908581
2054011,48.59471542
2054003,48.59471542
2054001,1.298915349
2054037,102.5379058
2054040,0
2054004,0.458440712
2054005,0
2054034,95.96692229
2054022,0.229220356
2054030,27.73566305
2054025,0.229220356
2054013,152.4315366
2054019,32.01444302
2054032,0
2054029,0
2054028,0
2054002,0
912001003,0
912001001,0
1012019,0
1012034,0
1012031,0
1012033,0
1012023,0
1012025,0
1012027,0
1012030,0
1012032,0
1013001,305.0723985
1013003,1022.997264
1013006,56.26484955
1013002,422.7170839
1013004,1492.479938
1013008,255.0186038
1013007,43.84273991
1013013,172.4481103
1013010,69.41767152
1013017,12.05675347
1013016,71.24445235
1013015,324.4362753
1013011,647.4111259
1013014,1089.857443
1013012,124.9518087
1013005,387.642892
1013009,180.1205898
1042013,114.6475024
1042012,684.7582641
1042010,656.9649302
1042005,56.62891783
1042006,206.3655042
1042007,218.1776712
1042004,168.8445035
1042002,311.2853397
1042001,362.3555908
1042003,264.7315054
1042009,846.6544341
1042011,20.84500043
1042008,142.4408363
3090046,0
3090037,1197.480989
3090039,2886.826703
3090036,1953.878004
3090035,1436.032428
3090028,1732.450306
3090021,424.5507056
3090026,514.8932062
3090027,712.7019494
3090029,548.5502163
3090034,754.0351197
3090055,1339.785189
3090056,680.2258871
3090054,619.4070795
3090053,617.6356579
3090050,2100.315521
3090040,9.447581766
3090014,0
3090031,6092.509291
3090006,158.2469946
3090017,0
3090030,272.7989235
3090022,1390.565941
3090020,248.5894952
3090018,178.3231058
3090016,165.9231548
3090051,824.3015091
3090041,8141.453587
3090047,988.4532422
3090052,479.4647746
3090049,0
3090042,30.70464074
3090033,1115.995596
3090025,1504.527396
3090023,376.131849
3090024,406.8364898
3090019,2.952369302
3090015,0
3090011,0
3090010,0
3090012,0
3090009,0
3090007,0
3090005,0
3090008,0
3090004,0
3090001,0
3090003,0
3090002,0
3090013,0
3090032,924.0915915
3090038,460.5696111
3090043,2095.59173
3090045,6172.223262
3090048,119.2757198
3090044,2266.238676
914002104,0
914002101,0
914001001,0
914002102,0
914002207,0
914002208,0
914002103,0
914002105,0
914002206,0
3093007,0
3093002,0
3093001,56.85849057
3093005,0
3093003,0
3094002,4.641509434
1017010,286.079844
1017008,350.7763458
1017011,198.3857576
1017009,106.395419
1017001,19.96493611
1017002,120.8004995
1017003,0.505441421
1017007,3.032648523
1017005,129.3930037
1017006,228.9649635
1017012,78.59614089
1017004,0
912001008,0
1012004,0
1012026,0
1012014,0
1012015,0
1012020,0
1012028,0
1012024,0
1012009,0
1012022,0
1012012,0
1012005,0
1012007,0
1012018,0
1012013,0
1012029,0
1020001,0
1020002,24.295
1020003,0
911002203,0
2056065,323.3781104
2056071,587.4702338
2056069,552.0230179
2056067,458.9481643
2056061,685.9347226
2056057,682.8253177
2056058,458.7408707
2056047,20.72936605
2056009,1.036468302
2056014,838.2955631
2056024,489.8349198
2056018,418.9404879
2056053,223.462566
2056050,251.2399165
2056042,428.6832899
2056039,233.6199554
2056037,2.487523926
2056031,123.961609
2056029,423.5009484
2056020,279.8464417
2056017,265.7504728
2056010,108.2072908
2056006,214.9635259
2056003,260.9827186
2056032,249.3742736
2056030,250.2034482
2056019,60.52974887
2056011,359.03262
2056066,9.742802043
2056060,1.243761963
2056046,10.36468302
2056055,797.8732993
2056040,0
2056049,0
2056025,0
2056027,0
2056022,2877.650595
2056015,3924.690874
2056012,0
2056036,0
2056028,0
2056013,0
2056007,0
2056004,0
2056002,1036.468302
2056001,0
2056008,558.656415
2056041,0
2056068,0
2056063,0
2056044,977.8041966
2056043,526.7331913
2056045,354.4721595
2056033,455.4241721
2056054,0
2056051,279.4318544
2056072,27.77735051
2056048,0
2056062,67.57773332
2056059,259.3243693
2056016,446.0959574
2056034,172.4683255
2056035,199.0019141
2056005,291.4548867
2056021,431.1708138
2056038,882.0345254
2056026,719.3090019
2056023,428.2687026
2056056,247.0940433
2056052,210.8176527
2056064,132.8752364
2056073,353.6429848
2056074,403.3934633
2056070,389.0902008
912002305,0
912002304,0
912002303,0
913001102,0
913001103,0
913001104,0
913001106,0
912002306,0
912002302,0
913001105,0
913002103,0
920000002,0
1039021,125.4756509
1039014,43.74691611
1039008,83.76347503
1039002,67.82467614
1039001,99.36315055
1039003,157.692372
1039005,146.8404238
1039004,194.6568205
1039007,241.4558471
1039006,326.914939
1039009,210.256496
1039012,442.2168884
1039028,0
1039024,330.3061728
1039030,75.28539052
1039026,284.8636398
1039013,181.4310087
1039020,99.70227393
1039011,63.07694881
1039023,109.536852
1039019,131.5798717
1039017,247.8991913
1039010,24.75600679
1039015,309.2805232
1039016,677.5685147
1039022,236.7081197
1039018,115.3019494
1039025,446.6254924
1039027,2012.697264
1039029,222.8040611
1039031,86.1373387
1039033,40.01655892
1039032,227.2126651
1039034,26.11250031
1044002,533.5339993
1044004,175.9668035
1044001,138.8513948
1044003,690.9430984
1044008,797.6498983
1044005,538.5048129
1044010,82.18411914
1044012,18.8890919
1044007,857.6310498
1044009,284.3305412
1044011,65.94612786
1044006,377.1190628
913001108,0
913001107,0
1050003,0
1050005,108.0794811
1050002,979.4105189
1050004,0
1050001,0
1037007,499.9535657
1037005,69.67648769
1037002,0
1037010,364.5632342
1037004,421.6913497
1037006,378.4324877
1037019,542.2217668
1037021,212.6618866
1037015,522.7387678
1037020,147.2782631
1037016,213.3223272
1037012,595.3872384
1037011,734.7402138
1037014,300.8307123
1037009,382.3951315
1037013,450.7507379
1037003,0
1037001,93.12213047
1037018,518.1156834
1037017,1913.626759
1037008,264.1762567
911301001,0
911002202,0
2081011,0
2081008,2949.840203
2081007,1682.943515
2081004,32.39708894
2081012,0
2081001,529.7208226
2081006,553.5923618
2081010,26.71338912
2081009,693.9797472
2081005,625.7753494
2081002,0
2081003,0
6074023,0
6074026,8102.484073
6074027,3698.053207
6074031,26.86922024
6074009,9771.911152
6074012,19.79837281
6074014,2957.028396
6074018,2054.788264
6074019,2417.522737
6074001,626.4770825
6074003,146.3665419
6074021,2055.495349
6074010,4771.407848
6074015,2846.016092
6074020,402.3312189
6074017,1139.820606
6074022,637.0833537
6074005,2826.924804
6074002,2213.882331
6074007,0
6074006,0
6074011,24.04088127
6074024,1103.052199
6074016,12533.78416
6074025,1321.541385
6074030,1992.564807
6074029,2078.829145
6074013,1394.371114
6074004,825.1678954
6074008,12.02044064
6074028,0
1025019,466.0363726
1025021,619.3841957
1025023,420.913335
1025024,3.525237312
1025022,384.250867
1025017,334.5450209
1025020,461.8060879
1025014,1175.31412
1025018,889.0648501
1025012,948.6413606
1025013,0
1025009,482.604988
1025005,143.4771586
1025001,109.9874041
1025002,728.6665524
1025007,846.7620023
1025003,226.3202354
1025004,478.0221795
1025006,540.4188799
1025010,744.5301203
1025008,857.3377143
1025011,650.406284
1025016,872.143711
1025015,688.1263233
913001007,0
1022014,48.05035362
1022013,244.0716707
1022010,229.1941553
1022007,25.13093808
1022009,39.00321591
1022006,43.82835602
1022004,293.7304043
1022003,298.9576394
1022002,322.681245
1022001,91.47661463
1022005,9.248185215
1022011,2.211522551
1022008,324.69172
1022012,287.6989792
1043017,107.3811627
1043016,89.8971199
1043014,172.509222
1043008,258.9095333
1043005,135.3556311
1043009,193.4900733
1043013,153.4224753
1043015,187.8077594
1043007,134.7728297
1043011,53.32633044
1043004,58.86294398
1043010,88.29441598
1043006,253.8100208
1043012,23.31205702
1043003,118.8914908
1043001,8.304920315
1043002,128.362014
1030003,1057.915173
1030001,987.33278
1030005,0
1030006,0
1030007,0
1030002,572.0456755
1030004,544.5513712
1003014,0
1003015,0
1003012,0
1003016,0
1003013,0
1003010,0
1003011,0
1003006,0
1003002,0
1003004,0
1003003,0
1003001,0
1003005,0
1003007,0
1003008,0
1003017,0
1003009,0
912341001,0
1024019,500.2894368
1024022,156.6423478
1024021,354.2279231
1024018,382.060117
1024015,432.4340879
1024002,97.52768791
1024001,194.1353033
1024007,419.5530725
1024012,146.0615137
1024016,112.0188302
1024008,0
1024003,63.25498626
1024006,292.8130819
1024020,0
1024005,0.460036264
1024004,0
1024010,120.0694648
1024014,0
1024013,34.27270165
1024011,136.8607885
1024017,402.0716945
1024009,341.5769258
911202201,0
911002201,0
1019002,0
1019001,0
1066021,150.3119354
1066020,37.35736946
1066001,0
1066003,172.6675266
1066002,257.971756
1066004,258.2659086
1066016,0
1066007,275.9150595
1066008,364.4549666
1066005,5.883050309
1066011,708.0251047
1066010,493.2937684
1066013,705.377732
1066015,182.3745596
1066014,610.660622
1066018,398.2825059
1066022,48.53516505
1066017,637.428501
1066023,9.118727979
1066019,181.492102
1066012,0.294152515
1066009,745.0883216
1066006,235.6161649
930000007,0
930000008,0
914001012,0
914001014,0
940000003,0
1031012,109.4749752
1031011,233.6289258
1031008,276.5683584
1031006,133.6198319
1031003,269.2974641
1031004,124.5655106
1031009,62.55712869
1031010,252.6978751
1031001,0
1031002,33.74792469
1031007,44.99723292
1031005,90.95477263
913002108,0
1016014,742.3051059
1016016,635.3121587
1016015,695.7864332
1016009,909.1077752
1016005,731.6722664
1016013,1158.979503
1016011,1021.417142
1016006,213.321342
1016008,813.4122199
1016003,122.277654
1016012,677.1789641
1016010,976.2275744
1016007,406.70611
1016004,243.8907555
1016017,1014.107065
1016002,491.1042733
1016001,1.993657402
1027003,94.6726186
1027001,853.5328271
1027004,415.1788795
1027006,268.239086
1027007,1154.315626
1027011,758.8602085
1027012,820.0029413
1027017,126.7232447
1027013,611.4273285
1027016,1298.2969
1027021,1028.578554
1027026,250.9810566
1027024,1056.191401
1027028,1478.766579
1027027,340.7228097
1027025,486.1833435
1027023,207.5894398
1027018,77.90767573
1027022,1026.606208
1027019,564.5841057
1027014,621.7821461
1027002,0
1027015,528.5887872
1027009,1432.416443
1027008,293.3865004
1027010,0
1027005,0
1027020,605.5102898
914001006,0
1040009,225.887596
1040019,205.5206816
1040013,110.8865339
1040021,96.27995897
1040022,83.52492167
1040016,149.7688251
1040018,76.11877098
1040017,172.8101828
1040011,167.872749
1040008,204.9035024
1040003,188.8568426
1040004,592.2863288
1040010,179.1877014
1040006,77.14740302
1040002,179.3934278
1040001,79.82184633
1040005,171.7815507
1040012,76.11877098
1040014,47.31707385
1040015,0
1040020,5.143160201
1040023,179.1877014
1040007,39.49947035
912002308,0
1068001,258.3416256
1068002,165.7893298
1068005,0
1068004,688.1061991
1068003,368.8678455
914001013,0
1006001,0
1006002,0
1006003,0
1006005,0
1006010,283.4115391
1006007,75.94176601
1006009,310.8132073
1006006,188.6800578
1006004,0
1006008,21.13842972
920000008,0
1007001,0
1007003,57.89380471
1007004,1.867542088
1007002,25.21181818
1007005,192.356835
1007006,0
912001007,0
1033008,154.0216822
1033004,358.0463954
1033005,417.309247
1033009,45.99044217
1033007,456.8178148
1033006,171.3066806
1033011,5.555892342
1033003,140.440612
1033002,4.938570971
1033001,72.22660045
1033010,0
1033012,100.0060622
6076004,3105.154205
6076002,1051.252206
6076003,549.0272652
6076001,464.4230637
1015018,207.4238405
1015016,266.6102242
1015009,718.9245151
1015012,2476.597215
1015011,710.2366055
1015004,572.3160415
1015007,320.3666646
1015002,365.4351954
1015001,383.8970031
1015006,0
1015014,793.8577349
1015017,54.84242902
1015015,402.3588109
1015013,326.8825967
1015008,179.7311288
1015010,100.9969485
1015003,273.6691508
1015005,202.5368913
1015019,287.7870038
1036003,205.831295
1036004,140.7490666
1036001,1.74952227
1036002,246.7701161
913002104,0
2096006,3.960173055
2096003,384.1367863
2096002,21.7809518
2096004,75.90331688
2096005,35.64155749
2096001,128.0455954
7079011,0
7079001,996.8487653
7079009,102.240899
7079004,37.03624403
7079002,410.0068705
7079007,98.06780109
7079003,0
7079005,378.7086361
7079006,0
7079010,786.1073204
7079008,11.47601928
1047005,337.423133
1047001,467.4259852
1047003,607.945922
1047006,428.8633414
1047004,263.8035404
1047007,346.7716528
1047008,293.0176645
1047009,732.1059493
1047002,266.4328115
1067001,1076.910664
1067006,628.3469611
1067007,680.6719393
1067005,554.5553251
1067004,201.6971384
1067002,339.8887476
1067003,528.1692249
1064003,324.5112611
1064001,0
1064002,956.3100253
1064004,344.0837136
911002204,0
3091047,3.965531683
3091054,0
3091056,30.13804079
3091053,0
3091049,461.5878879
3091022,140.3798216
3091018,380.6910416
3091011,0
3091017,72.96578297
3091015,234.7594757
3091044,0
3091042,563.105499
3091038,6029.194371
3091041,752.6579135
3091043,7.13795703
3091032,345.0012565
3091035,2611.699167
3091034,188.7593081
3091031,56399.37781
3091026,1844.765339
3091025,0
3091027,0
3091028,0
3091033,4.75863802
3091029,7.931063367
3091023,15.0690204
3091030,0
3091037,0
3091019,7.13795703
3091016,1328.453114
3091021,0
3091013,287.1044939
3091006,0
3091010,1399.832684
3091012,317.2425347
3091003,684.4507685
3091002,0
3091004,310.1045776
3091005,373.5530846
3091055,7.13795703
3091014,903.3481175
3091040,4.75863802
3091007,373.5530846
3091009,0
3091001,785.9683796
3091052,663.8300038
3091051,30.93114713
3091046,14109.36173
3091048,2099.352473
3091050,2847.251749
3091045,46.79327386
3091036,30966.04381
3091039,1464.074297
3091020,1210.28027
3091024,0.793106337
3091008,716.9681283
1021002,889.2091698
1021001,328.5708302
1057021,13749.76584
1057015,6658.516046
1057013,6710.364329
1057008,14156.57544
1057010,49008.59249
1057011,20487.05139
1057014,23679.70913
1057018,20457.13892
1057006,0
1057012,15835.66215
1057003,22513.12276
1057009,31788.98002
1057007,11572.13795
1057016,6730.305976
1057022,560.3602901
1057027,506.5178423
1057026,2160.677489
1057028,1352.043689
1057025,10411.53407
1057024,1381.95616
1057017,2769.894815
1057020,3852.726265
1057019,1740.905812
1057023,4617.488441
1057005,10419.51073
1057004,13528.41355
1057002,40331.98174
1057001,26663.97665
913002102,0
913002101,0
913001101,0
913002202,0
913002201,0
920000001,0
1029004,0
1029005,0
1029003,0
1029007,0
1029010,0
1029009,0
1029008,0
1029006,0
1029001,0
1029002,0
1026019,450.9440803
1026014,845.789854
1026012,229.2478877
1026009,1461.253007
1026005,1155.948761
1026007,1157.027575
1026010,668.3250186
1026003,982.7991799
1026008,1256.817832
1026004,734.1326475
1026001,65.80762895
1026002,1092.298759
1026006,588.492813
1026011,831.7652774
1026013,542.6432354
1026017,1214.744102
1026016,85.22627356
1026015,1474.738177
1026018,305.8436526
1026021,82.52923958
1026020,0
911301101,0
914001007,0
1012010,0
1012008,0
1012016,0
1012003,0
1012011,0
1012001,0
1012002,0
1012006,0
1012017,0
1012021,0
913401001,0
3094001,4655.327226
3094003,3.953568769
1062001,0
1062003,0
1062002,0
1001004,0
1001009,0
1001007,0
1001006,0
1001008,0
1001001,0
1001003,0
1001005,0
1001010,0
1001002,0
1058003,20.90829923
1058002,4414.50227
1058001,23.75943095
2097001,56.21955011
2097002,1.147337757
1002001,0
1002003,0
1002002,0
1061004,0
1061013,0
1061026,0
1061024,0
1061025,0
1061011,0
1061021,0
1061019,0
1061010,0
1061007,0
1061003,0
1061005,0
1061006,0
1061009,0
1061014,0
1061017,0
1061020,0
1061018,0
1061012,0
1061016,0
1061002,0
1061001,0
1061023,0
1061008,0
1061015,0
1061022,0
914001011,0
911002206,0
920000012,0
920000011,0
930000011,0
940000002,0
940000001,0
7078003,87.02998072
7078002,1.408252115
7078001,37.74115669
7078005,268.1312027
7078007,4.224756345
7078006,40.27601049
7078004,0
7078008,28.72834315
1023022,3.550542257
1023018,40.69467664
1023014,42.87962572
1023001,320.0950404
1023008,142.8410462
1023012,184.0819601
1023005,111.7055218
1023009,159.5012829
1023020,268.748737
1023013,84.66677689
1023006,427.430664
1023011,210.8475863
1023010,17.20647401
1023015,133.2818939
1023017,160.0475202
1023019,267.9293811
1023021,453.3769343
1023003,312.4477186
1023004,353.4155139
1023002,173.7034519
1023007,219.0411454
1023016,579.0115065
912001006,0
1046002,0
1046001,361.62981
1046004,314.6801976
1046005,532.0956069
1046003,230.7093855
1063001,4.742975403
1063004,0.139090188
1063007,10.8907617
1063008,0
1063009,0
1063012,8.261957154
1063011,9.944948426
1063010,16.06491669
1063006,52.42309177
1063003,0
1063002,2.712258662
1063005,0
911401001,0
920000010,0
1014009,633.6511964
1014014,665.5366637
1014016,1465.572026
1014018,263.7797752
1014017,1070.771967
1014015,537.9947943
1014011,827.2829435
1014010,653.9419483
1014006,540.3137374
1014004,157.6881294
1014001,212.7630275
1014003,591.3304852
1014002,52.75595505
1014007,280.0123768
1014005,522.3419286
1014008,502.6309124
1014012,48.11806889
1014013,0.57973577
1014019,78.26432892
3095001,593.640606
3095003,2785.244942
3095002,5.839087928
7077001,766.0675047
7077002,512.6072062
7077003,124.293031
1018006,7.00875
1018003,0
1018001,125.15625
1018002,12.34875
1018008,0
1018009,0.33375
1018005,2.67
1018004,83.4375
1018007,0
2055071,4309.556565
2055061,1194.686156
2055056,1539.695369
2055047,1847.389755
2055039,1186.122098
2055051,635.575482
2055050,1106.598698
2055040,1769.701511
2055046,1248.517381
2055031,1076.012775
2055043,1980.74438
2055025,437.9904188
2055020,478.3638373
2055019,1588.632846
2055023,1672.438275
2055030,1383.707161
2055029,2033.352168
2055024,543.8177127
2055033,910.8487899
2055034,1351.897801
2055036,1104.763542
2055048,315.6467264
2055049,1140.854932
2055041,789.116816
2055045,1.223436924
2055054,1329.875936
2055063,2525.78553
2055059,1539.08365
2055069,564.0044219
2055064,1279.715022
2055058,920.6362853
2055062,1011.170618
2055065,867.4167791
2055070,318.7053187
2055066,347.4560864
2055067,1249.740818
2055078,219.6069279
2055073,315.6467264
2055074,682.0660851
2055080,2286.603611
2055079,992.2073453
2055076,1047.262007
2055086,529.7481881
2055081,160.270237
2055085,1852.283503
2055003,2167.930229
2055001,7470.305858
2055007,3425.623387
2055055,1214.261147
2055100,762.2012036
2055103,172.5046063
2055002,65.45387543
2055072,406.1810588
2055027,1518.285223
2055022,418.415428
2055017,669.2199974
2055015,112.556197
2055105,4296.098759
2055107,0
2055032,29.97420464
2055028,266.097531
2055042,1747.679646
2055087,1127.397125
2055090,1429.586046
2055096,175.5631986
2055099,157.8233632
2055094,203.7022478
2055097,552.9934896
2055104,97.87495392
2055101,0
2055093,200.0319371
2055095,721.2160667
2055089,414.1333988
2055091,56.88981696
2055092,1051.544036
2055026,1852.283503
2055012,282.6139294
2055010,181.0686647
2055011,976.3026653
2055102,0
2055004,55892.71587
2055008,1476.688367
2055021,493.6567988
2055014,622.1176758
2055018,1566.610981
2055006,3930.902837
2055013,1844.942881
2055005,2451.155877
2055052,1226.495516
2055037,563.3927035
2055035,559.1106743
2055057,1575.786758
2055044,105.2155755
2055053,1356.791549
2055075,705.9231051
2055082,2226.043483
2055077,1480.970396
2055084,1054.602628
2055083,693.0770174
2055088,691.8535805
2055098,918.8011299
2055038,1036.862793
2055060,1121.279941
2055068,990.3721899
930000003,0
912002101,0
912002307,0
912001002,0
912002102,0
912001004,0
912002301,0
913202101,0
912302201,0
920000005,0
2055009,1330.487655
2055106,1031.969045
2055016,671.0551528
2051058,76.46238477
2051051,133.3665851
2051043,74.43912431
2051054,0
2051037,187.8260124
2051032,53.70070463
2051038,129.6572743
2051042,23.26749526
2051063,232.0005324
2051067,78.73855278
2051057,0.252907557
2051053,122.4915602
2051048,73.09028401
2051052,202.0731381
2051047,353.8176724
2051041,35.65996555
2051033,109.4246697
2051036,128.2241315
2051040,157.8986182
2051035,70.89841851
2051014,52.35186432
2051013,22.34016755
2051011,42.74137715
2051010,46.0291754
2051009,90.03509034
2051025,133.9567028
2051030,97.03219942
2051046,43.07858723
2051062,82.11065355
2051068,123.756098
2051078,0
2051021,31.36053708
2051029,22.50877258
2051015,2.191865495
2051016,161.9451391
2051019,0
2051006,0
2051008,68.36934294
2051069,32.79367991
2051060,104.7037286
2051044,36.84020082
2051050,49.31697364
2051031,51.08732654
2051070,99.56127499
2051064,128.9828541
2051055,21.2442348
2051039,158.0672232
2051020,89.69788026
2051002,0
2051045,47.7995283
2051034,0
2051059,15.09015091
2051065,132.1863499
2051061,0
2051049,16.18608366
2051004,0
2051012,0
2051007,0
2051005,0
2051003,0
2051001,0
2051027,51.00302402
2051076,0
2051028,0
2051018,0
2051074,0
2051071,0
2051024,57.32571295
2051056,73.17458653
2051066,192.5469535
930000005,0
930000006,0
913001001,0
913001002,0
913002109,0
920000009,0
2051023,0
2051077,0
2051075,0
2051026,1.517445343
2051022,0
2051017,0
2051073,72.75307393
2051072,28.24134388
4071052,974.9876589
4071063,801.231882
4071062,445.7213409
4071059,2565.008554
4071054,614.5888479
4071056,3179.153014
4071005,554.5964441
4071008,610.5893543
4071011,339.9569549
4071018,988.3193042
4071022,898.1085044
4071010,1062.976518
4071017,1218.956768
4071020,1222.956261
4071026,691.9123906
4071025,822.5625144
4071023,3.555105411
4071044,62.21434469
4071051,419.9468267
4071035,101.3205042
4071002,13.33164529
4071013,942.5473221
4071007,0
4071053,2506.793703
4071064,29.77400782
4071032,1266.061914
4071038,4.443881764
4071049,44.43881764
4071040,253.3012605
4071046,2.221940882
4071050,163.0904607
4071045,76.87915451
4071047,0
4071043,6.221434469
4071042,95.98784609
4071048,538.5984698
4071030,615.9220124
4071028,1101.638289
4071033,191.9756922
4071031,17.77552705
4071034,394.1723124
4071039,209.3068311
4071037,116.8740904
4071041,419.9468267
4071003,0
4071009,430.1677547
4071015,389.2840425
4071001,0
4071004,0
4071065,55.99291022
4071019,367.0646337
4071014,1280.282336
4071016,0
4071027,1145.18833
4071021,712.3542467
4071024,15.55358617
4071029,306.1834535
4071055,900.7748335
4071057,3346.687356
4071061,902.107998
4071058,61.32556834
4071060,719.0200694
4071012,594.1469918
913002113,0
913002110,0
913002111,0
913002112,0
913002114,0
4071006,2549.899356
4071036,0
1028003,0.137203928
1028001,0.137203928
1028004,2.332466782
1028008,3.498700173
1028009,0
1028006,7.271808203
1028007,22.2270364
1028005,25.03971693
1028002,58.10586366
8082002,2364.934473
8082001,1426.028743
8082003,6494.018369
8082005,14110.32995
8082004,684.8376482
8085003,305.4723574
8085001,115.5642412
8085002,541.7533856
8080002,1067.41021
8080003,61448.53161
8080008,6743.758323
8080007,4409.944761
8080014,4887.711702
8080009,295.2801441
8080011,622.6559561
8080013,135.718824
8080006,23046.52355
8080005,7231.612474
8080004,2840.925113
8080010,3679.997573
8080001,9437.960383
913002301,0
8080012,1167.36529
3098001,6
1005012,0
1005007,0
1005011,2.127893097
1005009,451.8226342
1005008,112.0690364
1005005,270.2424233
1005006,270.951721
1005002,230.5217522
1005004,69.5111745
1005003,58.87170901
1005001,13.47665628
1005010,0
1049004,0
1049002,0
1049001,0
1049003,173.62
1049006,0
1049007,0
1049008,0
1049005,0
930000001,0
911002101,0
914001009,0
914001002,0
914001003,0
911202101,0
920000003,0
1032015,554.3892802
1032013,617.1006151
1032011,220.2801512
1032014,621.3165032
1032003,297.7470944
1032001,653.9896356
1032012,620.7895171
1032009,306.1788705
1032005,217.1182352
1032006,288.2613462
1032008,424.7507223
1032010,57.96846085
1032004,212.3753611
1032007,435.2904424
1032002,988.0987646
913002107,0
913002105,0
2052031,12.74726502
2052034,75.51182555
2052032,33.03999634
2052029,26.69494514
2052027,10.86089845
2052026,29.15293795
2052019,0.743114105
2052020,43.10061806
2052014,0.457300987
2052037,56.64815982
2052035,81.05660002
2052036,128.0442765
2052039,10.17494697
2052033,8.00276728
2052030,22.57923625
2052021,75.74047604
2052015,41.21425149
2052003,71.39611666
2052009,28.40982384
2052012,3.772733146
2052018,0
2052006,0.514463611
2052013,46.70186334
2052028,0.342975741
2052025,13.661867
2052005,42.30034134
2052024,0
2052040,0
2052016,0
2052008,14.6336316
2052022,0
2052044,0
2052002,0
2052004,0
2052001,0
2052017,0
2052010,112.2102298
2052007,17.43460015
2052038,46.53037547
913001003,0
913002206,0
913001005,0
913001006,0
2052023,0
2052011,0
2052041,0
2052042,0
2052043,0
2052048,0
2052045,0
2052049,0
2052047,0
2052046,0
8073007,144.2570072
8073004,9.216419905
8073003,17.03034113
8073002,136.6434429
8073006,19.83533849
8073008,3.406068226
8073001,7.212850361
8073005,0
8072002,50.51344862
8072003,156.409112
8072001,26.77821372
8072005,394.9786524
8072004,121.1105575
8084002,696.7413572
8084003,3671.826952
8084006,220.3444542
8084004,11.32204705
8084005,10.45112036
8084001,9.580193661
8086002,9.903586376
8086003,0
8086001,28.29596108
8086006,1142.803128
8086007,172.6053626
8086008,188.1681411
8086005,478.2017422
8086009,301.705685
8086010,297.4612908
8086004,2075.862444
1048012,389.7209255
1048009,0
1048008,0
1048004,371.2393146
1048005,728.0147598
1048003,0
1048007,0
1048001,0
1048002,0
1048006,0
1048011,0
1048010,0
930000002,0
912001009,0
914001005,0
914001004,0
920000006,0
1045017,248.9706529
1045026,778.3531864
1045023,238.0027827
1045015,4994.036884
1045016,839.042068
1045021,412.7575141
1045027,785.2995042
1045004,851.8379165
1045009,668.308889
1045011,624.0718127
1045014,206.9271505
1045022,933.7313471
1045002,437.9836155
1045001,301.6164297
1045005,865.3649564
1045008,285.5302201
1045031,102.7323839
1045029,560.4581657
1045032,128.324081
1045034,0
1045030,189.0129626
1045033,7.677509119
1045010,212.4110856
1045006,20.47335765
1045003,199.9808328
1045007,519.5114504
1045012,289.9173682
1045020,375.8323512
1045025,505.2532192
1045024,455.1666121
1045028,151.3566083
1045019,324.648957
1045018,50.08660711
1045013,175.8515184
