variable_names,totpop
variable_categories,1
geo,
1,7
2,506
3,145
4,255
5,53
6,2029
7,324
8,692
9,2404
10,618
11,2301
12,2060
13,1295
14,19
15,1068
16,413
17,398
18,744
19,291
20,263
21,372
22,777
23,412
24,323
25,61
26,563
27,960
28,103
29,506
30,59
31,1779
32,626
33,14
34,21
35,968
36,120
37,10
38,16
39,1
40,658
41,728
42,31
43,1934
44,202
45,232
46,116
47,1443
48,1334
49,952
50,208
51,0
52,14
53,409
54,133
55,833
56,188
57,2288
58,348
59,993
60,1046
61,109
62,23
63,85
64,24
65,171
66,92
67,2124
68,429
69,1067
70,87
71,44
72,56
73,35
74,88
75,76
76,0
77,1446
78,622
79,1076
80,19
81,57
82,433
83,46
84,74
85,158
86,29
87,67
88,10
89,1008
90,1562
91,49
92,1466
93,370
94,163
95,1064
96,251
97,268
98,17
99,5
100,0
101,31
102,118
103,299
104,196
105,128
106,31
107,743
108,431
109,1151
110,1271
111,1320
112,131
113,74
114,1704
115,2353
116,1603
117,208
118,1749
119,1204
120,1654
121,3290
122,1755
123,806
124,1474
125,533
126,470
127,1999
128,1815
129,2175
130,776
131,824
132,492
133,368
134,59
135,11
136,40
137,94
138,24
139,52
140,84
141,113
142,23
143,4
144,1492
145,1556
146,54
147,669
148,110
149,145
150,92
151,110
152,192
153,11
154,222
155,13
156,151
157,3324
158,1079
159,3275
160,1569
161,1448
162,236
163,2690
164,1647
165,1578
166,35
167,1365
168,1916
169,84
170,2614
171,1645
172,1711
173,112
174,1808
175,1540
176,516
177,74
178,65
179,12
180,210
181,401
182,0
183,1328
184,408
185,51
186,216
187,205
188,1397
189,1392
190,1024
191,8
192,13
193,1165
194,1503
195,3738
196,1624
197,2513
198,544
199,137
200,21
201,315
202,859
203,172
204,601
205,262
206,28
207,542
208,753
209,441
210,229
211,1711
212,214
213,1298
214,1565
215,80
216,63
217,55
218,40
219,1622
220,3060
221,2018
222,707
223,1658
224,1022
225,1464
226,213
227,2226
228,298
229,474
230,250
231,103
232,78
233,58
234,635
235,291
236,1884
237,2416
238,1272
239,2010
240,1186
241,1326
242,1747
243,13
244,1848
245,1086
246,10
247,1168
248,10
249,11
250,146
251,0
252,8
253,0
254,0
255,1191
256,29
257,12
258,76
259,2853
260,12
261,0
262,9
263,21
264,74
265,73
266,9
267,74
268,448
269,137
270,13
271,8
272,38
273,0
274,0
275,74
276,274
277,503
278,1010
279,1507
280,1858
281,2854
282,0
283,3190
284,550
285,17
286,0
287,2750
288,1532
289,39
290,1279
291,2
292,8
293,2895
294,1000
295,771
296,859
297,1425
298,0
299,1841
300,2548
301,3122
302,1457
303,8
304,5
305,103
306,382
307,1382
308,18
309,138
310,1755
311,1993
312,1309
313,1115
314,16
315,13
316,473
317,1647
318,1272
319,2353
320,360
321,1453
322,173
323,565
324,2455
325,26
326,636
327,1012
328,968
329,566
330,650
331,56
332,2099
333,35
334,138
335,1993
336,1443
337,630
338,558
339,258
340,426
341,1252
342,550
343,783
344,1187
345,130
346,971
347,861
348,1514
349,793
350,1893
351,1380
352,1180
353,538
354,640
355,3738
356,5
357,105
358,2043
359,632
360,9
361,5
362,15
363,633
364,31
365,692
366,1017
367,814
368,106
369,830
370,1217
371,789
372,625
373,175
374,80
375,343
376,60
377,89
378,1611
379,1728
380,233
381,411
382,6
383,56
384,0
385,0
386,0
387,0
388,13
389,18
390,1
391,10
392,19
393,44
394,5
395,1846
396,164
397,13
398,381
399,1106
400,33
401,1687
402,1138
403,79
404,0
405,528
406,869
407,2557
408,20
409,992
410,491
411,575
412,905
413,1041
414,655
415,19
416,0
417,178
418,0
419,26
420,4514
421,3084
422,283
423,557
424,9
425,9
426,40
427,221
428,3268
429,1186
430,3134
431,1975
432,177
433,211
434,0
435,724
436,4
437,43
438,2257
439,1245
440,569
441,34
442,1813
443,2440
444,2386
445,81
446,566
447,0
448,250
449,518
450,2188
451,36
452,1896
453,4544
454,14
455,323
456,155
457,7
458,932
459,1520
460,2802
461,3736
462,2062
463,1910
464,689
465,188
466,390
467,733
468,1703
469,2526
470,1364
471,961
472,3324
473,1926
474,824
475,1435
476,505
477,1459
478,845
479,2952
480,2436
481,1845
482,2309
483,1784
484,2212
485,1234
486,1135
487,259
488,83
489,76
490,2210
491,1170
492,2418
493,2319
494,517
495,1325
496,377
497,2039
498,1180
499,288
500,21
501,39
502,537
503,1683
504,2490
505,2354
506,3718
507,1372
508,1050
509,1291
510,1874
511,1901
512,2201
513,1065
514,752
515,3069
516,684
517,1591
518,446
519,1756
520,607
521,897
522,511
523,13
524,432
525,2703
526,95
527,641
528,1641
529,1306
530,982
531,0
532,250
533,376
534,435
535,218
536,1176
537,19
538,686
539,1555
540,609
541,253
542,136
543,44
544,634
545,20
546,0
547,115
548,403
549,1009
550,1405
551,1958
552,822
553,2822
554,1076
555,1444
556,1900
557,1946
558,200
559,571
560,866
561,2156
562,32
563,371
564,1082
565,149
566,326
567,2122
568,1369
569,47
570,1162
571,519
572,724
573,93
574,96
575,275
576,2171
577,845
578,2035
579,125
580,110
581,2405
582,1902
583,954
584,1088
585,1316
586,17
587,1238
588,1430
589,740
590,1203
591,500
592,815
593,1218
594,1465
595,141
596,1854
597,1511
598,1194
599,1264
600,2905
601,2068
602,3151
603,1337
604,24
605,1005
606,1847
607,905
608,915
609,1638
610,1969
611,844
612,1023
613,1582
614,1599
615,1828
616,2246
617,1093
618,1016
619,917
620,814
621,2530
622,1076
623,701
624,3
625,51
626,75
627,1553
628,1178
629,73
630,99
631,442
632,395
633,1670
634,1664
635,1008
636,1290
637,1597
638,1686
639,1365
640,1644
641,1039
642,826
643,2013
644,106
645,1612
646,733
647,698
648,1202
649,592
650,1180
651,933
652,1434
653,916
654,1331
655,1738
656,1083
657,1529
658,1438
659,2130
660,52
661,147
662,3517
663,1939
664,2283
665,3486
666,1202
667,1606
668,1083
669,1007
670,1603
671,1513
672,2977
673,1466
674,1445
675,1682
676,2163
677,2860
678,140
679,1430
680,1150
681,1271
682,1258
683,1380
684,564
685,1111
686,2758
687,2881
688,350
689,883
690,856
691,150
692,2278
693,2722
694,92
695,4555
696,182
697,857
698,682
699,133
700,1490
701,1961
702,2213
703,2618
704,143
705,2855
706,1330
707,1529
708,39
709,5
710,1808
711,1761
712,2037
713,1300
714,3050
715,1322
716,2604
717,1949
718,3659
719,556
720,68
721,14
722,315
723,1317
724,1043
725,886
726,3240
727,7
728,7
729,426
730,889
731,1418
732,1206
733,2079
734,2337
735,41
736,2
737,8
738,134
739,3149
740,1185
741,611
742,638
743,498
744,1588
745,1822
746,2489
747,432
748,1480
749,111
750,655
751,1083
752,1746
753,1696
754,1349
755,1380
756,2617
757,1959
758,2219
759,1895
760,267
761,3963
762,698
763,1176
764,917
765,501
766,2645
767,3423
768,3
769,1903
770,814
771,523
772,3037
773,1610
774,3624
775,813
776,300
777,1348
778,1293
779,0
780,153
781,186
782,1302
783,16
784,145
785,1689
786,936
787,1085
788,2557
789,1374
790,3137
791,3170
792,6
793,61
794,0
795,3366
796,1981
797,1769
798,1359
799,4306
800,1307
801,930
802,2352
803,0
804,1790
805,3863
806,1520
807,1797
808,560
809,0
810,720
811,14
812,3116
813,1181
814,1368
815,238
816,1818
817,0
818,8
819,558
820,1671
821,451
822,2780
823,516
824,861
825,1145
826,1108
827,1223
828,1975
829,3114
830,3678
831,2068
832,1285
833,2081
834,3697
835,2108
836,2240
837,2053
838,2594
839,1666
840,1486
841,1091
842,672
843,27
844,11
845,67
846,1586
847,461
848,1202
849,522
850,443
851,247
852,0
853,470
854,1007
855,77
856,293
857,40
858,70
859,96
860,794
861,1884
862,450
863,635
864,0
865,26
866,818
867,2290
868,3199
869,10
870,3
871,2589
872,919
873,12
874,27
875,257
876,388
877,127
878,241
879,177
880,442
881,592
882,399
883,345
884,282
885,0
886,268
887,342
888,1064
889,122
890,280
891,156
892,251
893,466
894,1255
895,2175
896,1212
897,423
898,20
899,25
900,1181
901,3335
902,1801
903,972
904,3010
905,2098
906,3493
907,2630
908,1479
909,272
910,195
911,322
912,607
913,794
914,1314
915,1780
916,1277
917,666
918,1125
919,1860
920,425
921,577
922,3080
923,2141
924,1869
925,269
926,1374
927,1190
928,1556
929,1939
930,1220
931,435
932,4
933,419
934,1191
935,497
936,323
937,341
938,447
939,326
940,0
941,178
942,204
943,117
944,629
945,394
946,46
947,107
948,413
949,1385
950,94
951,1128
952,396
953,35
954,310
955,220
956,156
957,151
958,581
959,475
960,39
961,16
962,73
963,355
964,220
965,114
966,15
967,43
968,545
969,1298
970,0
971,17
972,1557
973,2034
974,1750
975,3029
976,980
977,448
978,4093
979,583
980,5168
981,488
982,303
983,193
984,250
985,101
986,2584
987,2495
988,1167
989,720
990,754
991,132
992,231
993,593
994,1477
995,285
996,1284
997,1990
998,238
999,3120
1000,335
1001,26
1002,109
1003,285
1004,0
1005,8
1006,320
1007,17
1008,25
1009,11
1010,2483
1011,1765
1012,2797
1013,3222
1014,3853
1015,4599
1016,294
1017,34
1018,152
1019,979
1020,3576
1021,2698
1022,1733
1023,3736
1024,2648
1025,3799
1026,4190
1027,681
1028,365
1029,2708
1030,3427
1031,718
1032,921
1033,3551
1034,948
1035,2847
1036,1212
1037,961
1038,910
1039,16
1040,1413
1041,1739
1042,1531
1043,24
1044,482
1045,1723
1046,1192
1047,824
1048,2486
1049,2746
1050,1798
1051,1566
1052,749
1053,1627
1054,1826
1055,762
1056,1596
1057,1300
1058,2432
1059,1849
1060,2186
1061,1963
1062,2848
1063,1978
1064,1581
1065,1818
1066,2972
1067,1802
1068,3350
1069,2409
1070,3
1071,21
1072,2974
1073,2188
1074,3170
1075,345
1076,2503
1077,546
1078,2888
1079,1264
1080,1353
1081,142
1082,648
1083,1706
1084,1088
1085,469
1086,2122
1087,2535
1088,1817
1089,1537
1090,2821
1091,1768
1092,1616
1093,3233
1094,1561
1095,631
1096,10
1097,644
1098,2594
1099,1827
1100,1381
1101,2120
1102,2
1103,1447
1104,1087
1105,3544
1106,1040
1107,1682
1108,345
1109,1524
1110,1905
1111,2035
1112,2038
1113,2398
1114,1673
1115,2546
1116,1635
1117,2111
1118,1847
1119,14
1120,0
1121,1038
1122,3722
1123,2358
1124,109
1125,691
1126,18
1127,27
1128,3518
1129,2579
1130,1497
1131,1669
1132,1121
1133,3023
1134,1954
1135,3
1136,11
1137,29
1138,141
1139,31
1140,124
1141,94
1142,35
1143,38
1144,142
1145,64
1146,41
1147,28
1148,1116
1149,2896
1150,383
1151,793
1152,973
1153,1505
1154,4495
1155,2213
1156,1176
1157,644
1158,1129
1159,715
1160,89
1161,2763
1162,411
1163,1299
1164,62
1165,2208
1166,79
1167,71
1168,10
1169,794
1170,1859
1171,21
1172,101
1173,422
1174,1127
1175,29
1176,3791
1177,1540
1178,3513
1179,2584
1180,692
1181,876
1182,906
1183,1544
1184,145
1185,8
1186,435
1187,4262
1188,1419
1189,0
1190,514
1191,370
1192,308
1193,13
1194,25
1195,21
1196,19
1197,25
1198,1048
1199,0
1200,0
1201,59
1202,40
1203,2
1204,184
1205,17
1206,434
1207,37
1208,57
1209,36
1210,0
1211,18
1212,31
1213,738
1214,1627
1215,2577
1216,2783
1217,3313
1218,0
1219,0
1220,15
1221,90
1222,3332
1223,2985
1224,3236
1225,4788
1226,0
1227,739
1228,175
1229,2522
1230,2811
1231,1169
1232,2145
1233,0
1234,0
1235,0
1236,0
1237,0
1238,0
1239,0
1240,0
1241,0
1242,0
1243,0
1244,5180
1245,0
1246,0
1247,0
1248,0
1249,0
1250,0
1251,26
1252,66
1253,0
1254,0
1255,482
1256,613
1257,346
1258,152
1259,74
1260,74
1261,0
1262,36
1263,0
1264,196
1265,832
1266,11
1267,0
1268,177
1269,0
1270,39
1271,0
1272,50
1273,2492
1274,3029
1275,3
1276,0
1277,0
1278,11
1279,1102
1280,58
1281,1719
1282,0
1283,884
1284,1755
1285,1719
1286,181
1287,721
1288,1211
1289,1521
1290,930
1291,1383
1292,905
1293,1794
1294,1536
1295,1571
1296,3065
1297,953
1298,1587
1299,3014
1300,3365
1301,3116
1302,2832
1303,1175
1304,1316
1305,0
1306,1987
1307,135
1308,557
1309,825
1310,1849
1311,1078
1312,839
1313,1210
1314,4
1315,444
1316,3088
1317,8
1318,10
1319,1531
1320,99
1321,80
1322,878
1323,41
1324,2137
1325,10
1326,611
1327,1369
1328,284
1329,166
1330,45
1331,827
1332,380
1333,3
1334,7
1335,123
1336,887
1337,1481
1338,171
1339,792
1340,1442
1341,2184
1342,2989
1343,593
1344,428
1345,216
1346,672
1347,388
1348,778
1349,803
1350,546
1351,2907
1352,1975
1353,1594
1354,0
1355,1687
1356,293
1357,1566
1358,775
1359,335
1360,375
1361,232
1362,621
1363,406
1364,227
1365,1579
1366,24
1367,1360
1368,863
1369,758
1370,343
1371,1407
1372,1586
1373,28
1374,15
1375,0
1376,0
1377,11
1378,12
1379,0
1380,735
1381,71
1382,22
1383,33
1384,1772
1385,2047
1386,1954
1387,741
1388,3174
1389,2108
1390,2081
1391,1000
1392,1458
1393,1758
1394,1513
1395,1264
1396,1718
1397,664
1398,642
1399,0
1400,0
1401,1110
1402,40
1403,46
1404,1
1405,5
1406,3031
1407,3117
1408,4919
1409,2549
1410,769
1411,0
1412,56
1413,983
1414,2121
1415,3287
1416,2545
1417,1684
1418,1750
1419,2316
1420,4
1421,0
1422,15
1423,1460
1424,4026
1425,2429
1426,3532
1427,5707
1428,2
1429,93
1430,142
1431,0
1432,18
1433,7
1434,601
1435,559
1436,0
1437,13
1438,13
1439,13
1440,30
1441,254
1442,612
1443,4015
1444,424
1445,307
1446,234
1447,831
1448,407
1449,2188
1450,0
1451,108
1452,214
1453,999
1454,1581
1455,772
1456,1151
1457,55
1458,0
1459,22
1460,19
1461,1518
1462,16
1463,3035
1464,3148
1465,2382
1466,4209
1467,2543
1468,2243
1469,344
1470,0
1471,62
1472,606
1473,3234
1474,1900
1475,373
1476,826
1477,2088
1478,2933
1479,2241
1480,4291
1481,3526
1482,2172
1483,1460
1484,258
1485,113
1486,409
1487,1230
1488,1733
1489,2072
1490,2912
1491,2536
1492,1493
1493,1823
1494,960
1495,2245
1496,1315
1497,1644
1498,2579
1499,1912
1500,3521
1501,3819
1502,2251
1503,3226
1504,1411
1505,1541
1506,2176
1507,1355
1508,65
1509,7
1510,1136
1511,1648
1512,541
1513,1528
1514,544
1515,529
1516,51
1517,1484
1518,3186
1519,4450
1520,10
1521,9
1522,2471
1523,2441
1524,1705
1525,6059
1526,1030
1527,1657
1528,1685
1529,1921
1530,2373
1531,1118
1532,945
1533,1841
1534,1152
1535,959
1536,0
1537,886
1538,1560
1539,1794
1540,1100
1541,1088
1542,700
1543,707
1544,2004
1545,1101
1546,1392
1547,568
1548,4108
1549,3620
1550,2553
1551,1635
1552,19
1553,2723
1554,666
1555,258
1556,1218
1557,1518
1558,700
1559,1605
1560,6689
1561,7
1562,1632
1563,2600
1564,3282
1565,2328
1566,3162
1567,40
1568,224
1569,1351
1570,1987
1571,3342
1572,2608
1573,2096
1574,2328
1575,3148
1576,1397
1577,171
1578,20
1579,770
1580,1907
1581,1466
1582,2204
1583,3051
1584,2043
1585,988
1586,3661
1587,2790
1588,1240
1589,641
1590,60
1591,5568
1592,531
1593,1116
1594,3773
1595,600
1596,2788
1597,0
1598,6366
1599,862
1600,977
1601,1783
1602,1628
1603,731
1604,1145
1605,87
1606,442
1607,455
1608,0
1609,1974
1610,2367
1611,1135
1612,31
1613,175
1614,1244
1615,1457
1616,2248
1617,1560
1618,913
1619,3299
1620,1271
1621,764
1622,959
1623,1536
1624,840
1625,523
1626,1451
1627,1643
1628,725
1629,1664
1630,2773
1631,1653
1632,2257
1633,954
1634,1083
1635,142
1636,237
1637,227
1638,1038
1639,1035
1640,615
1641,1309
1642,2297
1643,737
1644,1477
1645,2213
1646,1286
1647,558
1648,884
1649,1463
1650,2031
1651,1662
1652,1251
1653,124
1654,377
1655,886
1656,3923
1657,1980
1658,41
1659,1814
1660,1033
1661,1398
1662,570
1663,356
1664,1583
1665,1876
1666,2214
1667,1184
1668,816
1669,883
1670,4468
1671,1321
1672,2607
1673,14
1674,4286
1675,407
1676,1734
1677,1572
1678,697
1679,436
1680,1627
1681,1901
1682,1704
1683,1115
1684,2540
1685,686
1686,1636
1687,0
1688,6
1689,678
1690,465
1691,921
1692,15
1693,507
1694,1137
1695,28
1696,6
1697,37
1698,42
1699,17
1700,37
1701,37
1702,13
1703,0
1704,12
1705,25
1706,19
1707,13
1708,45
1709,34
1710,42
1711,9
1712,70
1713,3
1714,22
1715,20
1716,30
1717,1
1718,65
1719,134
1720,29
1721,123
1722,42
1723,52
1724,122
1725,123
1726,50
1727,66
1728,73
1729,69
1730,44
1731,61
1732,31
1733,64
1734,48
1735,8
1736,65
1737,32
1738,566
1739,558
1740,988
1741,108
1742,46
1743,48
1744,71
1745,47
1746,0
1747,0
1748,22
1749,68
1750,23
1751,3
1752,141
1753,45
1754,58
1755,72
1756,70
1757,23
1758,41
1759,0
1760,57
1761,30
1762,2
1763,6
1764,38
1765,18
1766,12
1767,2
1768,77
1769,81
1770,38
1771,41
1772,79
1773,314
1774,1188
1775,35
1776,70
1777,47
1778,92
1779,24
1780,56
1781,7
1782,10
1783,88
1784,4
1785,1
1786,4
1787,29
1788,0
1789,0
1790,6
1791,45
1792,17
1793,138
1794,97
1795,63
1796,153
1797,21
1798,2
1799,30
1800,32
1801,89
1802,113
1803,114
1804,37
1805,69
1806,65
1807,91
1808,39
1809,68
1810,148
1811,0
1812,66
1813,114
1814,110
1815,101
1816,114
1817,126
1818,31
1819,286
1820,58
1821,19
1822,0
1823,50
1824,20
1825,3
1826,9
1827,25
1828,8
1829,54
1830,80
1831,636
1832,114
1833,429
1834,376
1835,2447
1836,1373
1837,530
1838,0
1839,0
1840,68
1841,130
1842,5
1843,5
1844,128
1845,0
1846,0
1847,39
1848,0
1849,0
1850,0
1851,16
1852,0
1853,11
1854,0
1855,0
1856,0
1857,0
1858,0
1859,0
1860,18
1861,0
1862,43
1863,196
1864,58
1865,937
1866,0
1867,0
1868,1419
1869,3825
1870,253
1871,2327
1872,3989
1873,2428
1874,867
1875,2649
1876,2114
1877,1027
1878,1883
1879,1414
1880,5254
1881,406
1882,0
1883,890
1884,690
1885,2857
1886,4971
1887,682
1888,2934
1889,2530
1890,1510
1891,1782
1892,1549
1893,2254
1894,1622
1895,1482
1896,0
1897,2231
1898,1927
1899,1966
1900,841
1901,3789
1902,3251
1903,772
1904,67
1905,2566
1906,1307
1907,1880
1908,1334
1909,3122
1910,1460
1911,1624
1912,42
1913,842
1914,975
1915,1302
1916,14
1917,1721
1918,238
1919,1330
1920,12
1921,0
1922,928
1923,2286
1924,1044
1925,1769
1926,2469
1927,2278
1928,3224
1929,9
1930,176
1931,0
1932,975
1933,2802
1934,67
1935,2478
1936,35
1937,233
1938,242
1939,40
1940,0
1941,507
1942,978
1943,0
1944,0
1945,135
1946,387
1947,0
1948,2782
1949,0
1950,4
1951,486
1952,133
1953,1879
1954,3156
1955,1203
1956,2782
1957,1199
1958,667
1959,1047
1960,0
1961,0
1962,113
1963,342
1964,431
1965,123
1966,115
1967,165
1968,23
1969,1
1970,194
1971,0
1972,346
1973,900
1974,706
1975,0
1976,0
1977,857
1978,838
1979,1093
1980,2112
1981,671
1982,451
1983,0
1984,43
1985,0
1986,25
1987,0
1988,639
1989,1119
1990,0
1991,1881
1992,281
1993,660
1994,24
1995,0
1996,0
1997,0
1998,130
1999,63
2000,86
2001,0
2002,0
2003,187
2004,0
2005,839
2006,29
2007,465
2008,128
2009,238
2010,418
2011,115
2012,159
2013,166
2014,0
2015,446
2016,323
2017,0
2018,2822
2019,3519
2020,3032
2021,1047
2022,1982
2023,1525
2024,1411
2025,1861
2026,1563
2027,1921
2028,2627
2029,1323
2030,4006
2031,2266
2032,685
2033,181
2034,0
2035,0
2036,0
2037,0
2038,691
2039,1599
2040,734
2041,2965
2042,2929
2043,3389
2044,4294
2045,3007
2046,1457
2047,2516
2048,0
2049,1792
2050,311
2051,2746
2052,3068
2053,1791
2054,3974
2055,914
2056,1602
2057,3090
2058,1577
2059,245
2060,0
2061,291
2062,1653
2063,2973
2064,2272
2065,2734
2066,1682
2067,2998
2068,6
2069,108
2070,1856
2071,4315
2072,2391
2073,1424
2074,1958
2075,1715
2076,1277
2077,1227
2078,2540
2079,732
2080,1909
2081,1920
2082,1808
2083,0
2084,797
2085,1095
2086,2000
2087,605
2088,17
2089,2598
2090,1230
2091,1343
2092,820
2093,2583
2094,2125
2095,1091
2096,2878
2097,1583
2098,631
2099,70
2100,1740
2101,2127
2102,903
2103,513
2104,1165
2105,1152
2106,269
2107,647
2108,222
2109,1688
2110,2206
2111,852
2112,2566
2113,2202
2114,1095
2115,543
2116,781
2117,51
2118,999
2119,1438
2120,1214
2121,1039
2122,1618
2123,260
2124,41
2125,694
2126,1866
2127,1586
2128,528
2129,109
2130,1063
2131,1638
2132,1307
2133,1339
2134,2261
2135,660
2136,25
2137,1766
2138,2035
2139,1026
2140,1779
2141,2482
2142,68
2143,647
2144,930
2145,1640
2146,1605
2147,1106
2148,963
2149,1730
2150,2354
2151,2324
2152,442
2153,13
2154,120
2155,1063
2156,2205
2157,552
2158,291
2159,972
2160,2829
2161,1617
2162,1765
2163,1334
2164,876
2165,3031
2166,7
2167,113
2168,405
2169,2001
2170,17
2171,491
2172,899
2173,579
2174,1064
2175,1604
2176,571
2177,1281
2178,1347
2179,1303
2180,729
2181,1259
2182,583
2183,1339
2184,2447
2185,1802
2186,3091
2187,1124
2188,1958
2189,1646
2190,2996
2191,1988
2192,11
2193,1118
2194,1635
2195,2818
2196,2761
2197,2546
2198,1795
2199,450
2200,2306
2201,3159
2202,1639
2203,1624
2204,2438
2205,440
2206,490
2207,641
2208,377
2209,103
2210,75
2211,15
2212,27
2213,0
2214,7
2215,856
2216,820
2217,897
2218,1433
2219,733
2220,2
2221,4
2222,120
2223,0
2224,0
2225,467
2226,2450
2227,1050
2228,3
2229,2
2230,1
2231,2311
2232,1997
2233,1970
2234,875
2235,1536
2236,1127
2237,2913
2238,0
2239,2
2240,0
2241,13
2242,0
2243,0
2244,2106
2245,1299
2246,1190
2247,16
2248,41
2249,903
2250,405
2251,974
2252,717
2253,47
2254,465
2255,33
2256,0
2257,1
2258,486
2259,1053
2260,3740
2261,454
2262,570
2263,559
2264,48
2265,6
2266,0
2267,10
2268,44
2269,0
2270,0
2271,566
2272,1310
2273,286
2274,874
2275,1865
2276,3409
2277,0
2278,188
2279,390
2280,11
2281,1939
2282,943
2283,4
2284,13
2285,13
2286,8
2287,846
2288,1363
2289,74
2290,128
2291,63
2292,11
2293,0
2294,5
2295,51
2296,1308
2297,912
2298,6074
2299,1000
2300,2067
2301,357
2302,3160
2303,6329
2304,4014
2305,749
2306,1703
2307,1434
2308,633
2309,1083
2310,996
2311,731
2312,850
2313,1120
2314,1586
2315,281
2316,1464
2317,699
2318,792
2319,960
2320,115
2321,221
2322,2759
2323,1049
2324,763
2325,108
2326,383
2327,233
2328,255
2329,658
2330,97
2331,1700
2332,903
2333,2885
2334,1305
2335,4792
2336,0
2337,1735
2338,1164
2339,2242
2340,1293
2341,1366
2342,806
2343,7
2344,7135
2345,3230
2346,5563
2347,3719
2348,1037
2349,1099
2350,3529
2351,317
2352,33
2353,453
2354,50
2355,139
2356,46
2357,4069
2358,469
2359,1272
2360,3
2361,171
2362,909
2363,632
2364,241
2365,188
2366,979
2367,180
2368,0
2369,506
2370,22
2371,3861
2372,1902
2373,5261
2374,34
2375,21
2376,2491
2377,422
2378,140
2379,1353
2380,3568
2381,2076
2382,2879
2383,1242
2384,8149
2385,973
2386,5538
2387,5266
2388,3821
2389,1060
2390,633
2391,36
2392,111
2393,80
2394,13
2395,320
2396,23
2397,103
2398,407
2399,104
2400,2273
2401,41
2402,2157
2403,3428
2404,3023
2405,4148
2406,2354
2407,3098
2408,9716
2409,204
2410,540
2411,18
2412,47
2413,658
2414,7
2415,2492
2416,5196
2417,3485
2418,993
2419,665
2420,3531
2421,1772
2422,123
2423,577
2424,1857
2425,3283
2426,3834
2427,3359
2428,1066
2429,24
2430,6
2431,40
2432,169
2433,10
2434,11
2435,7
2436,20
2437,2276
2438,20
2439,898
2440,1461
2441,1135
2442,31
2443,3364
2444,3455
2445,773
2446,1023
2447,2
2448,77
2449,37
2450,33
2451,89
2452,4
2453,2329
2454,970
2455,908
2456,5018
2457,2302
2458,5151
2459,656
2460,97
2461,0
2462,880
2463,1958
2464,1093
2465,1320
2466,77
2467,1108
2468,944
2469,373
2470,0
2471,0
2472,0
2473,0
2474,194
2475,177
2476,858
2477,855
2478,1087
2479,100
2480,623
2481,897
2482,932
2483,204
2484,45
2485,77
2486,476
2487,16
2488,294
2489,1293
2490,892
2491,1516
2492,1262
2493,76
2494,1668
2495,1558
2496,663
2497,770
2498,2414
2499,203
2500,2667
2501,2843
2502,2816
2503,1227
2504,80
2505,35
2506,634
2507,726
2508,3022
2509,287
2510,1826
2511,1035
2512,181
2513,511
2514,176
2515,386
2516,3602
2517,127
2518,2685
2519,2711
2520,349
2521,1071
2522,1161
2523,461
2524,180
2525,85
2526,1650
2527,347
2528,745
2529,971
2530,1752
2531,1410
2532,1370
2533,37
2534,5
2535,121
2536,1844
2537,1085
2538,1629
2539,663
2540,76
2541,364
2542,0
2543,455
2544,986
2545,152
2546,207
2547,401
2548,752
2549,1623
2550,250
2551,1398
2552,232
2553,961
2554,1735
2555,222
2556,173
2557,504
2558,302
2559,633
2560,597
2561,113
2562,54
2563,202
2564,152
2565,48
2566,371
2567,270
2568,375
2569,1201
2570,1029
2571,590
2572,2417
2573,349
2574,1825
2575,165
2576,653
2577,2993
2578,1635
2579,568
2580,1586
2581,454
2582,900
2583,778
2584,313
2585,436
2586,30
2587,64
2588,121
2589,109
2590,344
2591,113
2592,309
2593,249
2594,352
2595,1593
2596,1306
2597,457
2598,396
2599,419
2600,226
2601,45
2602,1268
2603,78
2604,295
2605,52
2606,59
2607,47
2608,26
2609,64
2610,397
2611,265
2612,161
2613,708
2614,486
2615,163
2616,95
2617,807
2618,626
2619,392
2620,353
2621,556
2622,3417
2623,891
2624,137
2625,51
2626,717
2627,726
2628,673
2629,1549
2630,1881
2631,508
2632,928
2633,694
2634,1043
2635,595
2636,406
2637,76
2638,512
2639,0
2640,767
2641,108
2642,60
2643,0
2644,100
2645,18
2646,183
2647,35
2648,7
2649,136
2650,2
2651,7
2652,32
2653,487
2654,1651
2655,0
2656,985
2657,4
2658,797
2659,1911
2660,1306
2661,1311
2662,998
2663,1974
2664,1588
2665,260
2666,117
2667,1752
2668,928
2669,1326
2670,2037
2671,56
2672,1639
2673,1051
2674,23
2675,934
2676,1556
2677,14
2678,185
2679,23
2680,0
2681,215
2682,263
2683,2540
2684,1944
2685,1110
2686,142
2687,418
2688,2230
2689,1237
2690,2696
2691,1923
2692,2603
2693,621
2694,2109
2695,1062
2696,34
2697,993
2698,0
2699,0
2700,1
2701,0
2702,0
2703,95
2704,0
2705,250
2706,53
2707,0
2708,385
2709,0
2710,13
2711,198
2712,0
2713,0
2714,1
2715,2
2716,0
2717,2
2718,142
2719,3
2720,0
2721,9
2722,0
2723,598
2724,1106
2725,1585
2726,1295
2727,42
2728,36
2729,193
2730,306
2731,296
2732,95
2733,456
2734,895
2735,833
2736,906
2737,1206
2738,307
2739,0
2740,3303
2741,250
2742,2235
2743,857
2744,0
2745,0
2746,548
2747,182
2748,283
2749,0
2750,97
2751,52
2752,468
2753,392
2754,1529
2755,1028
2756,281
2757,81
2758,641
2759,117
2760,316
2761,510
2762,716
2763,204
2764,374
2765,3581
2766,4631
2767,465
2768,1687
2769,1065
2770,1357
2771,1053
2772,1836
2773,5682
2774,1522
2775,1998
2776,168
2777,2214
2778,1501
2779,3135
2780,3987
2781,1724
2782,3063
2783,818
2784,1131
2785,197
2786,2819
2787,162
2788,130
2789,256
2790,87
2791,234
2792,227
2793,915
2794,0
2795,1819
2796,2856
2797,199
2798,67
2799,158
2800,2231
2801,472
2802,516
2803,2020
2804,395
2805,141
2806,195
2807,556
2808,103
2809,145
2810,89
2811,332
2812,271
2813,2044
2814,550
2815,145
2816,32
2817,686
2818,497
2819,6
2820,7
2821,696
2822,9
2823,32
2824,0
2825,187
2826,0
2827,4
2828,0
2829,6
2830,6
2831,7
2832,400
2833,0
2834,0
2835,13
2836,6
2837,0
2838,0
2839,0
2840,0
2841,0
2842,0
2843,48
2844,25
2845,79
2846,7
2847,12
2848,151
2849,3473
2850,815
2851,965
2852,131
2853,46
2854,176
2855,244
2856,2197
2857,1922
2858,1032
2859,350
2860,1083
2861,55
2862,1418
2863,289
2864,2252
2865,196
2866,316
2867,184
2868,903
2869,103
2870,134
2871,113
2872,4
2873,30
2874,56
2875,20
2876,34
2877,108
2878,290
2879,73
2880,29
2881,11
2882,42
2883,13
2884,22
2885,24
2886,127
2887,769
2888,568
2889,44
2890,362
2891,298
2892,866
2893,95
2894,648
2895,306
2896,651
2897,250
2898,99
2899,409
2900,380
2901,1151
2902,281
2903,1222
2904,467
2905,1047
2906,258
2907,261
2908,322
2909,80
2910,2
2911,25
2912,279
2913,509
2914,1011
2915,52
2916,377
2917,221
2918,809
2919,411
2920,180
2921,29
2922,128
2923,110
2924,337
2925,16
2926,144
2927,7
2928,182
2929,286
2930,31
2931,282
2932,40
2933,7
2934,5
2935,4
2936,0
2937,0
2938,35
2939,0
2940,80
2941,0
2942,376
2943,113
2944,128
2945,109
2946,20
2947,0
2948,1725
2949,764
2950,12
2951,7
2952,209
2953,656
2954,184
2955,171
2956,76
2957,2
2958,515
2959,304
2960,14
2961,40
2962,37
2963,620
2964,0
2965,262
2966,921
2967,109
2968,99
2969,3
2970,1790
2971,1217
2972,353
2973,281
2974,3
2975,4
2976,0
2977,0
2978,16
2979,310
2980,0
2981,47
2982,10
2983,2
2984,15
2985,1827
2986,13
2987,57
2988,16
2989,3
2990,16
2991,0
2992,0
2993,2550
2994,504
2995,1346
2996,24
2997,7
2998,10
2999,13
3000,6
3001,7
3002,99
3003,0
3004,432
3005,154
3006,1089
3007,44
3008,552
3009,266
3010,5
3011,614
3012,162
3013,1519
3014,136
3015,677
3016,242
3017,121
3018,182
3019,678
3020,579
3021,388
3022,685
3023,171
3024,157
3025,162
3026,971
3027,155
3028,485
3029,25
3030,31
3031,10
3032,937
3033,466
3034,1432
3035,3531
3036,1315
3037,2220
3038,2162
3039,2550
3040,2008
3041,1357
3042,54
3043,17
3044,0
3045,22
3046,0
3047,111
3048,453
3049,570
3050,577
3051,1058
3052,346
3053,976
3054,0
3055,564
3056,78
3057,462
3058,80
3059,0
3060,976
3061,1355
3062,1557
3063,358
3064,416
3065,980
3066,1606
3067,1651
3068,719
3069,2105
3070,735
3071,14
3072,71
3073,5
3074,284
3075,294
3076,661
3077,527
3078,1559
3079,112
3080,39
3081,0
3082,0
3083,200
3084,8
3085,587
3086,123
3087,71
3088,876
3089,516
3090,40
3091,158
3092,73
3093,64
3094,50
3095,0
3096,88
3097,64
3098,9
3099,42
3100,0
3101,5
3102,22
3103,24
3104,736
3105,81
3106,1408
3107,1336
3108,875
3109,2674
3110,138
3111,363
3112,459
3113,1144
3114,588
3115,1114
3116,963
3117,694
3118,65
3119,1721
3120,49
3121,125
3122,33
3123,2260
3124,0
3125,1229
3126,8
3127,0
3128,0
3129,0
3130,12
3131,0
3132,1
3133,0
3134,1
3135,687
3136,2
3137,230
3138,514
3139,0
3140,7
3141,789
3142,0
3143,288
3144,298
3145,1042
3146,977
3147,1108
3148,0
3149,0
3150,260
3151,0
3152,0
3153,0
3154,0
3155,0
3156,0
3157,0
3158,0
3159,0
3160,0
3161,0
3162,14
3163,0
3164,4
3165,199
3166,820
3167,5
3168,51
3169,13
3170,52
3171,183
3172,356
3173,969
3174,70
3175,748
3176,362
3177,940
3178,254
3179,214
3180,6
3181,16
3182,312
3183,29
3184,59
3185,355
3186,464
3187,268
3188,914
3189,1580
3190,472
3191,909
3192,1732
3193,887
3194,1168
3195,761
3196,732
3197,846
3198,1145
3199,424
3200,537
3201,0
3202,1224
3203,1224
3204,1014
3205,0
3206,833
3207,1005
3208,392
3209,0
3210,0
3211,0
3212,208
3213,0
3214,465
3215,571
3216,887
3217,405
3218,237
3219,0
3220,252
3221,459
3222,1572
3223,437
3224,1284
3225,37
3226,1242
3227,2
3228,8
3229,38
3230,1816
3231,296
3232,115
3233,1007
3234,1231
3235,668
3236,580
3237,266
3238,1215
3239,83
3240,274
3241,204
3242,85
3243,13
3244,176
3245,471
3246,423
3247,1171
3248,1531
3249,919
3250,1133
3251,1082
3252,282
3253,1030
3254,726
3255,188
3256,8
3257,2
3258,331
3259,0
3260,7
3261,908
3262,543
3263,260
3264,283
3265,612
3266,412
3267,644
3268,512
3269,690
3270,204
3271,0
3272,3
3273,0
3274,0
3275,0
3276,0
3277,848
3278,128
3279,2
3280,455
3281,445
3282,1790
3283,0
3284,793
3285,271
3286,836
3287,532
3288,1391
3289,0
3290,2
3291,607
3292,0
3293,353
3294,0
3295,50
3296,0
3297,0
3298,2
3299,196
3300,13
3301,56
3302,0
3303,0
3304,0
3305,2
3306,1
3307,4
3308,0
3309,0
3310,528
3311,0
3312,0
3313,0
3314,645
3315,0
3316,0
3317,8
3318,5
3319,0
3320,449
3321,83
3322,12
3323,0
3324,0
3325,193
3326,119
3327,630
3328,54
3329,138
3330,407
3331,169
3332,229
3333,882
3334,262
3335,292
3336,0
3337,0
3338,403
3339,0
3340,0
3341,319
3342,52
3343,203
3344,0
3345,0
3346,0
3347,408
3348,0
3349,0
3350,0
3351,0
3352,277
3353,24
3354,22
3355,0
3356,618
3357,1131
3358,960
3359,629
3360,163
3361,816
3362,1
3363,0
3364,10
3365,7
3366,274
3367,2010
3368,936
3369,616
3370,1852
3371,100
3372,0
3373,0
3374,1
3375,604
3376,8
3377,1129
3378,907
3379,1133
3380,3375
3381,1391
3382,0
3383,0
3384,747
3385,0
3386,3358
3387,654
3388,67
3389,320
3390,432
3391,1408
3392,689
3393,1847
3394,932
3395,376
3396,775
3397,1464
3398,1202
3399,0
3400,422
3401,2025
3402,271
3403,2446
3404,2290
3405,2347
3406,0
3407,1215
3408,891
3409,571
3410,0
3411,0
3412,103
3413,0
3414,149
3415,578
3416,1760
3417,232
3418,629
3419,362
3420,0
3421,1339
3422,1592
3423,0
3424,181
3425,0
3426,0
3427,1074
3428,1094
3429,0
3430,0
3431,1334
3432,857
3433,394
3434,1846
3435,434
3436,1409
3437,907
3438,590
3439,666
3440,117
3441,4
3442,696
3443,1250
3444,764
3445,547
3446,585
3447,2806
3448,4765
3449,537
3450,1171
3451,11
3452,72
3453,227
3454,416
3455,667
3456,422
3457,217
3458,128
3459,1208
3460,35
3461,1351
3462,435
3463,45
3464,3045
3465,0
3466,1427
3467,1501
3468,970
3469,385
3470,504
3471,1006
3472,868
3473,436
3474,1741
3475,939
3476,0
3477,763
3478,245
3479,219
3480,1178
3481,982
3482,36
3483,1201
3484,0
3485,0
3486,0
3487,0
3488,0
3489,0
3490,0
3491,0
3492,0
3493,0
3494,0
3495,7
3496,516
3497,0
3498,0
3499,154
3500,1500
3501,0
3502,0
3503,0
3504,11
3505,738
3506,0
3507,1
3508,179
3509,962
3510,136
3511,0
3512,0
3513,0
3514,0
3515,6
3516,0
3517,0
3518,38
3519,590
3520,0
3521,2
3522,3323
3523,317
3524,456
3525,188
3526,19
3527,26
3528,93
3529,2
3530,0
3531,0
3532,0
3533,6
3534,0
3535,6
3536,10
3537,19
3538,0
3539,2
3540,0
3541,52
3542,0
3543,5
3544,235
3545,15
3546,5
3547,21
3548,9
3549,0
3550,2
3551,918
3552,489
3553,846
3554,0
3555,0
3556,0
3557,271
3558,4622
3559,2200
3560,96
3561,31
3562,40
3563,97
3564,149
3565,39
3566,18
3567,26
3568,2
3569,6
3570,31
3571,546
3572,258
3573,29
3574,76
3575,183
3576,177
3577,608
3578,1510
3579,788
3580,532
3581,198
3582,774
3583,1048
3584,183
3585,1333
3586,15
3587,1047
3588,17
3589,93
3590,60
3591,121
3592,8
3593,590
3594,97
3595,156
3596,1838
3597,1996
3598,6
3599,138
3600,1824
3601,735
3602,770
3603,15
3604,1511
3605,2061
3606,1691
3607,646
3608,120
3609,55
3610,74
3611,70
3612,752
3613,89
3614,15
3615,69
3616,123
3617,821
3618,42
3619,10
3620,23
3621,594
3622,16
3623,237
3624,43
3625,94
3626,394
3627,68
3628,1561
3629,1253
3630,42
3631,61
3632,524
3633,211
3634,85
3635,147
3636,175
3637,269
3638,590
3639,442
3640,22
3641,28
3642,412
3643,50
3644,2667
3645,1044
3646,626
3647,86
3648,442
3649,782
3650,83
3651,51
3652,151
3653,547
3654,401
3655,379
3656,136
3657,146
3658,87
3659,91
3660,652
3661,886
3662,225
3663,2055
3664,1636
3665,432
3666,453
3667,44
3668,47
3669,9
3670,14
3671,95
3672,301
3673,140
3674,24
3675,14
3676,115
3677,33
3678,8
3679,52
3680,114
3681,152
3682,0
3683,39
3684,91
3685,7
3686,443
3687,2995
3688,3244
3689,695
3690,1615
3691,1525
3692,2912
3693,1028
3694,813
3695,925
3696,1586
3697,1313
3698,1086
3699,193
3700,2234
3701,1884
3702,8
3703,1100
3704,544
3705,1435
3706,2767
3707,2975
3708,61
3709,146
3710,26
3711,29
3712,33
3713,27
3714,20
3715,30
3716,27
3717,527
3718,70
3719,8
3720,244
3721,288
3722,0
3723,0
3724,3742
3725,494
3726,364
3727,1732
3728,0
3729,0
3730,0
3731,430
3732,637
3733,853
3734,806
3735,968
3736,519
3737,1441
3738,69
3739,392
3740,3
3741,2916
3742,950
3743,422
3744,0
3745,2
3746,18
3747,1122
3748,0
3749,0
3750,136
3751,0
3752,776
3753,327
3754,2172
3755,1827
3756,1907
3757,1180
3758,1948
3759,1466
3760,1710
3761,20
3762,14
3763,12
3764,22
3765,14
3766,4
3767,17
3768,31
3769,2
3770,552
3771,4
3772,51
3773,14
3774,11
3775,0
3776,75
3777,13
3778,485
3779,2
3780,32
3781,4
3782,7
3783,15
3784,16
3785,22
3786,56
3787,628
3788,987
3789,4332
3790,877
3791,444
3792,497
3793,182
3794,1494
3795,537
3796,1706
3797,73
3798,734
3799,1502
3800,2017
3801,1539
3802,755
3803,201
3804,951
3805,1059
3806,1440
3807,2328
3808,2534
3809,1408
3810,1718
3811,1264
3812,1273
3813,1554
3814,602
3815,679
3816,50
3817,10
3818,16
3819,11
3820,48
3821,3
3822,8
3823,0
3824,0
3825,6
3826,317
3827,444
3828,19
3829,595
3830,156
3831,0
3832,540
3833,804
3834,663
3835,495
3836,15
3837,266
3838,995
3839,544
3840,1575
3841,251
3842,779
3843,1042
3844,1945
3845,267
3846,421
3847,472
3848,1340
3849,1018
3850,0
3851,18
3852,499
3853,309
3854,0
3855,484
3856,355
3857,1353
3858,2266
3859,238
3860,528
3861,787
3862,457
3863,1263
3864,1751
3865,2190
3866,2
3867,1098
3868,285
3869,0
3870,957
3871,1105
3872,0
3873,2
3874,2770
3875,982
3876,2199
3877,1831
3878,979
3879,811
3880,990
3881,704
3882,353
3883,995
3884,2039
3885,1764
3886,1083
3887,3132
3888,710
3889,1938
3890,2205
3891,1610
3892,41
3893,571
3894,608
3895,106
3896,923
3897,1696
3898,1115
3899,215
3900,327
3901,209
3902,44
3903,15
3904,25
3905,58
3906,123
3907,60
3908,456
3909,532
3910,984
3911,48
3912,57
3913,41
3914,248
3915,969
3916,61
3917,110
3918,92
3919,1190
3920,410
3921,53
3922,101
3923,1173
3924,405
3925,751
3926,56
3927,71
3928,43
3929,474
3930,126
3931,148
3932,950
3933,332
3934,490
3935,1302
3936,233
3937,8
3938,157
3939,402
3940,245
3941,774
3942,640
3943,1305
3944,157
3945,961
3946,287
3947,143
3948,560
3949,237
3950,905
3951,1083
3952,1022
3953,1302
3954,485
3955,266
3956,949
3957,974
3958,1047
3959,838
3960,115
3961,590
3962,1068
3963,398
3964,605
3965,405
3966,588
3967,15
3968,579
3969,599
3970,506
3971,542
3972,1257
3973,267
3974,634
3975,1198
3976,143
3977,1491
3978,472
3979,798
3980,312
3981,387
3982,355
3983,587
3984,906
3985,2357
3986,725
3987,2400
3988,4218
3989,0
3990,9
3991,0
3992,0
3993,0
3994,1650
3995,566
3996,46
3997,1093
3998,0
3999,3055
4000,1895
4001,1705
4002,837
4003,1525
4004,1166
4005,0
4006,0
4007,0
4008,0
4009,16
4010,0
4011,1224
4012,187
4013,342
4014,0
4015,175
4016,427
4017,321
4018,645
4019,227
4020,733
4021,336
4022,593
4023,0
4024,315
4025,2511
4026,820
4027,1015
4028,1183
4029,1268
4030,0
4031,1424
4032,1660
4033,27
4034,0
4035,140
4036,2184
4037,299
4038,838
4039,759
4040,0
4041,858
4042,160
4043,297
4044,23
4045,268
4046,30
4047,77
4048,1
4049,3
4050,276
4051,73
4052,0
4053,4
4054,0
4055,0
4056,156
4057,31
4058,95
4059,24
4060,6
4061,0
4062,1475
4063,168
4064,3
4065,887
4066,1038
4067,957
4068,1821
4069,141
4070,2040
4071,929
4072,3031
4073,1459
4074,1636
4075,2921
4076,1385
4077,273
4078,64
4079,23
4080,1465
4081,952
4082,13
4083,1940
4084,1427
4085,206
4086,2770
4087,292
4088,64
4089,1101
4090,0
4091,8613
4092,1528
4093,1822
4094,0
4095,644
4096,1805
4097,2369
4098,977
4099,876
4100,6574
4101,5
4102,0
4103,1201
4104,0
4105,2553
4106,242
4107,890
4108,1002
4109,1418
4110,3
4111,1221
4112,754
4113,1883
4114,939
4115,1631
4116,663
4117,1847
4118,57
4119,400
4120,2901
4121,2270
4122,316
4123,958
4124,71
4125,418
4126,1405
4127,572
4128,4233
4129,2187
4130,932
4131,1061
4132,290
4133,5
4134,462
4135,661
4136,262
4137,786
4138,849
4139,1301
4140,416
4141,215
4142,1200
4143,1386
4144,209
4145,402
4146,684
4147,338
4148,1232
4149,509
4150,1709
4151,1202
4152,1598
4153,1042
4154,350
4155,1034
4156,1553
4157,55
4158,416
4159,1447
4160,9
4161,1136
4162,493
4163,524
4164,107
4165,1070
4166,1840
4167,1160
4168,1720
4169,1023
4170,4
4171,2121
4172,1074
4173,1339
4174,579
4175,394
4176,594
4177,602
4178,1190
4179,92
4180,156
4181,607
4182,814
4183,366
4184,474
4185,1082
4186,1646
4187,1098
4188,0
4189,294
4190,0
4191,3
4192,321
4193,1437
4194,589
4195,74
4196,0
4197,2148
4198,1098
4199,1964
4200,1456
4201,1065
4202,0
4203,1257
4204,2009
4205,1270
4206,1495
4207,601
4208,1014
4209,1115
4210,941
4211,2180
4212,642
4213,716
4214,0
4215,774
4216,977
4217,1355
4218,1002
4219,461
4220,777
4221,1118
4222,1474
4223,2670
4224,1813
4225,2414
4226,1319
4227,1887
4228,106
4229,1990
4230,1509
4231,1105
4232,1691
4233,1788
4234,1808
4235,400
4236,1440
4237,5539
4238,3032
4239,1980
4240,1627
4241,3755
4242,134
4243,838
4244,2848
4245,0
4246,0
4247,4
4248,1
4249,352
4250,190
4251,175
4252,0
4253,2568
4254,0
4255,1345
4256,218
4257,330
4258,635
4259,416
4260,325
4261,216
4262,0
4263,133
4264,419
4265,198
4266,128
4267,203
4268,207
4269,9
4270,499
4271,55
4272,0
4273,400
4274,683
4275,549
4276,919
4277,1126
4278,716
4279,350
4280,1098
4281,691
4282,1016
4283,520
4284,676
4285,882
4286,1083
4287,1543
4288,1261
4289,1210
4290,139
4291,1077
4292,1736
4293,923
4294,1292
4295,0
4296,908
4297,960
4298,1368
4299,71
4300,1122
4301,458
4302,651
4303,2196
4304,980
4305,1032
4306,876
4307,384
4308,610
4309,1908
4310,0
4311,1559
4312,561
4313,743
4314,665
4315,919
4316,895
4317,1790
4318,1300
4319,879
4320,173
4321,1398
4322,405
4323,1
4324,439
4325,517
4326,0
4327,831
4328,1246
4329,1328
4330,816
4331,1271
4332,1004
4333,118
4334,537
4335,241
4336,0
4337,792
4338,537
4339,339
4340,743
4341,708
4342,0
4343,0
4344,0
4345,0
4346,708
4347,223
4348,209
4349,0
4350,0
4351,0
4352,0
4353,0
4354,0
4355,5
4356,1050
4357,825
4358,761
4359,0
4360,0
4361,0
4362,0
4363,15
4364,18
4365,0
4366,8
4367,0
4368,3
4369,9
4370,83
4371,2
4372,34
4373,10
4374,434
4375,0
4376,0
4377,0
4378,653
4379,1117
4380,736
4381,763
4382,0
4383,1722
4384,2
4385,14
4386,0
4387,3
4388,7
4389,27
4390,493
4391,157
4392,32
4393,45
4394,55
4395,61
4396,86
4397,94
4398,579
4399,81
4400,96
4401,1325
4402,701
4403,371
4404,821
4405,60
4406,419
4407,681
4408,1210
4409,112
4410,0
4411,0
4412,35
4413,0
4414,59
4415,410
4416,631
4417,45
4418,87
4419,0
4420,17
4421,0
4422,0
4423,0
4424,34
4425,0
4426,43
4427,0
4428,52
4429,27
4430,43
4431,19
4432,0
4433,79
4434,50
4435,54
4436,31
4437,39
4438,88
4439,96
4440,926
4441,1572
4442,597
4443,1373
4444,468
4445,0
4446,23
4447,367
4448,1398
4449,1402
4450,269
4451,474
4452,166
4453,455
4454,954
4455,1936
4456,304
4457,1510
4458,2031
4459,966
4460,1685
4461,1572
4462,1612
4463,0
4464,0
4465,0
4466,2280
4467,262
4468,0
4469,1611
4470,1670
4471,1207
4472,1610
4473,601
4474,2157
4475,1486
4476,1743
4477,892
4478,2054
4479,1438
4480,1129
4481,1280
4482,273
4483,836
4484,1949
4485,0
4486,1308
4487,0
4488,784
4489,101
4490,1299
4491,3382
4492,976
4493,1499
4494,1321
4495,1582
4496,1125
4497,739
4498,1317
4499,1416
4500,2343
4501,2678
4502,0
4503,1727
4504,2293
4505,670
4506,976
4507,1883
4508,1355
4509,1350
4510,51
4511,341
4512,1158
4513,64
4514,2098
4515,540
4516,345
4517,1734
4518,798
4519,723
4520,1018
4521,0
4522,552
4523,0
4524,0
4525,160
4526,0
4527,0
4528,61
4529,887
4530,2158
4531,415
4532,235
4533,1409
4534,250
4535,1
4536,1389
4537,1063
4538,84
4539,11
4540,1393
4541,2600
4542,0
4543,0
4544,629
4545,0
4546,2109
4547,655
4548,205
4549,807
4550,0
4551,0
4552,300
4553,279
4554,1914
4555,757
4556,1211
4557,1060
4558,2370
4559,1695
4560,1225
4561,1277
4562,1075
4563,2644
4564,2656
4565,116
4566,355
4567,2405
4568,2191
4569,4318
4570,2421
4571,2515
4572,2807
4573,1556
4574,1
4575,0
4576,2244
4577,0
4578,1985
4579,7
4580,3846
4581,1983
4582,1920
4583,1447
4584,4156
4585,2527
4586,3695
4587,8481
4588,16
4589,3287
4590,159
4591,6
4592,241
4593,505
4594,429
4595,231
4596,391
4597,407
4598,450
4599,867
4600,544
4601,588
4602,1105
4603,1552
4604,1134
4605,1615
4606,646
4607,745
4608,660
4609,631
4610,629
4611,41
4612,257
4613,45
4614,124
4615,14
4616,24
4617,665
4618,24
4619,89
4620,89
4621,26
4622,0
4623,0
4624,212
4625,76
4626,0
4627,80
4628,58
4629,74
4630,14
4631,41
4632,386
4633,23
4634,67
4635,950
4636,0
4637,15
4638,86
4639,4
4640,0
4641,17
4642,57
4643,66
4644,32
4645,10
4646,0
4647,62
4648,0
4649,23
4650,54
4651,49
4652,8
4653,34
4654,0
4655,0
4656,717
4657,0
4658,149
4659,576
4660,1085
4661,33
4662,258
4663,31
4664,1624
4665,647
4666,739
4667,97
4668,0
4669,628
4670,0
4671,872
4672,161
4673,763
4674,807
4675,63
4676,627
4677,114
4678,166
4679,0
4680,809
4681,297
4682,878
4683,599
4684,1193
4685,452
4686,303
4687,627
4688,707
4689,8
4690,3
4691,0
4692,654
4693,511
4694,295
4695,46
4696,508
4697,1944
4698,1179
4699,65
4700,82
4701,143
4702,130
4703,0
4704,23
4705,20
4706,68
4707,283
4708,36
4709,0
4710,0
4711,0
4712,38
4713,0
4714,402
4715,0
4716,0
4717,0
4718,0
4719,183
4720,58
4721,280
4722,293
4723,0
4724,37
4725,65
4726,44
4727,41
4728,105
4729,308
4730,0
4731,0
4732,114
4733,485
4734,417
4735,443
4736,743
4737,551
4738,331
4739,0
4740,713
4741,0
4742,521
4743,641
4744,455
4745,684
4746,58
4747,62
4748,2
4749,416
4750,62
4751,76
4752,36
4753,74
4754,1521
4755,204
4756,79
4757,15
4758,30
4759,38
4760,57
4761,167
4762,90
4763,91
4764,767
4765,44
4766,632
4767,127
4768,1708
4769,194
4770,157
4771,71
4772,113
4773,380
4774,714
4775,0
4776,28
4777,0
4778,10
4779,126
4780,142
4781,26
4782,172
4783,20
4784,15
4785,18
4786,8
4787,163
4788,100
4789,511
4790,1017
4791,44
4792,400
4793,85
4794,145
4795,1297
4796,930
4797,0
4798,1271
4799,448
4800,251
4801,785
4802,605
4803,70
4804,194
4805,204
4806,0
4807,320
4808,20
4809,162
4810,9
4811,25
4812,99
4813,52
4814,231
4815,87
4816,116
4817,107
4818,164
4819,1231
4820,795
4821,231
4822,210
4823,640
4824,84
4825,100
4826,114
4827,111
4828,3
4829,0
4830,0
4831,44
4832,77
4833,194
4834,14
4835,207
4836,18
4837,5
4838,2
4839,0
4840,8
4841,122
4842,158
4843,99
4844,15
4845,80
4846,62
4847,66
4848,92
4849,32
4850,715
4851,0
4852,0
4853,202
4854,11
4855,332
4856,25
4857,24
4858,0
4859,0
4860,1423
4861,0
4862,0
4863,13
4864,1867
4865,0
4866,28
4867,102
4868,181
4869,0
4870,0
4871,0
4872,0
4873,0
4874,0
4875,0
4876,6
4877,0
4878,435
4879,0
4880,116
4881,41
4882,224
4883,99
4884,527
4885,743
4886,467
4887,565
4888,823
4889,15
4890,2
4891,0
4892,406
4893,0
4894,279
4895,88
4896,189
4897,1011
4898,272
4899,851
4900,11
4901,175
4902,216
4903,503
4904,4
4905,21
4906,539
4907,156
4908,603
4909,231
4910,665
4911,423
4912,325
4913,819
4914,521
4915,38
4916,313
4917,301
4918,24
4919,261
4920,284
4921,121
4922,20
4923,570
4924,800
4925,105
4926,2
4927,0
4928,0
4929,357
4930,1129
4931,457
4932,240
4933,0
4934,19
4935,21
4936,15
4937,0
4938,2
4939,0
4940,0
4941,27
4942,0
4943,0
4944,26
4945,93
4946,148
4947,192
4948,381
4949,919
4950,238
4951,0
4952,0
4953,0
4954,578
4955,687
4956,320
4957,37
4958,178
4959,0
4960,719
4961,765
4962,0
4963,0
4964,688
4965,12
4966,20
4967,492
4968,433
4969,0
4970,0
4971,257
4972,35
4973,115
4974,0
4975,0
4976,0
4977,0
4978,0
4979,150
4980,211
4981,14
4982,121
4983,41
4984,51
4985,27
4986,91
4987,1692
4988,238
4989,119
4990,1692
4991,25
4992,326
4993,380
4994,307
4995,332
4996,689
4997,44
4998,64
4999,206
5000,257
5001,264
5002,38
5003,111
5004,27
5005,183
5006,0
5007,0
5008,57
5009,172
5010,264
5011,48
5012,107
5013,232
5014,142
5015,75
5016,96
5017,66
5018,0
5019,297
5020,144
5021,46
5022,82
5023,52
5024,14
5025,45
5026,56
5027,163
5028,348
5029,205
5030,3
5031,0
5032,186
5033,36
5034,49
5035,74
5036,50
5037,44
5038,367
5039,475
5040,538
5041,114
5042,24
5043,255
5044,108
5045,402
5046,172
5047,366
5048,159
5049,257
5050,147
5051,437
5052,224
5053,68
5054,872
5055,335
5056,966
5057,138
5058,602
5059,1229
5060,1298
5061,1102
5062,0
5063,20
5064,94
5065,1
5066,66
5067,453
5068,575
5069,541
5070,580
5071,1007
5072,1147
5073,1206
5074,1024
5075,573
5076,611
5077,3
5078,338
5079,766
5080,437
5081,670
5082,1009
5083,758
5084,876
5085,678
5086,81
5087,1382
5088,445
5089,23
5090,72
5091,790
5092,629
5093,498
5094,209
5095,462
5096,0
5097,1688
5098,92
5099,0
5100,563
5101,0
5102,1231
5103,1039
5104,171
5105,644
5106,707
5107,50
5108,19
5109,345
5110,168
5111,166
5112,61
5113,609
5114,16
5115,44
5116,148
5117,265
5118,90
5119,167
5120,142
5121,410
5122,786
5123,560
5124,93
5125,1108
5126,1108
5127,1005
5128,225
5129,1307
5130,305
5131,8
5132,14
5133,49
5134,29
5135,26
5136,0
5137,3
5138,482
5139,177
5140,56
5141,279
5142,65
5143,118
5144,1089
5145,603
5146,757
5147,674
5148,748
5149,722
5150,545
5151,583
5152,605
5153,999
5154,983
5155,852
5156,695
5157,1154
5158,1028
5159,1170
5160,773
5161,1012
5162,858
5163,667
5164,775
5165,1079
5166,652
5167,890
5168,160
5169,117
5170,37
5171,709
5172,594
5173,53
5174,4
5175,398
5176,16
5177,16
5178,570
5179,1050
5180,328
5181,577
5182,915
5183,598
5184,703
5185,600
5186,1255
5187,674
5188,10
5189,107
5190,0
5191,807
5192,1300
5193,1223
5194,599
5195,691
5196,1292
5197,545
5198,817
5199,749
5200,707
5201,231
5202,676
5203,771
5204,725
5205,769
5206,661
5207,524
5208,619
5209,351
5210,968
5211,1198
5212,998
5213,1406
5214,1282
5215,944
5216,680
5217,1626
5218,803
5219,923
5220,891
5221,517
5222,938
5223,1238
5224,972
5225,827
5226,652
5227,907
5228,1163
5229,616
5230,1304
5231,1169
5232,837
5233,1284
5234,916
5235,1014
5236,759
5237,425
5238,547
5239,538
5240,759
5241,795
5242,586
5243,680
5244,834
5245,864
5246,1027
5247,1103
5248,656
5249,908
5250,1097
5251,774
5252,911
5253,626
5254,648
5255,683
5256,1036
5257,1337
5258,603
5259,312
5260,672
5261,731
5262,752
5263,817
5264,814
5265,545
5266,73
5267,63
5268,946
5269,656
5270,1094
5271,919
5272,1161
5273,739
5274,816
5275,915
5276,1090
5277,766
5278,159
5279,1311
5280,621
5281,809
5282,1250
5283,580
5284,529
5285,751
5286,630
5287,688
5288,844
5289,923
5290,1483
5291,1016
5292,934
5293,838
5294,714
5295,844
5296,662
5297,919
5298,1001
5299,868
5300,763
5301,963
5302,706
5303,955
5304,763
5305,683
5306,669
5307,954
5308,816
5309,741
5310,671
5311,858
5312,635
5313,779
5314,0
5315,618
5316,713
5317,661
5318,1108
5319,1069
5320,843
5321,766
5322,804
5323,776
5324,658
5325,620
5326,774
5327,48
5328,235
5329,610
5330,426
5331,0
5332,841
5333,600
5334,823
5335,640
5336,169
5337,112
5338,40
5339,670
5340,701
5341,1486
5342,837
5343,121
5344,608
5345,1416
5346,706
5347,1341
5348,998
5349,963
5350,604
5351,604
5352,609
5353,879
5354,706
5355,712
5356,642
5357,641
5358,655
5359,947
5360,828
5361,528
5362,770
5363,888
5364,641
5365,881
5366,671
5367,551
5368,762
5369,619
5370,758
5371,600
5372,649
5373,142
5374,687
5375,699
5376,787
5377,615
5378,702
5379,618
5380,630
5381,346
5382,429
5383,608
5384,775
5385,605
5386,756
5387,608
5388,616
5389,726
5390,662
5391,602
5392,607
5393,392
5394,504
5395,745
5396,503
5397,601
5398,646
5399,626
5400,57
5401,546
5402,698
5403,779
5404,443
5405,683
5406,520
5407,619
5408,682
5409,822
5410,89
5411,619
5412,631
5413,602
5414,707
5415,719
5416,625
5417,628
5418,610
5419,746
5420,680
5421,700
5422,654
5423,747
5424,651
5425,709
5426,618
5427,435
5428,855
5429,709
5430,601
5431,624
5432,609
5433,641
5434,777
5435,670
5436,639
5437,719
5438,641
5439,655
5440,625
5441,604
5442,625
5443,846
5444,654
5445,618
5446,602
5447,917
5448,620
5449,852
5450,648
5451,630
5452,679
5453,771
5454,717
5455,601
5456,648
5457,545
5458,731
5459,766
5460,630
5461,563
5462,711
5463,611
5464,622
5465,665
5466,669
5467,616
5468,376
5469,859
5470,659
5471,615
5472,676
5473,656
5474,621
5475,610
5476,558
5477,622
5478,815
5479,735
5480,624
5481,637
5482,601
5483,684
5484,624
5485,583
5486,605
5487,870
5488,590
5489,651
5490,696
5491,622
5492,877
5493,697
5494,1
5495,600
5496,101
5497,623
5498,1
5499,619
5500,99
5501,609
5502,627
5503,620
5504,660
5505,508
5506,528
5507,600
5508,0
5509,627
5510,612
5511,658
5512,713
5513,638
5514,902
5515,184
5516,440
5517,627
5518,624
5519,762
5520,749
5521,630
5522,869
5523,558
5524,636
5525,619
5526,610
5527,841
5528,675
5529,686
5530,981
5531,567
5532,615
5533,625
5534,642
5535,642
5536,735
5537,729
5538,849
5539,617
5540,714
5541,650
5542,660
5543,595
5544,604
5545,660
5546,610
5547,632
5548,610
5549,810
5550,639
5551,385
5552,641
5553,634
5554,70
5555,590
5556,679
5557,620
5558,631
5559,652
5560,635
5561,685
5562,617
5563,620
5564,561
5565,663
5566,629
5567,661
5568,553
5569,630
5570,705
5571,731
5572,609
5573,619
5574,646
5575,642
5576,603
5577,617
5578,469
5579,198
5580,641
5581,637
5582,595
5583,827
5584,542
5585,647
5586,759
5587,634
5588,639
5589,627
5590,732
5591,602
5592,614
5593,636
5594,623
5595,664
5596,633
5597,315
5598,508
5599,634
5600,651
5601,439
5602,292
5603,635
5604,749
5605,664
5606,606
5607,538
5608,726
5609,80
5610,609
5611,654
5612,459
5613,670
5614,605
5615,84
5616,641
5617,651
5618,607
5619,238
5620,737
5621,662
5622,561
5623,678
5624,610
5625,865
5626,732
5627,513
5628,635
5629,633
5630,502
5631,605
5632,662
5633,198
5634,604
5635,617
5636,606
5637,94
5638,21
5639,283
5640,698
5641,605
5642,508
5643,619
5644,797
5645,603
5646,631
5647,627
5648,636
5649,644
5650,603
5651,1045
5652,630
5653,606
5654,438
5655,600
5656,742
5657,278
5658,906
5659,853
5660,434
5661,636
5662,607
5663,762
5664,664
5665,768
5666,600
5667,392
5668,487
5669,884
5670,618
5671,604
5672,634
5673,682
5674,703
5675,734
5676,401
5677,670
5678,604
5679,495
5680,388
5681,566
5682,625
5683,706
5684,601
5685,253
5686,697
5687,431
5688,605
5689,627
5690,211
5691,481
5692,654
5693,626
5694,600
5695,607
5696,609
5697,609
5698,431
5699,312
5700,623
5701,696
5702,697
5703,622
5704,732
5705,771
5706,604
5707,685
5708,624
5709,608
5710,624
5711,721
5712,614
5713,659
5714,702
5715,659
5716,565
5717,613
5718,610
5719,647
5720,599
5721,624
5722,650
5723,688
5724,733
5725,731
5726,713
5727,639
5728,21
5729,601
5730,637
5731,615
5732,687
5733,667
5734,615
5735,701
5736,863
5737,655
5738,811
5739,655
5740,716
5741,577
5742,643
5743,614
5744,610
5745,654
5746,674
5747,641
5748,677
5749,752
5750,644
5751,638
5752,616
5753,653
5754,776
5755,662
5756,613
5757,648
5758,674
5759,708
5760,766
5761,628
5762,604
5763,655
5764,625
5765,995
5766,782
5767,691
5768,761
5769,48
5770,770
5771,852
5772,697
5773,780
5774,926
5775,182
5776,827
5777,923
5778,643
5779,615
5780,602
5781,608
5782,605
5783,632
5784,908
5785,264
5786,516
5787,624
5788,629
5789,563
5790,607
5791,589
5792,633
5793,608
5794,644
5795,833
5796,1265
5797,603
5798,618
5799,589
5800,669
5801,603
5802,741
5803,568
5804,693
5805,621
5806,803
5807,683
5808,763
5809,502
5810,777
5811,572
5812,800
5813,706
5814,682
5815,931
5816,780
5817,678
5818,621
5819,614
5820,603
5821,612
5822,610
5823,659
5824,632
5825,655
5826,657
5827,669
5828,627
5829,861
5830,610
5831,624
5832,641
5833,628
5834,602
5835,980
5836,941
5837,640
5838,922
5839,682
5840,603
5841,662
5842,646
5843,611
5844,691
5845,515
5846,726
5847,619
5848,718
5849,676
5850,907
5851,649
5852,690
5853,679
5854,628
5855,898
5856,623
5857,794
5858,893
5859,706
5860,626
5861,634
5862,630
5863,688
5864,541
5865,631
5866,549
5867,671
5868,600
5869,632
5870,714
5871,609
5872,45
5873,661
5874,654
5875,705
5876,431
5877,999
5878,713
5879,698
5880,730
5881,637
5882,659
5883,531
5884,79
5885,726
5886,675
5887,614
5888,640
5889,625
5890,924
5891,1044
5892,685
5893,664
5894,635
5895,885
5896,705
5897,398
5898,613
5899,514
5900,688
5901,605
5902,626
5903,897
5904,658
5905,721
5906,628
5907,595
5908,614
5909,600
5910,678
5911,629
5912,579
5913,666
5914,628
5915,752
5916,612
5917,605
5918,591
5919,610
5920,862
5921,627
5922,759
5923,635
5924,636
5925,654
5926,620
5927,611
5928,685
5929,670
5930,590
5931,261
5932,605
5933,614
5934,706
5935,927
5936,425
5937,684
5938,636
5939,518
5940,246
5941,554
5942,603
5943,558
5944,600
5945,416
5946,371
5947,676
5948,614
5949,663
5950,257
5951,677
5952,870
5953,600
5954,366
5955,613
5956,642
5957,327
5958,607
5959,855
5960,533
5961,601
5962,617
5963,828
5964,385
5965,627
5966,635
5967,751
5968,603
5969,195
5970,709
5971,656
5972,284
5973,619
5974,570
5975,579
5976,798
5977,625
5978,681
5979,684
5980,607
5981,612
5982,613
5983,694
5984,910
5985,614
5986,755
5987,388
5988,316
5989,744
5990,637
5991,782
5992,692
5993,30
5994,646
5995,776
5996,1270
5997,0
5998,545
5999,0
6000,58
6001,1097
6002,1003
6003,642
6004,739
6005,637
6006,763
6007,649
6008,672
6009,665
6010,676
6011,601
6012,930
6013,1081
6014,776
6015,616
6016,340
6017,609
6018,715
6019,785
6020,606
6021,622
6022,734
6023,697
6024,852
6025,125
6026,1213
6027,1131
6028,138
6029,978
6030,887
6031,630
6032,692
6033,623
6034,758
6035,966
6036,813
6037,809
6038,1326
6039,621
6040,1120
6041,585
6042,605
6043,720
6044,711
6045,676
6046,620
6047,1301
6048,696
6049,856
6050,851
6051,618
6052,666
6053,283
6054,719
6055,619
6056,650
6057,757
6058,607
6059,0
6060,616
6061,602
6062,625
6063,6
6064,716
6065,621
6066,721
6067,720
6068,606
6069,640
6070,979
6071,616
6072,608
6073,676
6074,786
6075,835
6076,863
6077,729
6078,598
6079,878
6080,698
6081,728
6082,600
6083,597
6084,726
6085,608
6086,807
6087,705
6088,826
6089,768
6090,623
6091,884
6092,728
6093,779
6094,634
6095,637
6096,613
6097,749
6098,679
6099,633
6100,882
6101,492
6102,639
6103,603
6104,477
6105,602
6106,659
6107,674
6108,511
6109,630
6110,670
6111,682
6112,637
6113,0
6114,503
6115,613
6116,617
6117,68
6118,630
6119,687
6120,622
6121,0
6122,830
6123,407
6124,859
6125,644
6126,612
6127,647
6128,689
6129,675
6130,705
6131,624
6132,622
6133,612
6134,562
6135,615
6136,685
6137,705
6138,606
6139,614
6140,615
6141,635
6142,642
6143,491
6144,606
6145,616
6146,624
6147,661
6148,734
6149,771
6150,608
6151,547
6152,860
6153,635
6154,699
6155,669
6156,0
6157,0
6158,0
6159,611
6160,602
6161,605
6162,633
6163,264
6164,644
6165,783
6166,665
6167,644
6168,667
6169,624
6170,610
6171,601
6172,547
6173,832
6174,758
6175,722
6176,615
6177,755
6178,655
6179,611
6180,632
6181,607
6182,322
6183,1193
6184,278
6185,703
6186,672
6187,730
6188,416
6189,634
6190,648
6191,509
6192,685
6193,651
6194,652
6195,725
6196,602
6197,617
6198,453
6199,693
6200,825
6201,557
6202,567
6203,607
6204,705
6205,612
6206,637
6207,713
6208,574
6209,606
6210,697
6211,834
6212,612
6213,612
6214,672
6215,600
6216,654
6217,630
6218,600
6219,776
6220,614
6221,632
6222,611
6223,551
6224,686
6225,194
6226,731
6227,36
6228,664
6229,525
6230,576
6231,824
6232,609
6233,428
6234,805
6235,682
6236,607
6237,713
6238,607
6239,601
6240,675
6241,704
6242,637
6243,593
6244,639
6245,516
6246,324
6247,421
6248,617
6249,679
6250,562
6251,529
6252,450
6253,605
6254,760
6255,536
6256,737
6257,559
6258,719
6259,638
6260,833
6261,395
6262,556
6263,542
6264,344
6265,660
6266,674
6267,686
6268,642
6269,43
6270,577
6271,892
6272,615
6273,300
6274,847
6275,268
6276,636
6277,603
6278,658
6279,680
6280,615
6281,612
6282,406
6283,620
6284,53
6285,628
6286,608
6287,630
6288,696
6289,676
6290,654
6291,520
6292,648
6293,730
6294,678
6295,616
6296,406
6297,602
6298,572
6299,18
6300,585
6301,602
6302,609
6303,570
6304,650
6305,512
6306,433
6307,631
6308,216
6309,886
6310,795
6311,626
6312,636
6313,594
6314,511
6315,592
6316,622
6317,703
6318,596
6319,616
6320,131
6321,768
6322,730
6323,667
6324,645
6325,644
6326,677
6327,667
6328,662
6329,809
6330,226
6331,654
6332,573
6333,358
6334,629
6335,650
6336,74
6337,666
6338,676
6339,687
6340,27
6341,137
6342,629
6343,641
6344,600
6345,646
6346,615
6347,132
6348,643
6349,653
6350,781
6351,916
6352,620
6353,635
6354,639
6355,646
6356,636
6357,662
6358,734
6359,610
6360,647
6361,626
6362,603
6363,697
6364,884
6365,639
6366,145
6367,602
6368,601
6369,307
6370,560
6371,635
6372,613
6373,600
6374,779
6375,620
6376,635
6377,623
6378,652
6379,613
6380,395
6381,765
6382,524
6383,697
6384,639
6385,608
6386,618
6387,667
6388,681
6389,674
6390,650
6391,631
6392,466
6393,695
6394,641
6395,734
6396,854
6397,651
6398,0
6399,646
6400,647
6401,617
6402,601
6403,636
6404,610
6405,744
6406,584
6407,513
6408,9
6409,671
6410,635
6411,617
6412,468
6413,646
6414,690
6415,615
6416,618
6417,617
6418,631
6419,385
6420,613
6421,600
6422,65
6423,604
6424,635
6425,607
6426,576
6427,634
6428,582
6429,785
6430,607
6431,510
6432,636
6433,725
6434,838
6435,663
6436,613
6437,618
6438,620
6439,659
6440,650
